ageb_key,cvegeo,area_km2,total_population,population_density_km2,eap_rate_pct,pop_0_2,pop_3_5,pop_6_11,pop_12_14,pop_15_17,pop_18_24,pop_25_59,pop_60_plus,share_60_plus_pct,share_under_18_pct,total_businesses,business_density_km2,businesses_per_1000,retail_density_km2,service_density_km2,dominant_sector_code,dominant_sector_name,total_crimes,crime_rate_per_1000,crimes_per_100_businesses,nom_mun,cve_mun
1,0900200010010,0.164249,3183,19379.113419259782,54.94963529003126,60.0,73.0,171.0,84.0,111.0,303.0,1565.0,816.0,25.636192271442034,15.6770342444235,167,1016.7489604198504,52.46622683003456,401.8289304653301,474.888736004481,46,Retail trade,49,15.394282123782595,29.34131736526946,Azcapotzalco,002
2,0900200010025,0.191898,5593,29145.691982198878,57.49395648670427,122.0,164.0,342.0,194.0,214.0,521.0,2743.0,1293.0,23.1181834435902,18.523153942428035,81,422.0992402213676,14.482388700160916,208.4440692451198,182.38856058947982,46,Retail trade,73,13.052029322367245,90.12345679012346,Azcapotzalco,002
3,090020001003A,0.186367,4235,22723.980103773738,57.43261275687217,88.0,131.0,269.0,157.0,180.0,425.0,2054.0,931.0,21.983471074380166,19.48051948051948,81,434.6263018667468,19.126328217237308,187.80148846093996,225.36178615312798,46,Retail trade,27,6.375442739079102,33.333333333333336,Azcapotzalco,002
4,0900200010044,0.21501,4768,22175.71275754616,57.33144743045733,110.0,141.0,275.0,166.0,175.0,487.0,2282.0,1132.0,23.741610738255034,18.183724832214764,100,465.0946467606158,20.973154362416107,232.5473233803079,181.38691223664014,46,Retail trade,43,9.018456375838927,43.0,Azcapotzalco,002
5,0900200010097,0.172227,2176,12634.488204520778,55.18462316641376,40.0,54.0,105.0,79.0,90.0,204.0,1042.0,562.0,25.827205882352942,16.91176470588235,89,516.7598576297561,40.900735294117645,185.80129712530555,307.73339836378733,46,Retail trade,53,24.356617647058822,59.550561797752806,Azcapotzalco,002
6,090020001010A,0.135701,3346,24657.150647379163,53.83602239051696,76.0,72.0,161.0,116.0,133.0,329.0,1597.0,862.0,25.76210400478183,16.676628810520025,110,810.6056698182033,32.8750747160789,390.5645500033161,338.98055283306684,46,Retail trade,49,14.644351464435147,44.54545454545455,Azcapotzalco,002
7,0900200010114,0.680592,9866,14496.203305357689,64.58481192334989,291.0,350.0,771.0,392.0,387.0,1150.0,5120.0,1405.0,14.240827082911007,22.207581593350902,165,242.43599689681923,16.724102979931075,91.09716247031996,95.50508968662577,46,Retail trade,186,18.85262517737685,112.72727272727273,Azcapotzalco,002
8,0900200010129,0.751183,5703,7592.0248461426845,66.72111065741119,174.0,209.0,422.0,198.0,215.0,637.0,3199.0,649.0,11.379975451516746,21.35718043135192,363,483.2377729527958,63.65071015255129,334.13961711061086,125.13595222469093,46,Retail trade,105,18.41136244082062,28.925619834710744,Azcapotzalco,002
9,0900200010133,0.305873,7288,23826.88239890412,61.57437218287186,246.0,271.0,558.0,316.0,334.0,868.0,3570.0,1125.0,15.436333699231614,23.669045005488474,210,686.5594544140869,28.814489571899013,349.8183886776538,215.77582853014158,46,Retail trade,75,10.290889132821075,35.714285714285715,Azcapotzalco,002
10,0900200010148,0.568868,2513,4417.545019231175,58.28138913624221,53.0,72.0,142.0,99.0,95.0,248.0,1253.0,551.0,21.92598487863112,18.344608038201354,105,184.57708994002124,41.78272980501393,40.43117208209989,112.50413101106057,46,Retail trade,37,14.723438121766813,35.23809523809524,Azcapotzalco,002
11,0900200010167,0.173595,3049,17563.86992712924,62.52856054836253,80.0,119.0,224.0,119.0,122.0,298.0,1598.0,489.0,16.038045260741228,21.777632010495243,202,1163.627984676978,66.25122991144637,414.75848958783376,553.0113194504451,46,Retail trade,76,24.926205313217448,37.62376237623762,Azcapotzalco,002
12,0900200010171,0.113384,2313,20399.70366189233,60.651029200574435,48.0,53.0,123.0,80.0,78.0,234.0,1190.0,507.0,21.91958495460441,16.515348032857762,28,246.94842305792704,12.105490704712494,52.91751922669865,158.75255768009595,46,Retail trade,36,15.56420233463035,128.57142857142858,Azcapotzalco,002
13,0900200010186,0.451722,11139,24658.97166841553,66.79540709812109,365.0,400.0,794.0,432.0,407.0,1108.0,6080.0,1553.0,13.942005566029266,21.527964808331088,406,898.7828797357666,36.4485142292845,413.971424902927,374.1239080673512,46,Retail trade,114,10.234311877188258,28.07881773399015,Azcapotzalco,002
14,0900200010190,0.443926,8920,20093.43899658952,66.81925189641643,308.0,356.0,610.0,301.0,335.0,897.0,4756.0,1357.0,15.213004484304932,21.41255605381166,230,518.1043687461424,25.7847533632287,198.23123673765448,232.02065209066376,46,Retail trade,126,14.125560538116591,54.78260869565217,Azcapotzalco,002
15,0900200010203,0.225283,5495,24391.543081368767,60.90526315789474,152.0,218.0,375.0,216.0,228.0,576.0,2770.0,960.0,17.470427661510463,21.637852593266604,359,1593.551222240471,65.33212010919017,865.5779619412028,559.2965292543157,46,Retail trade,73,13.284804367606915,20.33426183844011,Azcapotzalco,002
16,0900200010218,0.168944,4162,24635.38213846008,63.11787072243346,110.0,112.0,258.0,156.0,149.0,434.0,2121.0,822.0,19.7501201345507,18.86112445939452,206,1219.338952552325,49.49543488707352,479.4488114404773,585.9929917605834,46,Retail trade,70,16.818837097549256,33.980582524271846,Azcapotzalco,002
17,0900200010222,0.319036,7064,22141.701876904175,64.22123748563926,229.0,255.0,483.0,223.0,263.0,875.0,3688.0,1048.0,14.835787089467724,20.56908267270668,228,714.6528918366579,32.276330690826725,300.90648077332963,329.1164633458293,46,Retail trade,85,12.032842582106456,37.280701754385966,Azcapotzalco,002
18,0900200010237,0.562942,7093,12599.877074370006,65.22884425419822,221.0,268.0,530.0,279.0,308.0,785.0,3621.0,1081.0,15.240377837304385,22.642041449316228,388,689.236191295018,54.70181869448752,293.10301949401537,271.78643625808695,46,Retail trade,114,16.072183843225716,29.38144329896907,Azcapotzalco,002
19,0900200010256,0.265155,4894,18457.1288491637,60.50519357884797,113.0,190.0,353.0,212.0,218.0,482.0,2522.0,804.0,16.428279525950142,22.190437270126687,123,463.8796175821689,25.13281569268492,199.88308725085327,196.1117082461202,46,Retail trade,74,15.120555782590928,60.16260162601626,Azcapotzalco,002
20,0900200010260,0.177992,5027,28242.8423749382,61.7534370069867,115.0,152.0,317.0,170.0,207.0,471.0,2605.0,990.0,19.693654266958426,19.116769444997015,121,679.805833970066,24.070021881838073,337.0938019686278,264.0568115420918,46,Retail trade,77,15.317286652078774,63.63636363636363,Azcapotzalco,002
21,0900200010275,0.269287,7063,26228.521985836673,62.32520325203252,189.0,240.0,484.0,267.0,277.0,760.0,3667.0,1179.0,16.692623531077444,20.628628061730144,275,1021.2152833222547,38.93529661616876,456.76174490413575,419.62664369241736,46,Retail trade,136,19.25527396290528,49.45454545454545,Azcapotzalco,002
22,090020001028A,0.268889,3133,11651.648077831373,62.2887323943662,50.0,82.0,159.0,89.0,116.0,277.0,1618.0,742.0,23.683370571337377,15.831471433131185,72,267.76848439318826,22.981168209383977,89.25616146439609,85.53715473671292,46,Retail trade,39,12.448132780082988,54.166666666666664,Azcapotzalco,002
23,0900200010294,0.274541,6122,22299.037302260866,66.87185226636821,180.0,193.0,388.0,192.0,219.0,575.0,3240.0,1135.0,18.53969291081346,19.14407056517478,215,783.1252891189295,35.11924207775237,335.1047748787977,309.60767244236746,46,Retail trade,108,17.641293694870956,50.23255813953488,Azcapotzalco,002
24,0900200010307,0.220061,5718,25983.704518292656,63.35527628166766,160.0,165.0,380.0,204.0,252.0,621.0,2884.0,1052.0,18.39804127317244,20.30430220356768,90,408.9775107811016,15.739769150052465,177.22358800514402,168.1351988766751,46,Retail trade,81,14.165792235047219,90.0,Azcapotzalco,002
25,0900200010311,0.349033,3817,10935.928694421444,65.14609421586165,90.0,127.0,246.0,136.0,141.0,382.0,1923.0,772.0,20.225307833377,19.386953104532356,786,2251.936063352176,205.9208802724653,1197.594496795432,954.0645153896623,46,Retail trade,212,55.54100078595756,26.97201017811705,Azcapotzalco,002
26,0900200010326,0.235802,8373,35508.60467680512,67.85370548604428,250.0,284.0,566.0,307.0,339.0,891.0,4623.0,1113.0,13.292726621282695,20.852740953063417,142,602.2001509741224,16.95927385644333,216.28315281464958,245.96907574999364,46,Retail trade,106,12.659739639316852,74.64788732394366,Azcapotzalco,002
27,0900200010330,0.394682,2352,5959.227935401158,62.63345195729537,65.0,79.0,241.0,104.0,78.0,275.0,1107.0,403.0,17.1343537414966,24.107142857142858,114,288.8401295219949,48.46938775510204,76.01056040052498,169.75691822783912,72,Accommodation and food services,71,30.187074829931973,62.280701754385966,Azcapotzalco,002
28,0900200010345,0.339627,4283,12610.89371575287,58.31127580730545,119.0,133.0,252.0,167.0,167.0,403.0,2096.0,946.0,22.087321970581367,19.565724959140788,112,329.7735456839415,26.14989493345786,111.88745299990872,91.27660639466238,46,Retail trade,70,16.34368433341116,62.5,Azcapotzalco,002
29,090020001035A,1.382399,6325,4575.379467143712,65.0384193194292,201.0,214.0,444.0,263.0,279.0,729.0,3370.0,825.0,13.043478260869565,22.150197628458496,148,107.06026263039831,23.399209486166008,26.76506565759958,47.743090091934384,46,Retail trade,180,28.458498023715414,121.62162162162163,Azcapotzalco,002
30,0900200010364,0.150287,3407,22669.958146745892,60.1518653020799,74.0,96.0,208.0,128.0,136.0,359.0,1689.0,717.0,21.04490754329322,18.843557381860876,105,698.6632243640502,30.818902260052834,272.8113542754862,372.6203863274934,46,Retail trade,52,15.262694452597593,49.523809523809526,Azcapotzalco,002
31,0900200010379,0.227932,4525,19852.41212291385,59.223803363518755,130.0,123.0,271.0,171.0,167.0,423.0,2264.0,976.0,21.569060773480665,19.049723756906076,194,851.1310390818314,42.87292817679558,377.3055121702964,346.59459838899323,46,Retail trade,51,11.2707182320442,26.288659793814432,Azcapotzalco,002
32,0900200010383,0.174053,4040,23211.320689674983,63.8496325607688,86.0,123.0,293.0,135.0,151.0,416.0,2000.0,836.0,20.693069306930692,19.504950495049506,161,925.0056017419981,39.851485148514854,402.1763485834774,338.97720809178816,46,Retail trade,53,13.118811881188119,32.91925465838509,Azcapotzalco,002
33,0900200010398,0.192072,4230,22022.991378233164,65.48360877810892,112.0,155.0,272.0,153.0,150.0,387.0,2158.0,843.0,19.929078014184398,19.905437352245862,281,1462.9930442750635,66.43026004728132,489.3998084051814,739.3060935482528,46,Retail trade,62,14.657210401891254,22.06405693950178,Azcapotzalco,002
34,0900200010400,0.205557,3953,19230.675676333085,63.831001998287185,94.0,102.0,252.0,138.0,160.0,368.0,2021.0,818.0,20.69314444725525,18.871742980015178,600,2918.8984077409186,151.78345560333923,1858.3653195950515,865.9398609631392,46,Retail trade,58,14.672400708322792,9.666666666666666,Azcapotzalco,002
35,0900200010415,0.262219,4165,15883.669756958878,61.648648648648646,109.0,129.0,227.0,149.0,164.0,350.0,2120.0,917.0,22.016806722689076,18.679471788715485,191,728.3987811714635,45.85834333733494,190.68030920718942,358.4789813095161,46,Retail trade,87,20.888355342136855,45.54973821989529,Azcapotzalco,002
36,0900200010434,0.286354,2831,9886.364430041138,56.78724231816414,54.0,77.0,129.0,79.0,70.0,259.0,1372.0,791.0,27.940657011656658,14.447191805015896,112,391.1242727533054,39.56199222889438,143.17942127576356,206.0386793968305,46,Retail trade,82,28.965030024726246,73.21428571428571,Azcapotzalco,002
37,0900200010449,0.231763,2939,12681.057804740187,55.60729530461777,79.0,75.0,208.0,93.0,107.0,270.0,1406.0,701.0,23.851650221163663,19.122150391289555,83,358.12446335264906,28.24089826471589,107.8688142628461,198.47861824363682,46,Retail trade,57,19.394351820347058,68.67469879518072,Azcapotzalco,002
38,0900200010468,0.312732,4552,14555.593927068545,69.33333333333333,110.0,125.0,267.0,144.0,157.0,412.0,2547.0,790.0,17.35500878734622,17.64059753954306,447,1429.3388588312037,98.19859402460457,521.213051430618,793.0112684343144,46,Retail trade,206,45.254833040421794,46.085011185682326,Azcapotzalco,002
39,0900200010472,0.359018,6574,18311.05961260995,64.05419310581375,127.0,204.0,412.0,239.0,228.0,583.0,3600.0,1181.0,17.96470946151506,18.40584119257682,315,877.3933340389618,47.91603285670824,270.18143937072796,495.7968681236038,46,Retail trade,174,26.467903863705505,55.23809523809524,Azcapotzalco,002
40,0900200010487,0.212659,4207,19782.844836099106,63.0358587220275,105.0,129.0,264.0,152.0,143.0,437.0,2141.0,836.0,19.87164250059425,18.8495364868077,187,879.3420452461453,44.44972664606608,315.05837984754936,413.80802129230364,46,Retail trade,122,28.99928690278108,65.24064171122994,Azcapotzalco,002
41,0900200010491,0.330028,6312,19125.649944853165,62.81227694503926,144.0,190.0,374.0,210.0,221.0,673.0,3240.0,1260.0,19.96197718631179,18.044993662864385,244,739.3312082611172,38.656527249683144,306.0346394851346,324.2149150981129,46,Retail trade,96,15.209125475285171,39.34426229508197,Azcapotzalco,002
42,0900200010504,0.316691,4754,15011.478065369714,62.62626262626263,91.0,132.0,274.0,117.0,156.0,413.0,2522.0,1049.0,22.06562894404712,16.196886832141356,201,634.6880713376762,42.28018510727808,145.25199642553784,375.76059944867393,46,Retail trade,98,20.614219604543543,48.756218905472636,Azcapotzalco,002
43,0900200010519,0.240228,2409,10027.973425246017,59.054373522458626,65.0,71.0,158.0,91.0,89.0,230.0,1215.0,490.0,20.340390203403903,19.676214196762142,120,499.52545082171935,49.813200498132005,162.3457715170588,266.4135737715837,46,Retail trade,93,38.605230386052305,77.5,Azcapotzalco,002
44,0900200010542,0.403132,6915,17153.190518242165,69.16337399072324,224.0,323.0,547.0,245.0,251.0,564.0,3937.0,824.0,11.916124367317426,22.99349240780911,322,798.7458202276177,46.56543745480839,379.528293462191,344.8002143218598,46,Retail trade,185,26.75343456254519,57.453416149068325,Azcapotzalco,002
45,0900200010557,0.207715,4475,21543.942421105843,65.33435818601076,112.0,130.0,330.0,164.0,186.0,430.0,2250.0,873.0,19.508379888268156,20.603351955307264,160,770.2862094697061,35.754189944134076,312.9287725970681,308.1144837878824,46,Retail trade,65,14.525139664804469,40.625,Azcapotzalco,002
46,0900200010561,0.149451,3454,23111.253855778818,62.94177044766072,119.0,116.0,248.0,134.0,134.0,340.0,1705.0,658.0,19.05037637521714,21.74290677475391,121,809.6299121451178,35.031847133757964,247.57278305263932,361.32244013087904,46,Retail trade,63,18.239722061378114,52.06611570247934,Azcapotzalco,002
47,0900200010576,0.146459,3168,21630.627001413366,66.00289645184648,89.0,117.0,200.0,116.0,116.0,305.0,1622.0,603.0,19.03409090909091,20.13888888888889,139,949.0710710847404,43.87626262626263,382.3595682068019,402.84311650359484,46,Retail trade,61,19.255050505050505,43.884892086330936,Azcapotzalco,002
48,0900200010580,0.212311,4220,19876.50192406423,64.21917808219177,124.0,157.0,289.0,152.0,189.0,427.0,2125.0,757.0,17.938388625592417,21.587677725118482,198,932.5941661053831,46.91943127962085,324.9949366730881,503.97765542058585,46,Retail trade,116,27.488151658767773,58.58585858585859,Azcapotzalco,002
49,0900200010595,0.211763,5116,24159.083503728223,66.03729603729603,166.0,214.0,446.0,219.0,213.0,543.0,2550.0,765.0,14.953088350273651,24.58952306489445,360,1700.0136945547617,70.36747458952307,873.6181485906415,609.171573882123,46,Retail trade,104,20.32838154808444,28.88888888888889,Azcapotzalco,002
50,0900200010608,0.177119,5135,28991.80776765903,67.81688520818956,179.0,230.0,379.0,233.0,237.0,636.0,2554.0,687.0,13.378773125608568,24.498539435248297,135,762.1994252451741,26.29016553067186,372.63083011986294,265.35831841869026,46,Retail trade,61,11.879259980525804,45.18518518518518,Azcapotzalco,002
51,0900200010612,0.16748,4333,25871.745880105085,65.66068515497552,150.0,161.0,344.0,201.0,203.0,506.0,2155.0,613.0,14.147242095545812,24.44034156473575,145,865.7750179125866,33.464112624048006,406.0186290900406,262.71793647002625,46,Retail trade,60,13.84721901684745,41.37931034482759,Azcapotzalco,002
52,0900200010627,0.195441,4912,25132.90455943226,65.01919385796545,168.0,201.0,375.0,196.0,217.0,595.0,2455.0,705.0,14.352605863192183,23.55456026058632,190,972.160396232111,38.68078175895766,358.1643565065672,363.2809901709467,46,Retail trade,76,15.472312703583063,40.0,Azcapotzalco,002
53,0900200010631,0.4395,5263,11974.971558589306,58.53711790393013,127.0,163.0,392.0,206.0,203.0,507.0,2599.0,1066.0,20.254607638229146,20.72962188865666,141,320.8191126279863,26.790803724111722,134.2434584755404,147.89533560864618,46,Retail trade,109,20.71062131863956,77.30496453900709,Azcapotzalco,002
54,0900200010650,0.451997,6499,14378.41401602223,60.77257889009793,182.0,216.0,485.0,238.0,255.0,663.0,3274.0,1186.0,18.24896137867364,21.172488075088474,336,743.3677657152592,51.70026157870441,334.0730137589409,314.16137717728213,46,Retail trade,137,21.080166179412217,40.773809523809526,Azcapotzalco,002
55,0900200010665,0.434143,7747,17844.35082449792,65.71513529586679,208.0,277.0,536.0,327.0,312.0,827.0,3980.0,1280.0,16.522524848328384,21.427649412675873,302,695.6233314829445,38.982832064024784,200.39480079144428,421.52009821648625,46,Retail trade,191,24.654705047115012,63.24503311258278,Azcapotzalco,002
56,090020001067A,0.398225,6226,15634.37755037981,65.54238833181404,158.0,176.0,407.0,199.0,208.0,559.0,3449.0,1070.0,17.18599421779634,18.438805011243172,155,389.2271956808337,24.895599100546097,92.91229832381191,195.8691694393873,46,Retail trade,137,22.00449726951494,88.38709677419355,Azcapotzalco,002
57,0900200010684,0.395035,3991,10102.902274482009,59.24475524475525,88.0,118.0,210.0,122.0,118.0,340.0,2085.0,910.0,22.80130293159609,16.436983212227513,228,577.1640487551736,57.128539213229764,134.16532712291317,364.5246623716886,46,Retail trade,95,23.803558005512404,41.666666666666664,Azcapotzalco,002
58,0900200010699,0.256812,2696,10497.951809105494,60.0,48.0,50.0,138.0,79.0,64.0,236.0,1379.0,702.0,26.038575667655785,14.057863501483679,162,630.8116443156862,60.089020771513354,159.6498605984144,397.1777019765432,46,Retail trade,92,34.124629080118694,56.79012345679013,Azcapotzalco,002
59,0900200010701,0.218988,2400,10959.504630390706,62.72727272727273,43.0,48.0,109.0,81.0,69.0,196.0,1245.0,609.0,25.375,14.583333333333334,167,762.5988638646867,69.58333333333333,219.19009260781414,484.0447878422562,46,Retail trade,71,29.583333333333332,42.51497005988024,Azcapotzalco,002
60,0900200010716,0.332293,3775,11360.455983123327,63.82789317507418,88.0,104.0,211.0,120.0,135.0,365.0,1926.0,826.0,21.880794701986755,17.43046357615894,293,881.7519478291748,77.6158940397351,331.0331544751168,451.40884701152294,46,Retail trade,138,36.556291390728475,47.098976109215016,Azcapotzalco,002
61,0900200010720,0.239431,2653,11080.436534951614,57.64657646576466,44.0,45.0,125.0,96.0,70.0,214.0,1292.0,767.0,28.910667169242366,14.323407463249152,124,517.8945082299284,46.73954014323407,129.4736270574821,334.125489180599,46,Retail trade,76,28.646814926498305,61.29032258064516,Azcapotzalco,002
62,090020001074A,0.175968,2850,16196.126568466994,61.519903498190594,79.0,102.0,170.0,93.0,85.0,276.0,1418.0,627.0,22.0,18.56140350877193,113,642.1622113111475,39.64912280701754,204.58265139116202,358.01963993453353,46,Retail trade,216,75.78947368421052,191.1504424778761,Azcapotzalco,002
63,0900200010754,0.100664,2282,22669.47468807121,64.18581418581418,54.0,80.0,146.0,87.0,69.0,207.0,1120.0,519.0,22.743207712532865,19.10604732690622,89,884.1293809107526,39.00087642418931,258.28498768179287,447.03170944925694,46,Retail trade,25,10.955302366345311,28.089887640449437,Azcapotzalco,002
64,0900200010769,0.544939,9195,16873.448220810034,70.60686684403902,320.0,342.0,640.0,342.0,299.0,816.0,5232.0,1204.0,13.094072865687874,21.1310494834149,204,374.3538267585913,22.185970636215334,122.94954114130205,161.48596448409822,46,Retail trade,186,20.22838499184339,91.17647058823529,Azcapotzalco,002
65,0900200010773,0.130293,2314,17759.971755965402,58.94788593903638,67.0,62.0,151.0,80.0,93.0,246.0,1119.0,496.0,21.43474503025065,19.576490924805533,216,1657.8020308074877,93.3448573898012,921.0011282263821,575.6257051414888,46,Retail trade,30,12.96456352636128,13.88888888888889,Azcapotzalco,002
66,0900200010788,0.237464,2450,10317.353367247246,64.83208955223881,59.0,79.0,162.0,65.0,87.0,221.0,1227.0,550.0,22.448979591836736,18.448979591836736,202,850.6552572179362,82.44897959183673,252.6698783815652,555.8737324394434,72,Accommodation and food services,131,53.46938775510204,64.85148514851485,Azcapotzalco,002
67,0900200010792,0.313662,4954,15794.071325184434,64.4667732358986,124.0,141.0,310.0,153.0,172.0,476.0,2552.0,1026.0,20.710536939846588,18.167137666532096,157,500.53879653894955,31.69156237383932,127.52580803540117,267.80419687434244,46,Retail trade,84,16.955995155429957,53.503184713375795,Azcapotzalco,002
68,0900200010805,0.156423,1996,12760.27182703311,66.51982378854626,41.0,59.0,80.0,52.0,52.0,156.0,1068.0,488.0,24.448897795591183,14.228456913827655,266,1700.5171873701438,133.26653306613227,517.8266623194799,1080.4037769381741,46,Retail trade,77,38.57715430861723,28.94736842105263,Azcapotzalco,002
69,090020001081A,0.192373,3761,19550.560629610183,63.814616755793224,100.0,86.0,209.0,110.0,136.0,272.0,2023.0,825.0,21.935655410795,17.043339537357085,121,628.9863962198438,32.172294602499335,145.55057102607955,395.0658356422159,46,Retail trade,78,20.73916511566073,64.46280991735537,Azcapotzalco,002
70,0900200010824,0.447261,3028,6770.096207807074,63.745318352059925,77.0,88.0,193.0,107.0,102.0,283.0,1595.0,583.0,19.253632760898284,18.725231175693526,189,422.57205524291186,62.41743725231176,98.37656312533397,234.7622529127288,72,Accommodation and food services,72,23.778071334214,38.095238095238095,Azcapotzalco,002
71,0900200010839,0.223063,3004,13467.04742606349,61.024337086814384,43.0,73.0,126.0,83.0,71.0,231.0,1552.0,825.0,27.463382157123835,13.182423435419441,345,1546.648256322205,114.84687083888149,632.108417801249,838.3281853108763,46,Retail trade,54,17.976031957390145,15.652173913043478,Azcapotzalco,002
72,0900200010843,0.26739,3643,13624.294102247653,62.68387871510057,76.0,69.0,167.0,102.0,110.0,285.0,1883.0,951.0,26.104858632994784,14.383749656876201,100,373.9855641572235,27.449903925336262,93.49639103930588,220.6514828527619,81,Other services (except government),75,20.587427944002197,75.0,Azcapotzalco,002
73,0900200010858,0.243677,4395,18036.170832700664,61.52247336970642,105.0,135.0,286.0,165.0,154.0,419.0,2273.0,858.0,19.522184300341298,19.226393629124004,246,1009.5331114549177,55.972696245733786,467.8324175034985,418.5868998715513,46,Retail trade,72,16.38225255972696,29.26829268292683,Azcapotzalco,002
74,0900200010877,2.036757,821,403.09177776239386,63.1578947368421,19.0,31.0,68.0,44.0,31.0,81.0,428.0,119.0,14.494518879415347,23.50791717417783,639,313.7340389648839,778.3191230207065,109.97875544308918,117.83438083188128,46,Retail trade,255,310.5968331303289,39.906103286384976,Azcapotzalco,002
75,0900200010881,1.926992,5207,2702.1388775874525,61.24716553287982,175.0,216.0,370.0,207.0,248.0,589.0,2603.0,799.0,15.34472825043211,23.353178413673902,399,207.0584621005173,76.62761666986749,48.78069031942011,76.80364007738486,46,Retail trade,197,37.83368542346841,49.3734335839599,Azcapotzalco,002
76,0900200010896,0.053358,1532,28711.720829116533,61.97802197802198,39.0,39.0,89.0,45.0,44.0,145.0,786.0,345.0,22.519582245430808,16.710182767624023,2,37.48266426777615,1.3054830287206265,18.741332133888076,18.741332133888076,46,Retail trade,5,3.2637075718015667,250.0,Azcapotzalco,002
77,0900200010909,0.074431,1810,24317.824562346334,58.35922933499068,40.0,33.0,128.0,45.0,65.0,149.0,885.0,465.0,25.69060773480663,17.18232044198895,2,26.870524378283243,1.1049723756906078,0.0,26.870524378283243,61,Educational services,17,9.392265193370166,850.0,Azcapotzalco,002
78,0900200010913,0.13663,3311,24233.330893654394,58.03267528931246,71.0,90.0,212.0,120.0,135.0,292.0,1646.0,745.0,22.500755058894594,18.96707943219571,50,365.9518407377589,15.101177891875567,175.65688355412428,168.3378467393691,46,Retail trade,26,7.852612503775294,52.0,Azcapotzalco,002
79,0900200010928,0.994222,1841,1851.6991175009202,69.14893617021276,80.0,79.0,178.0,68.0,88.0,212.0,939.0,197.0,10.700706137968496,26.778924497555675,413,415.4001822530582,224.33460076045628,194.12163480590854,194.12163480590854,46,Retail trade,257,139.59804454101032,62.22760290556901,Azcapotzalco,002
80,0900200010932,0.66609,408,612.5298383101383,61.36363636363637,11.0,17.0,28.0,19.0,18.0,37.0,188.0,90.0,22.058823529411764,22.794117647058822,104,156.13505682415288,254.90196078431373,19.51688210301911,106.59220225495054,52,Finance and insurance,36,88.23529411764706,34.61538461538461,Azcapotzalco,002
81,0900200010947,0.113633,4456,39213.960733237705,62.991518889745564,103.0,154.0,308.0,175.0,153.0,475.0,2289.0,799.0,17.930879712746858,20.04039497307002,73,642.4190156028618,16.382405745062837,360.8106799961279,255.20755414360266,46,Retail trade,25,5.6104129263913824,34.24657534246575,Azcapotzalco,002
82,0900200010966,0.237796,2047,8608.218809399654,51.54419595314164,24.0,36.0,109.0,61.0,57.0,139.0,917.0,704.0,34.39179286761114,14.020517830972155,73,306.98581977829735,35.6619443087445,109.33741526350317,164.00612289525475,46,Retail trade,52,25.403028822667316,71.23287671232876,Azcapotzalco,002
83,0900200010970,0.220869,2953,13369.916104116013,56.554590102002265,56.0,75.0,175.0,106.0,129.0,309.0,1476.0,627.0,21.23264476803251,18.320352184219438,71,321.4575155408862,24.04334575008466,81.49627154557679,221.8509614296257,72,Accommodation and food services,72,24.381984422621063,101.40845070422536,Azcapotzalco,002
84,0900200010985,0.09331,2334,25013.396206194408,61.31037780966045,64.0,51.0,128.0,85.0,87.0,199.0,1176.0,544.0,23.307626392459298,17.78063410454156,32,342.94287857678705,13.710368466152527,160.75447433286894,150.03750937734435,46,Retail trade,30,12.853470437017995,93.75,Azcapotzalco,002
85,090020001099A,0.064319,1337,20787.014723487617,64.34176111595467,36.0,54.0,100.0,56.0,44.0,125.0,691.0,231.0,17.277486910994764,21.690351533283472,40,621.9002161103251,29.917726252804787,186.57006483309752,295.4026026524044,46,Retail trade,18,13.462976813762154,45.0,Azcapotzalco,002
86,0900200011004,0.330591,7559,22865.11127042176,68.58427663203598,221.0,283.0,606.0,295.0,303.0,845.0,4051.0,955.0,12.633946289191693,22.595581426114567,275,831.8435771088747,36.380473607620054,447.68308877132165,278.2894876146054,46,Retail trade,100,13.229263130043657,36.36363636363637,Azcapotzalco,002
87,0900200011019,0.077403,1689,21820.859656602457,66.75862068965517,44.0,63.0,131.0,67.0,63.0,166.0,857.0,298.0,17.64357608052102,21.788040260509177,20,258.3879177809646,11.841326228537596,155.03275066857873,90.4357712233376,46,Retail trade,22,13.025458851391356,110.0,Azcapotzalco,002
88,0900200011023,0.674725,7644,11329.059987402276,69.04411764705883,221.0,232.0,391.0,232.0,254.0,701.0,4390.0,1223.0,15.999476713762428,17.399267399267398,292,432.7689058505317,38.199895342752484,142.28018822483233,158.58312645892772,46,Retail trade,160,20.931449502878074,54.794520547945204,Azcapotzalco,002
89,0900200011038,0.337433,7053,20901.927197399185,65.03067484662577,252.0,329.0,584.0,317.0,318.0,783.0,3511.0,959.0,13.597050900326103,25.52105487026797,162,480.095307809254,22.968949383241174,237.08410262185382,148.17756413865862,46,Retail trade,90,12.760527435133985,55.55555555555556,Azcapotzalco,002
90,0900200011042,0.316419,5802,18336.44629431229,63.67667808909494,204.0,208.0,429.0,255.0,247.0,635.0,2951.0,873.0,15.046535677352637,23.147190623922786,133,420.32874132084356,22.923129955187868,199.1030879940838,151.69759085263527,46,Retail trade,84,14.477766287487073,63.1578947368421,Azcapotzalco,002
91,0900200011057,0.212865,2418,11359.312240152209,58.234758871701544,39.0,56.0,125.0,76.0,85.0,181.0,1208.0,648.0,26.799007444168733,15.75682382133995,115,540.2485143165857,47.55996691480563,98.6540765273765,385.2206797735654,72,Accommodation and food services,49,20.264681555004135,42.608695652173914,Azcapotzalco,002
92,0900200011061,0.055148,1719,31170.668020599114,56.44847699287103,40.0,49.0,87.0,53.0,47.0,147.0,854.0,442.0,25.712623618382782,16.05584642233857,18,326.39442953506926,10.471204188481675,126.93116704141583,163.19721476753463,46,Retail trade,11,6.399069226294357,61.111111111111114,Azcapotzalco,002
93,0900200011076,0.364791,1,2.7412957008259524,,,,,,,,,,,,39,106.91053233221214,39000.0,52.08461831569309,32.89554840991143,46,Retail trade,17,17000.0,43.58974358974359,Azcapotzalco,002
94,0900200011080,0.210142,5000,23793.43491543813,68.71535309713184,208.0,222.0,421.0,206.0,193.0,398.0,2919.0,433.0,8.66,25.0,54,256.96909708673184,10.8,57.10424379705152,147.51929647571643,46,Retail trade,63,12.6,116.66666666666667,Azcapotzalco,002
95,0900200011095,0.274334,7035,25643.92310103742,65.93605800922874,241.0,233.0,492.0,271.0,286.0,751.0,3797.0,964.0,13.702914001421464,21.648898365316274,189,688.9412176398113,26.865671641791046,408.2614623050734,215.0663060357083,46,Retail trade,82,11.656005685856432,43.386243386243386,Azcapotzalco,002
96,0900200011112,0.153787,4239,27564.098395833196,65.53202894666309,97.0,141.0,270.0,154.0,142.0,402.0,2362.0,671.0,15.829205001179524,18.966737438075018,139,903.8475293750447,32.790752535975464,435.6675141591942,357.63751162321915,46,Retail trade,14,3.302665723047889,10.071942446043165,Azcapotzalco,002
97,0900200011127,0.132892,2837,21348.162417602263,65.89733386390768,69.0,100.0,155.0,103.0,109.0,285.0,1545.0,471.0,16.60204441311244,18.893197039125837,12,90.29888932366131,4.229820232640113,52.674352105469104,37.624537218192216,46,Retail trade,4,1.4099400775467044,33.333333333333336,Azcapotzalco,002
98,0900200011131,0.081662,2543,31140.55497048811,58.333333333333336,61.0,51.0,115.0,64.0,85.0,285.0,1265.0,617.0,24.262681871804954,14.78568619740464,5,61.22798853812055,1.9661816751867873,36.73679312287233,12.245597707624109,46,Retail trade,23,9.044435705859222,460.0,Azcapotzalco,002
99,0900200011146,0.073539,927,12605.556235466895,59.785202863961814,13.0,27.0,49.0,21.0,26.0,85.0,460.0,246.0,26.537216828478964,14.670981661272924,17,231.1698554508492,18.338727076591155,67.99113395613212,122.38404112103781,46,Retail trade,28,30.204962243797194,164.7058823529412,Azcapotzalco,002
100,0900200011150,0.196613,3486,17730.261986745536,67.77969018932875,134.0,144.0,303.0,127.0,165.0,382.0,1927.0,304.0,8.720596672403902,25.04302925989673,42,213.617614298139,12.048192771084338,122.06720817036513,76.29200510647821,46,Retail trade,31,8.89271371199082,73.80952380952381,Azcapotzalco,002
101,0900200011165,1.684707,400,237.43001008483967,68.20987654320987,14.0,26.0,36.0,14.0,14.0,50.0,201.0,45.0,11.25,26.0,478,283.72886205138343,1195.0,112.18567976508675,100.90775428605686,46,Retail trade,190,475.0,39.7489539748954,Azcapotzalco,002
102,090020001117A,0.071953,1602,22264.533792892584,57.122708039492245,37.0,45.0,102.0,50.0,44.0,128.0,830.0,366.0,22.846441947565545,17.35330836454432,2,27.795922338192987,1.2484394506866416,0.0,13.897961169096494,56,Business support and waste management,20,12.484394506866417,1000.0,Azcapotzalco,002
103,0900200011184,0.048627,1433,29469.22491619882,55.7943207981581,24.0,37.0,69.0,50.0,45.0,146.0,755.0,307.0,21.423586880669923,15.7013258897418,1,20.564706850103853,0.6978367062107467,20.564706850103853,0.0,46,Retail trade,30,20.935101186322402,3000.0,Azcapotzalco,002
104,0900300010018,0.694315,1658,2387.9651166977524,60.69553805774278,24.0,43.0,67.0,31.0,50.0,107.0,777.0,559.0,33.715319662243665,12.967430639324487,188,270.77047161590923,113.38962605548853,99.37852415690284,142.58657813816495,46,Retail trade,116,69.96381182147165,61.702127659574465,Coyoacán,003
105,0900300010022,0.260314,1569,6027.336217030202,61.186903137789905,21.0,25.0,57.0,31.0,32.0,136.0,770.0,497.0,31.676226896112173,10.579987253027406,130,499.39688222684913,82.855321861058,92.19634748803368,376.46841890947087,72,Accommodation and food services,110,70.10834926704908,84.61538461538461,Coyoacán,003
106,0900300010037,0.295624,1428,4830.460314453495,59.79782270606532,32.0,31.0,79.0,38.0,40.0,101.0,665.0,442.0,30.952380952380953,15.406162464985995,446,1508.673179444159,312.3249299719888,869.3475495900198,575.0547993397017,46,Retail trade,128,89.63585434173669,28.699551569506728,Coyoacán,003
107,0900300010041,0.456389,3006,6586.486527939981,65.48042704626334,49.0,50.0,84.0,54.0,68.0,241.0,1561.0,899.0,29.906852960745177,10.146373918829008,195,427.2670901358271,64.87025948103792,98.60009772365241,282.65361347447026,46,Retail trade,119,39.587491683300065,61.02564102564103,Coyoacán,003
108,0900300010056,0.471997,3895,8252.171094307803,63.85029770343068,73.0,83.0,212.0,86.0,107.0,360.0,1941.0,1033.0,26.521181001283697,14.403080872913993,186,394.0703012942879,47.753530166880616,114.40750682737391,241.52695885778934,46,Retail trade,170,43.64569961489089,91.39784946236558,Coyoacán,003
109,0900300010060,0.52664,4299,8163.071547926477,61.77835051546392,105.0,107.0,207.0,149.0,156.0,413.0,2101.0,1061.0,24.680158176320074,16.841125843219352,306,581.0420780799028,71.17934403349616,244.94911134741,288.62220871942884,46,Retail trade,133,30.937427308676437,43.4640522875817,Coyoacán,003
110,0900300010075,1.230481,2825,2295.8501594092068,64.58966565349544,40.0,59.0,94.0,65.0,98.0,274.0,1406.0,789.0,27.92920353982301,12.601769911504425,111,90.20862573253874,39.29203539823009,18.69187740403956,65.82791607509584,46,Retail trade,119,42.123893805309734,107.2072072072072,Coyoacán,003
111,090030001008A,0.275872,2297,8326.325252290917,54.96503496503497,35.0,35.0,82.0,52.0,61.0,231.0,1081.0,720.0,31.34523291249456,11.536787113626469,17,61.62278157986312,7.400957771005659,3.624869504697831,50.748173065769635,81,Other services (except government),58,25.25032651284284,341.1764705882353,Coyoacán,003
112,0900300010094,0.31826,3531,11094.702444542198,57.719351880158975,43.0,72.0,134.0,75.0,88.0,295.0,1796.0,1028.0,29.113565562163693,11.668082696120079,75,235.65638157481305,21.240441801189466,43.989191227298434,175.95676490919374,72,Accommodation and food services,62,17.558765222316623,82.66666666666667,Coyoacán,003
113,0900300010107,0.483331,6992,14466.27673374975,61.19520655944497,147.0,182.0,321.0,186.0,197.0,646.0,3555.0,1758.0,25.143020594965677,14.774027459954233,320,662.0721617276773,45.76659038901602,225.51833008849007,335.1740318746366,46,Retail trade,135,19.30778032036613,42.1875,Coyoacán,003
114,0900300010111,0.381059,1380,3621.486436483589,62.27450980392157,18.0,18.0,69.0,60.0,52.0,93.0,558.0,512.0,37.10144927536232,15.72463768115942,88,230.9353669641709,63.768115942028984,39.3639830052564,162.70446308839314,62,Health care and social assistance,100,72.46376811594203,113.63636363636364,Coyoacán,003
115,0900300010126,0.385055,1803,4682.447961979457,64.65256797583082,24.0,43.0,79.0,56.0,54.0,141.0,859.0,547.0,30.33832501386578,14.198557958957293,137,355.79332822583785,75.98447032723239,93.49313734401579,231.13581176715016,46,Retail trade,118,65.44647809206877,86.13138686131387,Coyoacán,003
116,0900300010130,0.413051,2171,5256.009548457697,60.47094188376754,36.0,39.0,100.0,45.0,51.0,154.0,1032.0,714.0,32.88807001381851,12.482726853984339,735,1779.441279648276,338.5536619069553,769.88071690905,573.7790248661787,46,Retail trade,200,92.12344541685859,27.210884353741495,Coyoacán,003
117,0900300010145,0.380303,2090,5495.617967778324,64.48744769874477,36.0,47.0,95.0,46.0,71.0,171.0,1023.0,601.0,28.75598086124402,14.114832535885167,242,636.3347120585428,115.78947368421052,160.39841915525253,428.6056118410846,72,Accommodation and food services,190,90.9090909090909,78.51239669421487,Coyoacán,003
118,090030001015A,0.577231,5065,8774.65001013459,63.364204178332976,78.0,112.0,232.0,127.0,146.0,444.0,2621.0,1305.0,25.765054294175716,13.721618953603159,210,363.8058247044944,41.46100691016782,81.42320838624399,232.1427643352488,46,Retail trade,169,33.36623889437315,80.47619047619048,Coyoacán,003
119,0900300010164,0.652218,2900,4446.366092318826,65.01700037778618,63.0,64.0,126.0,105.0,91.0,218.0,1496.0,737.0,25.413793103448278,15.482758620689655,571,875.4741512807068,196.89655172413794,380.24096237760995,420.10493423977874,46,Retail trade,208,71.72413793103448,36.42732049036778,Coyoacán,003
120,0900300010179,0.233104,2198,9429.267623035212,61.90243902439025,23.0,42.0,82.0,53.0,80.0,195.0,1114.0,609.0,27.70700636942675,12.738853503184714,59,253.1059098084975,26.84258416742493,55.76909877136386,180.17708833825245,46,Retail trade,58,26.387625113739762,98.30508474576271,Coyoacán,003
121,0900300010183,0.261629,2789,10660.13324211001,66.53666146645865,55.0,60.0,110.0,63.0,76.0,202.0,1512.0,711.0,25.4930082466834,13.051272857655073,139,531.2866692912482,49.83865184653998,114.66618761681617,378.3984191354934,81,Other services (except government),74,26.532807457870206,53.23741007194245,Coyoacán,003
122,0900300010198,0.307574,1649,5361.311424242621,57.65407554671968,23.0,39.0,78.0,48.0,49.0,117.0,809.0,486.0,29.472407519708913,14.372346876895088,65,211.33125686826585,39.41782898726501,97.53750316996886,104.04000338130011,46,Retail trade,21,12.734990903577925,32.30769230769231,Coyoacán,003
123,0900300010200,0.364326,5523,15159.500008234383,67.12823600240819,106.0,149.0,285.0,142.0,169.0,523.0,2939.0,1210.0,21.90838312511316,15.408292594604381,89,244.28671025400328,16.114430563099763,68.6198624308998,156.45328634245155,46,Retail trade,79,14.303820387470578,88.76404494382022,Coyoacán,003
124,0900300010215,0.359113,6100,16986.296792374545,66.58054991695884,130.0,185.0,366.0,196.0,229.0,536.0,3370.0,1088.0,17.83606557377049,18.131147540983605,3,8.35391645526617,0.4918032786885246,0.0,8.35391645526617,61,Educational services,68,11.147540983606557,2266.6666666666665,Coyoacán,003
125,090030001022A,0.473571,8705,18381.61542830959,65.81680830972616,282.0,334.0,676.0,351.0,365.0,902.0,4466.0,1329.0,15.267087880528432,23.067202757036185,287,606.0337309505861,32.96955772544515,247.05904711225983,274.5100523469554,46,Retail trade,84,9.649626651349799,29.26829268292683,Coyoacán,003
126,0900300010234,0.162606,710,4366.382544309558,67.39469578783151,19.0,14.0,36.0,22.0,22.0,56.0,334.0,207.0,29.154929577464788,15.915492957746478,99,608.8336223755581,139.43661971830986,166.04553337515222,368.99007416700493,46,Retail trade,153,215.49295774647888,154.54545454545453,Coyoacán,003
127,0900300010249,0.181089,740,4086.3884609225297,61.8978102189781,8.0,14.0,33.0,22.0,27.0,75.0,378.0,183.0,24.72972972972973,14.054054054054054,273,1507.5460132862847,368.9189189189189,723.4012005146641,723.4012005146641,46,Retail trade,130,175.67567567567568,47.61904761904762,Coyoacán,003
128,0900300010268,0.164746,1305,7921.284887038229,62.80388978930308,14.0,21.0,36.0,27.0,25.0,119.0,623.0,440.0,33.71647509578544,9.425287356321839,118,716.2541123911961,90.42145593869732,200.3083534653345,479.5260582958008,46,Retail trade,78,59.770114942528735,66.10169491525424,Coyoacán,003
129,0900300010272,0.465925,3327,7140.63422224607,60.87673038892551,60.0,67.0,166.0,92.0,95.0,297.0,1534.0,1016.0,30.538022242260293,14.42741208295762,31,66.53431346246714,9.31770363691013,15.02387723346032,42.92536352417235,46,Retail trade,83,24.947400060114216,267.741935483871,Coyoacán,003
130,0900300010287,0.648708,8213,12660.549893018122,63.25830359593741,206.0,232.0,489.0,285.0,310.0,769.0,4193.0,1729.0,21.051990746377694,18.5315962498478,164,252.81020119992354,19.968342871058077,90.95001140728957,129.48815183410719,46,Retail trade,233,28.36965785949105,142.0731707317073,Coyoacán,003
131,0900300010291,0.349462,4212,12052.812609096269,66.7459059693608,95.0,112.0,219.0,123.0,138.0,350.0,2274.0,901.0,21.391263057929724,16.31054131054131,149,426.36967681750804,35.37511870845204,108.7385752957403,240.3694822326891,46,Retail trade,137,32.52611585944919,91.94630872483222,Coyoacán,003
132,0900300010304,0.309678,1968,6354.9880843973415,62.347729789590254,30.0,39.0,93.0,42.0,56.0,215.0,984.0,509.0,25.86382113821138,13.211382113821138,218,703.9570134139332,110.77235772357723,268.0203307952131,361.6659885429381,46,Retail trade,123,62.5,56.42201834862385,Coyoacán,003
133,0900300010319,0.239369,2494,10419.06011221169,62.25919439579685,47.0,58.0,104.0,77.0,92.0,210.0,1268.0,638.0,25.58139534883721,15.156375300721733,155,647.5358129081043,62.14915797914996,200.52721948121936,380.16618693314507,46,Retail trade,194,77.78668805132318,125.16129032258064,Coyoacán,003
134,0900300010323,0.219272,2398,10936.18884308074,55.515533543448896,30.0,55.0,92.0,54.0,63.0,239.0,1174.0,691.0,28.815679733110926,12.26021684737281,66,300.99602320405705,27.522935779816514,95.77146192856361,177.861286438761,46,Retail trade,66,27.522935779816514,100.0,Coyoacán,003
135,0900300010342,0.374805,3376,9007.350488920905,58.044871794871796,52.0,66.0,138.0,95.0,86.0,318.0,1593.0,1028.0,30.450236966824644,12.94431279620853,35,93.38189191713025,10.367298578199053,21.3444324382012,50.69302704072785,46,Retail trade,54,15.995260663507109,154.28571428571428,Coyoacán,003
136,0900300010357,0.229528,4074,17749.468474434492,65.46640204139496,131.0,149.0,267.0,148.0,169.0,477.0,2111.0,622.0,15.267550319096712,21.207658321060382,209,910.5642884528249,51.300932744231716,413.8928583876477,396.4657906660625,46,Retail trade,72,17.673048600883654,34.44976076555024,Coyoacán,003
137,0900300010361,0.124237,1977,15913.133768523065,58.71459694989107,35.0,41.0,65.0,42.0,62.0,227.0,1010.0,495.0,25.03793626707132,12.392513909964594,48,386.35833125397426,24.279210925644918,112.68784661574249,233.42482513260944,46,Retail trade,28,14.162873039959534,58.333333333333336,Coyoacán,003
138,0900300010376,0.035868,1268,35351.84565629531,64.02997502081598,9.0,25.0,33.0,27.0,21.0,148.0,652.0,353.0,27.839116719242902,9.069400630914826,35,975.800156128025,27.602523659305994,334.5600535296086,641.2401025984165,46,Retail trade,1,0.7886435331230284,2.857142857142857,Coyoacán,003
139,0900300010380,0.149117,2851,19119.215112964986,63.697353708535225,43.0,31.0,94.0,52.0,57.0,324.0,1515.0,735.0,25.78042792002806,9.71588916169765,59,395.66246638545573,20.694493160294634,114.00443946699572,274.95188342040143,46,Retail trade,78,27.35882146615223,132.20338983050848,Coyoacán,003
140,0900300010395,0.066494,2301,34604.625981291545,62.20508166969147,31.0,21.0,44.0,21.0,35.0,401.0,1247.0,501.0,21.773142112125164,6.605823554976097,14,210.54531235900984,6.084311169056932,105.27265617950492,105.27265617950492,46,Retail trade,33,14.341590612777054,235.71428571428572,Coyoacán,003
141,0900300010408,0.102909,1576,15314.501161220107,58.07099799062291,19.0,19.0,45.0,16.0,26.0,232.0,813.0,406.0,25.761421319796955,7.931472081218274,30,291.51969215520506,19.03553299492386,116.60787686208204,174.91181529312306,46,Retail trade,21,13.3248730964467,70.0,Coyoacán,003
142,0900300010412,0.11852,3853,32509.281133985824,57.70718232044199,48.0,46.0,139.0,88.0,73.0,526.0,1882.0,1051.0,27.277446145860367,10.225798079418635,28,236.2470469119136,7.267064624967558,101.24873439082012,126.56091798852515,46,Retail trade,18,4.671684401764859,64.28571428571429,Coyoacán,003
143,0900300010427,0.425144,2116,4977.137158233446,61.253263707571804,41.0,46.0,112.0,52.0,62.0,222.0,959.0,622.0,29.395085066162572,14.792060491493384,22,51.74717272265397,10.396975425330814,9.40857685866436,35.28216321999135,46,Retail trade,41,19.376181474480152,186.36363636363637,Coyoacán,003
144,0900300010431,0.39708,5344,13458.24518988617,60.14554794520548,151.0,168.0,352.0,174.0,203.0,683.0,2660.0,953.0,17.83308383233533,19.610778443113773,125,314.7980255867835,23.39071856287425,98.21698398307646,158.6582048957389,46,Retail trade,90,16.84131736526946,72.0,Coyoacán,003
145,0900300010446,0.33666,5501,16339.927523317294,65.63651248465003,119.0,161.0,335.0,197.0,204.0,615.0,2855.0,1015.0,18.451190692601344,18.469369205598984,88,261.3913146794986,15.997091437920378,112.87352224796531,133.66601318837996,46,Retail trade,111,20.17814942737684,126.13636363636364,Coyoacán,003
146,0900300010450,0.514614,6576,12778.509717963367,63.676371022342586,107.0,170.0,389.0,224.0,239.0,718.0,3327.0,1402.0,21.319951338199512,17.168491484184916,276,536.3243129802142,41.97080291970803,198.20681131877484,258.4461363274221,46,Retail trade,175,26.611922141119223,63.405797101449274,Coyoacán,003
147,0900300010465,0.272155,1476,5423.380059157465,58.582089552238806,27.0,34.0,75.0,25.0,23.0,113.0,715.0,464.0,31.43631436314363,12.466124661246612,69,253.53199463540997,46.7479674796748,51.4412742738513,165.34695302309345,81,Other services (except government),69,46.7479674796748,100.0,Coyoacán,003
148,0900300010484,0.126935,1003,7901.681963209517,60.27837259100642,17.0,14.0,38.0,23.0,26.0,74.0,522.0,289.0,28.8135593220339,11.764705882352942,30,236.34143459250797,29.91026919242273,102.41462165675345,110.29266947650372,46,Retail trade,22,21.93419740777667,73.33333333333333,Coyoacán,003
149,0900300010499,0.212062,2502,11798.436306363234,54.49510012782275,37.0,37.0,81.0,69.0,71.0,217.0,1181.0,809.0,32.33413269384492,11.79056754596323,76,358.3857551093548,30.37569944044764,80.16523469551358,240.49570408654074,46,Retail trade,64,25.579536370903277,84.21052631578948,Coyoacán,003
150,0900300010501,0.289448,3477,12012.520383626765,58.26032540675845,73.0,61.0,147.0,96.0,121.0,294.0,1709.0,976.0,28.07017543859649,14.322691975841243,195,673.6961388574114,56.082830025884384,224.5653796191371,393.8531273320251,46,Retail trade,47,13.51740005752085,24.102564102564102,Coyoacán,003
151,0900300010516,0.183954,1436,7806.2994009371905,60.577673692427794,35.0,38.0,82.0,48.0,50.0,134.0,686.0,363.0,25.278551532033426,17.618384401114206,223,1212.2595866357894,155.2924791086351,706.6984137338683,445.7636148167477,46,Retail trade,81,56.4066852367688,36.32286995515695,Coyoacán,003
152,0900300010520,0.170981,2615,15294.097004930372,66.57917760279965,66.0,81.0,182.0,85.0,96.0,253.0,1282.0,570.0,21.797323135755256,19.502868068833653,69,403.5536112199601,26.38623326959847,128.66926734549452,233.9441224463537,81,Other services (except government),66,25.239005736137667,95.65217391304348,Coyoacán,003
153,0900300010535,0.35588,7676,21569.068225244464,66.85767384234164,272.0,328.0,619.0,331.0,332.0,849.0,3929.0,1016.0,13.236060448150079,24.517978113600833,239,671.5746880971113,31.13600833767587,314.7128245476003,258.514105878386,46,Retail trade,108,14.069828035435123,45.18828451882845,Coyoacán,003
154,090030001054A,0.268858,784,2916.0374621547435,61.29032258064516,5.0,13.0,20.0,14.0,12.0,95.0,408.0,217.0,27.678571428571427,8.16326530612245,336,1249.7303409234614,428.57142857142856,256.6410521539251,821.9952540002529,72,Accommodation and food services,150,191.3265306122449,44.642857142857146,Coyoacán,003
155,0900300010554,0.250493,4591,18327.857465078865,66.6259765625,104.0,124.0,267.0,138.0,142.0,555.0,2481.0,780.0,16.989762578958832,16.880853844478327,138,550.9135983839868,30.058810716619472,175.6536110789523,319.3702019617315,46,Retail trade,71,15.465040296231757,51.44927536231884,Coyoacán,003
156,0900300010573,0.653428,12827,19630.31887216342,68.44140660131306,336.0,416.0,956.0,553.0,538.0,1447.0,6771.0,1810.0,14.110859904888127,21.821158493802137,379,580.0179973922146,29.547049193108286,252.51443158236256,267.81833652674817,46,Retail trade,192,14.968425976455913,50.659630606860155,Coyoacán,003
157,0900300010588,0.212337,1779,8378.191271422314,62.745098039215684,25.0,38.0,84.0,65.0,66.0,194.0,843.0,464.0,26.082068577852727,15.626756604834176,106,499.20645012409517,59.58403597526701,127.15635993726953,301.4076679994537,81,Other services (except government),60,33.72681281618887,56.60377358490566,Coyoacán,003
158,0900300010605,0.433569,3621,8351.611854168541,66.29365886741269,157.0,186.0,329.0,153.0,163.0,397.0,1790.0,446.0,12.317039491853079,27.28528030930682,121,279.0789931937016,33.416183374758354,126.8540878153189,131.46696373587596,46,Retail trade,80,22.093344380005522,66.11570247933884,Coyoacán,003
159,090030001061A,0.34446,10554,30639.261452708586,64.95641619772702,316.0,369.0,803.0,451.0,479.0,1327.0,5320.0,1489.0,14.108394921356831,22.9107447413303,412,1196.0750159670208,39.03733181732045,534.1694246066306,551.5879928003252,46,Retail trade,176,16.676141747204852,42.71844660194175,Coyoacán,003
160,0900300010624,0.271884,9838,36184.549293080876,63.72549019607843,316.0,386.0,769.0,452.0,476.0,1253.0,4967.0,1219.0,12.390729823134784,24.385037609270178,210,772.3882243898133,21.345801992274854,364.1258772123406,305.2772505921643,46,Retail trade,170,17.279934946127263,80.95238095238095,Coyoacán,003
161,0900300010639,0.276961,12525,45222.97363166655,64.88867835149219,394.0,547.0,1026.0,596.0,572.0,1505.0,6251.0,1634.0,13.045908183632735,25.02994011976048,311,1122.9017803950737,24.830339321357286,624.6366816988674,379.11474900798305,46,Retail trade,159,12.694610778443113,51.12540192926045,Coyoacán,003
162,0900300010643,0.443079,8559,19317.09695110804,67.0788043478261,254.0,300.0,642.0,342.0,389.0,966.0,4373.0,1293.0,15.106905012267788,22.514312419675196,604,1363.188054500439,70.56899170463839,656.767754734483,555.2057308064702,46,Retail trade,152,17.75908400514079,25.165562913907284,Coyoacán,003
163,0900300010658,0.523598,10461,19979.06791087819,62.28615863141524,288.0,378.0,792.0,471.0,423.0,1139.0,5280.0,1690.0,16.155243284580823,22.483510180671065,515,983.5790052673998,49.23047509798298,389.61187781465935,490.83457156062474,46,Retail trade,194,18.545072172832427,37.66990291262136,Coyoacán,003
164,0900300010662,0.390406,5469,14008.493721920257,68.62207216712386,189.0,171.0,370.0,191.0,244.0,598.0,2766.0,940.0,17.18778570122509,21.301883342475772,154,394.46115069952816,28.158712744560248,151.12472656670235,189.5462672192538,46,Retail trade,100,18.284878405558604,64.93506493506493,Coyoacán,003
165,0900300010677,0.564791,8113,14364.605668291457,65.07383672332126,206.0,251.0,478.0,269.0,264.0,872.0,4183.0,1590.0,19.59817576728707,18.094416368790828,237,419.6242503864261,29.21237520029582,173.51551281801588,200.07400967791625,46,Retail trade,139,17.132996425489953,58.64978902953587,Coyoacán,003
166,0900300010681,0.356385,4561,12797.957265317003,64.7176411794103,158.0,137.0,262.0,147.0,161.0,438.0,2366.0,892.0,19.557114667836,18.96513922385442,106,297.43114889796146,23.240517430388074,86.9845812814793,168.35725409318573,46,Retail trade,81,17.75926331944749,76.41509433962264,Coyoacán,003
167,0900300010696,0.31954,2382,7454.465794579708,65.02038966923425,42.0,46.0,87.0,51.0,56.0,189.0,1248.0,663.0,27.83375314861461,11.838790931989925,98,306.6908681229267,41.14189756507137,93.88495962946736,187.76991925893472,46,Retail trade,109,45.75986565910999,111.22448979591837,Coyoacán,003
168,0900300010709,0.336459,3117,9264.130250639751,61.73323823109843,67.0,85.0,161.0,96.0,104.0,281.0,1545.0,778.0,24.95989733718319,16.458132820019248,185,549.8441117639891,59.351940968880335,187.24421103314222,285.32451205050245,46,Retail trade,77,24.7032402951556,41.62162162162162,Coyoacán,003
169,0900300010713,0.500168,4685,9366.852737480207,47.331624329993005,93.0,91.0,210.0,111.0,141.0,374.0,2260.0,1405.0,29.989327641408753,13.788687299893276,149,297.8999056317077,31.803628601921023,85.97111370579485,187.93685321731897,81,Other services (except government),89,18.996798292422625,59.73154362416108,Coyoacán,003
170,0900300010728,0.387133,3836,9908.739373806935,54.560810810810814,50.0,65.0,169.0,87.0,113.0,314.0,1852.0,1186.0,30.91762252346194,12.617309697601668,170,439.12557183190273,44.316996871741395,129.15457995055962,271.22461789617523,46,Retail trade,100,26.068821689259646,58.8235294117647,Coyoacán,003
171,0900300010770,7.250259,326,44.963910944422814,71.23745819397993,6.0,10.0,11.0,8.0,3.0,32.0,189.0,67.0,20.552147239263803,11.656441717791411,797,109.92710743161038,2444.7852760736196,36.96419672731692,65.10112259437905,46,Retail trade,437,1340.4907975460123,54.8306148055207,Coyoacán,003
172,0900300010785,0.306203,11640,38013.99725019023,69.1636215996752,419.0,473.0,889.0,459.0,507.0,1593.0,5901.0,1399.0,12.018900343642612,23.599656357388316,361,1178.9564439277212,31.013745704467354,548.6556304151168,515.9975571761217,46,Retail trade,265,22.766323024054984,73.40720221606648,Coyoacán,003
173,090030001079A,0.226931,9058,39915.21651955881,65.29164477141356,323.0,343.0,779.0,417.0,450.0,1130.0,4465.0,1151.0,12.70699933760212,25.52439832192537,218,960.6444249573659,24.067122985206446,440.6625802556724,418.6294512428888,46,Retail trade,132,14.572753367189225,60.55045871559633,Coyoacán,003
174,0900300010802,0.323503,13042,40314.92752771999,65.60364464692483,463.0,548.0,1056.0,574.0,592.0,1685.0,6579.0,1545.0,11.846342585493023,24.789142769513877,347,1072.6330204047567,26.606348719521545,519.3151222708908,448.2184091028522,46,Retail trade,206,15.79512344732403,59.36599423631124,Coyoacán,003
175,0900300010817,0.536123,10152,18935.953130158563,63.491884580703335,250.0,324.0,705.0,401.0,438.0,1137.0,5318.0,1579.0,15.55358550039401,20.8628841607565,496,925.1608306302845,48.85736800630418,345.070067876215,464.44565892528396,46,Retail trade,225,22.163120567375888,45.36290322580645,Coyoacán,003
176,0900300010821,0.214897,5221,24295.360102746898,64.58008465137002,152.0,184.0,396.0,203.0,222.0,573.0,2709.0,782.0,14.977973568281937,22.16050565025857,110,511.8731299180538,21.06876077379812,223.362820327878,218.7094282377139,46,Retail trade,66,12.641256464278873,60.0,Coyoacán,003
177,0900300010836,0.25682,6381,24846.195779144928,62.928688078388674,189.0,224.0,457.0,254.0,269.0,704.0,3234.0,1050.0,16.455101081335215,21.83043410123805,206,802.1182150922825,32.283341169095756,385.48399657347557,315.39599719648004,46,Retail trade,107,16.768531578122552,51.94174757281554,Coyoacán,003
178,0900300010840,0.282602,6633,23471.17147083177,63.5338997745795,187.0,233.0,446.0,239.0,250.0,702.0,3400.0,1176.0,17.729534147444596,20.428162219206996,178,629.8610767085867,26.835519372832806,244.1596308589465,297.2378114804566,46,Retail trade,90,13.568521031207599,50.561797752808985,Coyoacán,003
179,0900300010855,0.293334,2696,9190.888202526812,61.01905550952775,70.0,60.0,152.0,84.0,93.0,214.0,1365.0,658.0,24.40652818991098,17.025222551928785,76,259.09032024927217,28.189910979228486,78.40891270701657,153.4087422528585,46,Retail trade,44,16.320474777448073,57.89473684210526,Coyoacán,003
180,090030001086A,0.359134,2670,7434.55089186766,59.474747474747474,40.0,42.0,113.0,57.0,82.0,242.0,1334.0,760.0,28.46441947565543,12.50936329588015,317,882.6788886599431,118.72659176029963,361.98187863026055,459.43853826148455,46,Retail trade,126,47.19101123595506,39.74763406940063,Coyoacán,003
181,0900300010889,0.252109,2647,10499.4268352181,51.42624286878566,51.0,40.0,102.0,56.0,90.0,229.0,1218.0,861.0,32.52738949754439,12.80695126558368,80,317.3230626435391,30.22289384208538,79.33076566088478,210.22652900134466,46,Retail trade,48,18.13373630525123,60.0,Coyoacán,003
182,0900300010893,0.271119,1749,6451.04179345601,53.709380748007355,28.0,33.0,57.0,57.0,50.0,153.0,783.0,588.0,33.61921097770154,12.864493996569468,98,361.4648918002796,56.03201829616924,121.71776968784924,228.68187032262585,46,Retail trade,54,30.874785591766724,55.10204081632653,Coyoacán,003
183,0900300010906,0.768796,3324,4323.643723432484,56.458539808391144,59.0,59.0,179.0,115.0,133.0,329.0,1579.0,871.0,26.203369434416366,16.395908543922985,96,124.87057685003565,28.880866425992778,24.713968334902887,83.2470512333571,52,Finance and insurance,171,51.44404332129964,178.125,Coyoacán,003
184,090030001093A,0.160627,1211,7539.2057375161085,58.125,14.0,23.0,54.0,29.0,34.0,89.0,571.0,397.0,32.78282411230388,12.716763005780347,127,790.6516339096166,104.87200660611066,336.1825844970024,410.88982549633624,46,Retail trade,25,20.64409578860446,19.68503937007874,Coyoacán,003
185,0900300010959,0.13816,4224,30573.24840764331,61.448467966573816,139.0,148.0,347.0,186.0,206.0,480.0,2072.0,646.0,15.293560606060606,24.289772727272727,292,2113.491603937464,69.12878787878788,1042.2698320787492,883.0341632889404,46,Retail trade,61,14.441287878787879,20.89041095890411,Coyoacán,003
186,0900300010963,0.619428,6516,10519.382397954241,69.44298014408716,183.0,208.0,434.0,228.0,261.0,727.0,3346.0,1129.0,17.32658072437078,20.165745856353592,639,1031.5968926170597,98.06629834254143,393.9118025016628,544.0503173895917,46,Retail trade,272,41.74340085942296,42.56651017214398,Coyoacán,003
187,0900300010978,0.373689,8080,21622.258080917552,64.85780615206036,233.0,315.0,640.0,359.0,368.0,882.0,4161.0,1122.0,13.886138613861386,23.70049504950495,331,885.7632951464989,40.96534653465346,272.95424805118694,495.06407734774103,46,Retail trade,179,22.153465346534652,54.0785498489426,Coyoacán,003
188,0900300010982,0.351712,6525,18552.110817941953,66.33403361344538,181.0,199.0,431.0,226.0,275.0,826.0,3369.0,1018.0,15.601532567049809,20.10727969348659,478,1359.0665089618778,73.25670498084291,787.5761987080339,452.07442452916024,46,Retail trade,85,13.026819923371647,17.782426778242677,Coyoacán,003
189,0900300010997,0.429282,9422,21948.276424355085,65.8732116428219,268.0,328.0,715.0,366.0,374.0,1033.0,4855.0,1483.0,15.739758013160689,21.768202080237742,339,789.6906928312857,35.97962216090002,342.4322473339204,368.0564291072069,46,Retail trade,130,13.797495223943962,38.34808259587021,Coyoacán,003
190,0900300011001,0.295098,6521,22097.743800364624,64.29592566118656,190.0,256.0,479.0,285.0,291.0,766.0,3323.0,931.0,14.276951387823953,23.017942033430455,226,765.8472778534589,34.657261156264376,318.5382483107307,349.0365912340985,46,Retail trade,137,21.009047692071768,60.61946902654867,Coyoacán,003
191,0900300011016,0.218369,6606,30251.546693898857,64.09163558870539,219.0,259.0,493.0,272.0,296.0,742.0,3384.0,941.0,14.244626097487133,23.29700272479564,101,462.51986316739095,15.289131092945807,224.39082470497186,174.0173742609986,46,Retail trade,86,13.018468059339995,85.14851485148515,Coyoacán,003
192,0900300011020,0.285012,4471,15687.058790507066,61.359660084978756,95.0,132.0,243.0,157.0,137.0,475.0,2313.0,919.0,20.554685752628046,17.08789979870275,77,270.16406326751155,17.22209796466115,108.76735014666049,115.78459854321923,46,Retail trade,118,26.392305971818384,153.24675324675326,Coyoacán,003
193,0900300011069,0.174441,1633,9361.331338389484,51.21630506245891,18.0,27.0,67.0,43.0,62.0,135.0,733.0,548.0,33.55786895284752,13.288426209430495,18,103.18675082119456,11.022657685241887,34.39558360706485,45.86077814275314,46,Retail trade,22,13.472137170851195,122.22222222222223,Coyoacán,003
194,0900300011073,0.171869,1616,9402.510051259971,54.26251691474966,35.0,25.0,78.0,53.0,57.0,131.0,751.0,486.0,30.074257425742573,15.346534653465346,24,139.64123838504906,14.851485148514852,23.273539730841513,110.54931372149719,81,Other services (except government),22,13.613861386138614,91.66666666666667,Coyoacán,003
195,0900300011092,0.741156,5787,7808.072794391464,53.64701436130007,116.0,131.0,248.0,171.0,214.0,507.0,2975.0,1425.0,24.624157594608604,15.206497321582859,136,183.49713150807656,23.500950406082598,43.175795648959195,106.59024550836801,46,Retail trade,89,15.379298427509935,65.44117647058823,Coyoacán,003
196,0900300011105,1.50196,2795,1860.901755040081,62.401263823064774,41.0,63.0,159.0,78.0,88.0,303.0,1291.0,772.0,27.620751341681576,15.348837209302326,333,221.71029854323683,119.14132379248659,113.85123438706756,95.20892700205066,46,Retail trade,505,180.67978533094814,151.65165165165166,Coyoacán,003
197,0900300011124,1.197832,5743,4794.495388334925,65.52274541101357,142.0,196.0,391.0,223.0,232.0,654.0,2967.0,938.0,16.33292704161588,20.616402577050323,264,220.39818605614144,45.96900574612572,85.98868622644912,99.34615204803345,46,Retail trade,280,48.75500609437576,106.06060606060606,Coyoacán,003
198,0900300011139,0.077138,691,8957.971427830642,61.46645865834633,11.0,16.0,23.0,18.0,18.0,68.0,341.0,196.0,28.364688856729376,12.445730824891461,25,324.09448002281624,36.1794500723589,116.67401280821385,155.5653504109518,46,Retail trade,38,54.99276410998553,152.0,Coyoacán,003
199,0900300011143,0.052282,540,10328.602578325235,56.584362139917694,11.0,15.0,28.0,16.0,8.0,34.0,264.0,164.0,30.37037037037037,14.444444444444445,12,229.5245017405608,22.22222222222222,95.635209058567,133.8892926819938,46,Retail trade,9,16.666666666666668,75.0,Coyoacán,003
200,0900300011158,0.366404,8986,24524.841431862096,65.91436677843694,242.0,311.0,679.0,374.0,387.0,1060.0,4646.0,1287.0,14.322279100823502,22.17894502559537,365,996.168164103012,40.61874026263076,393.0088099474897,409.38417702863507,46,Retail trade,197,21.92299131983085,53.97260273972603,Coyoacán,003
201,0900300011162,0.513102,14061,27403.907994901598,64.81420585333771,404.0,488.0,1005.0,565.0,653.0,1733.0,7109.0,2104.0,14.963373870990683,22.153474148353602,577,1124.5327439768312,41.03548822985563,580.7812091942733,428.7646510830205,46,Retail trade,252,17.921911670578194,43.67417677642981,Coyoacán,003
202,0900300011181,0.342857,4132,12051.671688196537,59.21547555077915,69.0,98.0,243.0,134.0,186.0,383.0,1964.0,1055.0,25.5324298160697,17.66698935140368,356,1038.3337659724025,86.1568247821878,399.58349982645825,571.6669048612104,46,Retail trade,96,23.23330106485963,26.96629213483146,Coyoacán,003
203,0900300011213,0.406227,5772,14208.804436928122,55.846422338568935,127.0,147.0,341.0,168.0,215.0,570.0,2704.0,1500.0,25.987525987525988,17.29036729036729,283,696.6548259963025,49.02979902979903,211.70429341230397,423.40858682460794,46,Retail trade,114,19.75051975051975,40.28268551236749,Coyoacán,003
204,0900300011228,0.066397,2280,34338.90085395425,64.67161016949153,70.0,112.0,210.0,113.0,95.0,267.0,1091.0,322.0,14.12280701754386,26.31578947368421,30,451.82764281518746,13.157894736842104,271.0965856891125,165.67013569890207,46,Retail trade,27,11.842105263157896,90.0,Coyoacán,003
205,0900300011232,0.298471,3022,10124.93676102536,58.17307692307692,61.0,79.0,178.0,93.0,112.0,306.0,1455.0,738.0,24.42091330244871,17.306419589675713,74,247.93028468427417,24.487094639311714,53.60654803984307,154.11882561454883,46,Retail trade,69,22.832561217736597,93.24324324324324,Coyoacán,003
206,0900300011247,0.235074,5019,21350.723601929603,59.075686537173475,109.0,129.0,301.0,196.0,187.0,449.0,2402.0,1246.0,24.825662482566248,18.370193265590753,130,553.0173477288002,25.90157401872883,242.47683708108937,268.00071466857247,46,Retail trade,109,21.71747360031879,83.84615384615384,Coyoacán,003
207,0900300011251,0.106609,2321,21771.145025279293,58.1758034026465,40.0,66.0,99.0,76.0,80.0,218.0,1113.0,629.0,27.100387763894872,15.553640672124084,37,347.062630734741,15.941404566996985,168.84127981690102,168.84127981690102,46,Retail trade,61,26.281775096940972,164.86486486486487,Coyoacán,003
208,0900300011266,0.112453,2811,24997.109903693097,66.54603940490551,65.0,64.0,195.0,70.0,117.0,271.0,1357.0,672.0,23.90608324439701,18.17858413376023,83,738.0861337625497,29.526858769121308,275.6707246583017,417.9523889980703,46,Retail trade,48,17.075773745997864,57.83132530120482,Coyoacán,003
209,0900300011270,0.182071,4167,22886.67607691505,57.62081784386617,85.0,88.0,224.0,155.0,124.0,342.0,2037.0,1112.0,26.685865130789537,16.222702183825294,80,439.3890295544046,19.19846412287017,137.30907173575144,252.64869199378265,46,Retail trade,58,13.918886489080874,72.5,Coyoacán,003
210,0900300011285,0.150245,3625,24127.25881060934,58.066502463054185,70.0,103.0,204.0,141.0,130.0,295.0,1742.0,940.0,25.93103448275862,17.875862068965517,120,798.6954640753436,33.10344827586207,319.47818563013743,432.6267097074778,46,Retail trade,56,15.448275862068966,46.666666666666664,Coyoacán,003
211,090030001129A,0.137745,3454,25075.32033830629,58.49903784477229,71.0,93.0,172.0,115.0,120.0,332.0,1698.0,853.0,24.696004632310366,16.53155761436016,34,246.83291589531382,9.843659525188187,87.11749972775782,130.67624959163672,46,Retail trade,41,11.870295309785755,120.58823529411765,Coyoacán,003
212,0900300011302,0.087381,1973,22579.279248349183,58.21064552661382,38.0,50.0,119.0,66.0,69.0,177.0,951.0,503.0,25.494171312721743,17.334009123162698,44,503.54195992263766,22.301064368981248,205.99443815016994,240.3268445085316,46,Retail trade,27,13.684744044602128,61.36363636363637,Coyoacán,003
213,0900300011317,0.14461,2754,19044.32611852569,56.99714402284782,54.0,77.0,172.0,117.0,101.0,235.0,1296.0,702.0,25.49019607843137,18.917937545388526,57,394.16361247493256,20.697167755991284,117.55756863287463,262.775741649955,46,Retail trade,52,18.88162672476398,91.2280701754386,Coyoacán,003
214,0900300011321,0.167501,3755,22417.776610288893,56.44970414201183,65.0,91.0,219.0,113.0,118.0,335.0,1749.0,1065.0,28.362183754993342,16.13848202396804,84,501.4895433460099,22.37017310252996,185.0735219491227,280.59533972931507,46,Retail trade,53,14.11451398135819,63.095238095238095,Coyoacán,003
215,0900300011336,0.135453,2908,21468.701320753324,59.375,55.0,85.0,176.0,96.0,93.0,257.0,1428.0,718.0,24.69050894085282,17.36588720770289,70,516.7844196880098,24.07152682255846,243.6269407100618,214.0964024421755,46,Retail trade,52,17.881705639614857,74.28571428571429,Coyoacán,003
216,0900300011340,0.13891,2546,18328.41408105968,56.877162629757784,50.0,56.0,128.0,74.0,83.0,224.0,1294.0,637.0,25.01963864886096,15.357423409269442,54,388.74091138147,21.209740769835037,179.97264415808797,179.97264415808797,46,Retail trade,39,15.318146111547525,72.22222222222223,Coyoacán,003
217,0900300011355,0.143639,2461,17133.229833123318,55.02669039145908,46.0,52.0,115.0,77.0,75.0,199.0,1179.0,718.0,29.175132060138154,14.831369362047948,20,139.23795069584165,8.126777732629012,69.61897534792082,48.73328274354458,46,Retail trade,53,21.535960991466883,265.0,Coyoacán,003
218,090030001136A,0.116679,2243,19223.68206789568,56.472887151929655,31.0,46.0,119.0,73.0,83.0,209.0,1071.0,611.0,27.24030316540348,15.693267944716897,31,265.6861988875462,13.820775746767723,111.4167930818742,145.69888326091242,46,Retail trade,38,16.941596076683012,122.58064516129032,Coyoacán,003
219,0900300011374,0.129746,2494,19222.172552525702,53.32749562171629,34.0,48.0,128.0,71.0,74.0,223.0,1202.0,714.0,28.62870890136327,14.234161988773055,83,639.7114361907111,33.279871692060944,269.75783453825164,346.8315015491807,46,Retail trade,40,16.038492381716118,48.19277108433735,Coyoacán,003
220,0900300011389,0.097535,3600,36909.82724150305,62.145005011693954,145.0,162.0,300.0,171.0,179.0,410.0,1740.0,493.0,13.694444444444445,26.583333333333332,145,1486.6458194494285,40.27777777777778,615.1637873583842,697.1856256728354,46,Retail trade,58,16.11111111111111,40.0,Coyoacán,003
221,0900300011393,0.094887,2828,29803.87197403227,66.45649432534678,88.0,104.0,223.0,134.0,117.0,300.0,1435.0,427.0,15.099009900990099,23.55021216407355,65,685.0253459377997,22.984441301272984,284.54898985108605,337.2432472309168,46,Retail trade,51,18.033946251768032,78.46153846153847,Coyoacán,003
222,0900300011406,0.108047,3216,29764.824567086547,63.890935887988206,117.0,119.0,266.0,137.0,137.0,344.0,1559.0,537.0,16.69776119402985,24.129353233830845,170,1573.3893583347988,52.86069651741293,703.3975954908512,768.1842161281664,46,Retail trade,40,12.437810945273633,23.529411764705884,Coyoacán,003
223,0900300011410,0.755273,4242,5616.512175067824,61.89462480042576,100.0,127.0,257.0,137.0,152.0,428.0,2210.0,831.0,19.58981612446959,18.22253653936822,144,190.65953635308028,33.946251768033946,38.396712182217556,127.10635756872018,52,Finance and insurance,146,34.41772748703442,101.38888888888889,Coyoacán,003
224,0900300011425,0.331977,6786,20441.17514165138,62.956669498725574,171.0,228.0,487.0,245.0,299.0,730.0,3434.0,1192.0,17.56557618626584,21.0727969348659,304,915.7260894580046,44.79811376363101,349.421797293186,442.8017603629167,46,Retail trade,107,15.767757147067492,35.19736842105263,Coyoacán,003
225,090030001143A,0.537116,2877,5356.384840518622,55.94879518072289,38.0,50.0,133.0,73.0,87.0,254.0,1390.0,852.0,29.61418143899896,13.2429614181439,124,230.86260696013525,43.10045185957595,33.51231391356802,137.77284608911296,93,Government and international organizations,65,22.59297879735836,52.41935483870968,Coyoacán,003
226,0900300011444,0.361894,2651,7325.34941170619,59.90897807199007,45.0,46.0,143.0,68.0,56.0,273.0,1260.0,760.0,28.66842700867597,13.504337985665787,100,276.3240064770347,37.72161448509996,102.23988239650285,163.0311638214505,46,Retail trade,92,34.70388532629197,92.0,Coyoacán,003
227,0900300011459,0.088844,2436,27418.846517491333,63.7962962962963,64.0,81.0,131.0,79.0,61.0,194.0,1330.0,496.0,20.361247947454842,17.077175697865353,28,315.1591553734636,11.494252873563218,112.55684120480842,168.83526180721265,46,Retail trade,32,13.136288998357964,114.28571428571429,Coyoacán,003
228,0900300011463,0.284802,2844,9985.884930583352,62.80925778132482,81.0,86.0,171.0,83.0,78.0,310.0,1552.0,483.0,16.9831223628692,17.545710267229254,25,87.78028244183679,8.790436005625878,17.556056488367357,42.13453557208166,46,Retail trade,35,12.306610407876232,140.0,Coyoacán,003
229,0900300011478,0.161673,3845,23782.57346619411,57.23014256619145,65.0,109.0,234.0,132.0,133.0,302.0,1847.0,1023.0,26.605981794538362,17.503250975292588,97,599.9764957661453,25.227568270481143,241.22766324618212,309.2662349310027,46,Retail trade,53,13.784135240572171,54.63917525773196,Coyoacán,003
230,0900300011482,0.143398,4758,33180.379084785,57.898432014977764,73.0,116.0,296.0,171.0,228.0,439.0,2285.0,1150.0,24.169819251786464,18.579234972677597,45,313.8119081158733,9.457755359394703,181.31354691139347,104.60396937195777,46,Retail trade,55,11.559478772593527,122.22222222222223,Coyoacán,003
231,0900300011497,0.19801,5249,26508.762183728097,60.948905109489054,116.0,164.0,311.0,170.0,174.0,441.0,2469.0,1404.0,26.7479519908554,17.812916746046866,300,1515.0749962123125,57.15374357020385,808.0399979799,636.3314984091712,46,Retail trade,45,8.573061535530577,15.0,Coyoacán,003
232,090030001150A,0.270629,4541,16779.42866433383,59.95151515151515,71.0,108.0,237.0,131.0,171.0,470.0,2174.0,1179.0,25.963444175291787,15.811495265360053,82,302.99783097894164,18.057696542611758,110.85286499229572,173.66948848792998,46,Retail trade,51,11.231006386258533,62.19512195121951,Coyoacán,003
233,0900300011514,0.18148,5908,32554.55146572625,56.40487990850171,135.0,158.0,368.0,221.0,213.0,625.0,2797.0,1391.0,23.544346648612052,18.534190927555855,88,484.901917566674,14.895057549085985,165.30747189772978,286.5329512893983,46,Retail trade,50,8.463100880162491,56.81818181818182,Coyoacán,003
234,0900300011529,0.364742,5698,15622.00130503205,63.23613493424814,108.0,107.0,236.0,149.0,152.0,580.0,3218.0,1148.0,20.147420147420146,13.197613197613197,91,249.49142133343568,15.97051597051597,57.574943384639006,172.72483015391703,46,Retail trade,152,26.676026676026677,167.03296703296704,Coyoacán,003
235,0900300011533,0.091422,22,240.64229616503687,70.0,,0.0,,0.0,0.0,3.0,,3.0,13.636363636363637,,1,10.938286189319857,45.45454545454545,0.0,10.938286189319857,81,Other services (except government),17,772.7272727272727,1700.0,Coyoacán,003
236,0900300011548,0.042286,1494,35330.84235917325,70.50359712230215,38.0,31.0,35.0,21.0,26.0,147.0,931.0,265.0,17.737617135207497,10.107095046854083,1,23.648488861561745,0.6693440428380187,23.648488861561745,0.0,46,Retail trade,19,12.717536813922356,1900.0,Coyoacán,003
237,0900300011552,0.061244,1688,27561.88361308863,62.83870967741935,34.0,32.0,72.0,41.0,50.0,170.0,931.0,358.0,21.208530805687204,13.566350710900474,14,228.5938214355692,8.293838862559241,32.65626020508132,146.95317092286592,62,Health care and social assistance,7,4.1469194312796205,50.0,Coyoacán,003
238,0900300011567,0.069488,1682,24205.61823624223,61.07470511140236,34.0,43.0,79.0,41.0,40.0,154.0,857.0,434.0,25.802615933412604,14.090368608799048,7,100.7368178678333,4.161712247324614,43.172921943357125,57.56389592447617,61,Educational services,11,6.539833531510107,157.14285714285714,Coyoacán,003
239,0900300011571,0.077056,2055,26668.91611295681,61.59188034188034,37.0,58.0,88.0,51.0,54.0,219.0,1095.0,453.0,22.043795620437955,14.014598540145986,11,142.7533222591362,5.35279805352798,64.88787375415282,77.86544850498339,46,Retail trade,26,12.652068126520682,236.36363636363637,Coyoacán,003
240,0900300011586,0.035159,386,10978.696777496516,62.71186440677966,7.0,7.0,18.0,9.0,17.0,38.0,203.0,87.0,22.53886010362694,15.025906735751295,44,1251.4576637560795,113.98963730569949,398.19107483147985,711.0554907704998,46,Retail trade,0,0.0,0.0,Coyoacán,003
241,0900300011590,0.089962,1941,21575.776438940888,59.36972425436128,35.0,44.0,85.0,59.0,68.0,176.0,1036.0,438.0,22.56568778979907,14.992272024729521,18,200.08448011382583,9.273570324574962,33.34741335230431,122.27384895844912,46,Retail trade,16,8.24317362184441,88.88888888888889,Coyoacán,003
242,0900300011618,0.152824,1151,7531.539548761974,72.08216619981326,11.0,29.0,40.0,17.0,33.0,105.0,558.0,358.0,31.10338835794961,11.294526498696785,38,248.65204418154215,33.01476976542137,13.086949693765376,170.1303460189499,62,Health care and social assistance,20,17.37619461337967,52.63157894736842,Coyoacán,003
243,0900300011622,0.070884,2498,35240.674905479376,59.02073224525805,38.0,57.0,136.0,66.0,81.0,253.0,1230.0,637.0,25.500400320256205,15.132105684547637,25,352.6889001749337,10.0080064051241,211.61334010496023,141.07556006997348,46,Retail trade,18,7.205764611689352,72.0,Coyoacán,003
244,0900300011637,0.117785,2821,23950.41813473702,60.924040720438526,51.0,79.0,137.0,68.0,73.0,284.0,1427.0,702.0,24.88479262672811,14.46295639844027,39,331.1117714479772,13.824884792626728,93.39049963917307,203.76109012183215,46,Retail trade,28,9.925558312655086,71.7948717948718,Coyoacán,003
245,0900300011641,0.320808,2483,7739.831924390913,65.0909090909091,65.0,81.0,137.0,50.0,72.0,202.0,1323.0,553.0,22.271445831655257,16.31091421667338,249,776.1651829131443,100.28191703584373,367.82125134036556,377.1726390863071,46,Retail trade,102,41.07933950865888,40.963855421686745,Coyoacán,003
246,0900300011656,0.36067,3244,8994.371586214545,61.557009989665865,65.0,90.0,186.0,101.0,109.0,385.0,1693.0,615.0,18.958076448828606,16.98520345252774,120,332.7141153963457,36.99136868064118,60.99758782266338,235.67249840574488,81,Other services (except government),40,12.330456226880395,33.333333333333336,Coyoacán,003
247,0900300011660,0.302394,3328,11005.509368572128,65.08313539192399,83.0,114.0,184.0,102.0,102.0,337.0,1751.0,655.0,19.681490384615383,17.578125,88,291.01106503435915,26.442307692307693,72.75276625858979,171.9610838839395,46,Retail trade,72,21.634615384615383,81.81818181818181,Coyoacán,003
248,0900300011675,0.357575,3996,11175.277913724392,60.54326519182302,73.0,100.0,252.0,135.0,132.0,392.0,1934.0,978.0,24.474474474474473,17.31731731731732,163,455.8484234076767,40.790790790790794,117.4578759700762,304.83115430329303,62,Health care and social assistance,45,11.26126126126126,27.607361963190183,Coyoacán,003
249,090030001168A,0.328639,1544,4698.164247091794,65.67796610169492,33.0,33.0,62.0,25.0,43.0,159.0,858.0,331.0,21.43782383419689,12.694300518134716,105,319.4995116221751,68.00518134715026,103.45698471575193,209.95682192314362,46,Retail trade,88,56.99481865284974,83.80952380952381,Coyoacán,003
250,0900300011694,0.112264,1542,13735.480652747096,66.42703091301222,28.0,37.0,86.0,42.0,48.0,157.0,845.0,299.0,19.390402075226977,15.62905317769131,152,1353.9514002707904,98.57328145265889,507.73177510154636,801.6817501603364,46,Retail trade,56,36.31647211413748,36.8421052631579,Coyoacán,003
251,0900300011707,0.476991,5005,10492.86045229365,59.37841978551105,95.0,115.0,226.0,164.0,150.0,482.0,2609.0,1164.0,23.256743256743256,14.985014985014985,261,547.1801354742543,52.14785214785215,140.46386619454034,356.4008545234606,46,Retail trade,121,24.175824175824175,46.36015325670498,Coyoacán,003
252,0900300011726,0.233774,2983,12760.18718933671,59.81617647058823,47.0,65.0,151.0,94.0,100.0,285.0,1514.0,727.0,24.371438149513914,15.320147502514248,94,402.0977525302215,31.51190077103587,119.77379862602342,256.65813991290736,81,Other services (except government),45,15.085484411666108,47.87234042553192,Coyoacán,003
253,0900300011730,0.063003,645,10237.607732965096,52.18855218855219,7.0,16.0,28.0,20.0,12.0,41.0,278.0,243.0,37.674418604651166,12.868217054263566,2,31.744520102217354,3.10077519379845,15.872260051108677,15.872260051108677,46,Retail trade,4,6.2015503875969,200.0,Coyoacán,003
254,0900300011745,0.159969,3535,22098.031493601884,62.735542560103966,103.0,103.0,251.0,124.0,135.0,328.0,1867.0,624.0,17.65205091937765,20.254596888260256,223,1394.0200913927074,63.083451202263085,668.879595421613,656.3771730772837,46,Retail trade,50,14.144271570014144,22.42152466367713,Coyoacán,003
255,090030001175A,0.197972,3635,18361.182389428806,60.94565551120663,69.0,108.0,201.0,119.0,120.0,332.0,1847.0,839.0,23.08115543328748,16.973865199449794,33,166.69023902370031,9.07840440165062,70.71707110096378,80.81950982967288,46,Retail trade,41,11.279229711141678,124.24242424242425,Coyoacán,003
256,0900300011764,0.124379,2890,23235.43363429518,66.95447409733124,67.0,105.0,168.0,69.0,84.0,264.0,1619.0,514.0,17.785467128027683,17.058823529411764,33,265.3181003224017,11.418685121107266,72.35948190610955,176.8787335482678,46,Retail trade,31,10.726643598615917,93.93939393939394,Coyoacán,003
257,0900300011779,0.171508,1832,10681.717470905147,64.03785488958991,62.0,70.0,115.0,59.0,77.0,189.0,952.0,308.0,16.812227074235807,20.906113537117903,56,326.51538120670756,30.56768558951965,75.79821349441426,215.7333768687175,46,Retail trade,46,25.109170305676855,82.14285714285714,Coyoacán,003
258,0900300011783,0.142897,3170,22183.81071681001,66.82926829268293,78.0,88.0,134.0,72.0,72.0,285.0,1757.0,684.0,21.577287066246058,14.006309148264984,11,76.9785229920852,3.470031545741325,20.99414263420506,55.98438035788015,46,Retail trade,40,12.618296529968454,363.6363636363636,Coyoacán,003
259,0900300011798,0.064881,754,11621.275874292936,66.3093415007657,29.0,24.0,48.0,24.0,24.0,71.0,420.0,114.0,15.119363395225465,19.76127320954907,96,1479.6319415545383,127.3209549071618,308.25665449052883,1140.5496216149565,62,Health care and social assistance,42,55.70291777188329,43.75,Coyoacán,003
260,090040001002A,0.190816,4726,24767.31510984404,63.60924683072334,159.0,190.0,354.0,201.0,223.0,541.0,2402.0,656.0,13.880660177740161,23.846804909013965,302,1582.676505114875,63.901819720694036,676.0439376152943,738.9317457655543,46,Retail trade,75,15.869657215404148,24.834437086092716,Cuajimalpa de Morelos,004
261,0900400010049,1.599771,4304,2690.3850613619074,65.8176943699732,108.0,150.0,315.0,153.0,184.0,560.0,2088.0,746.0,17.33271375464684,21.143122676579925,43,26.87884703498188,9.990706319702602,8.126163057087545,16.25232611417509,46,Retail trade,58,13.475836431226766,134.88372093023256,Cuajimalpa de Morelos,004
262,0900400010053,0.284094,6459,22735.432638492894,67.24201248622842,221.0,274.0,518.0,284.0,285.0,636.0,3359.0,882.0,13.655364607524385,24.49295556587707,329,1158.0674002266855,50.936677504257624,510.39444690841765,489.2746766915176,46,Retail trade,65,10.063477318470351,19.756838905775076,Cuajimalpa de Morelos,004
263,0900400010072,0.121162,2849,23513.973027847016,62.52695127210004,107.0,118.0,246.0,124.0,119.0,288.0,1455.0,392.0,13.75921375921376,25.061425061425062,132,1089.4504877766956,46.33204633204633,396.1638137369802,528.2184183159736,46,Retail trade,37,12.987012987012987,28.03030303030303,Cuajimalpa de Morelos,004
264,0900400010091,0.759445,11767,15494.209587264384,64.29509853461344,425.0,496.0,949.0,507.0,567.0,1332.0,5992.0,1499.0,12.73901589190108,25.019121271352088,948,1248.279993942945,80.56428996345713,659.6922752799742,459.5461159135948,46,Retail trade,301,25.580011897679952,31.751054852320674,Cuajimalpa de Morelos,004
265,0900400010104,0.734556,7179,9773.25078006306,74.69046470493649,216.0,267.0,477.0,268.0,258.0,758.0,4034.0,901.0,12.550494497840925,20.699261735617775,351,477.8396745789293,48.8926034266611,138.85939261268032,261.38238609445705,46,Retail trade,148,20.61568463574314,42.16524216524216,Cuajimalpa de Morelos,004
266,0900400010119,1.120855,6497,5796.467874970446,64.51902368987795,212.0,252.0,461.0,253.0,288.0,672.0,3376.0,983.0,15.130060027705095,22.564260427889796,227,202.52396607946613,34.93920270894259,77.61931739609494,105.27677531884142,46,Retail trade,112,17.238725565645684,49.33920704845815,Cuajimalpa de Morelos,004
267,0900400010123,1.116099,6200,5555.062767729386,62.541682104483144,173.0,203.0,426.0,259.0,272.0,739.0,3281.0,847.0,13.661290322580646,21.5,175,156.79612650849074,28.225806451612904,54.65464981153106,80.63800791865238,46,Retail trade,89,14.35483870967742,50.857142857142854,Cuajimalpa de Morelos,004
268,0900400010138,0.991885,7681,7743.841271921644,62.9901179470832,309.0,367.0,731.0,386.0,406.0,846.0,3701.0,935.0,12.172894154406979,28.629084754589247,482,485.9434309420951,62.75224580132795,243.9798968630436,205.6690039671938,46,Retail trade,89,11.587032938419476,18.46473029045643,Cuajimalpa de Morelos,004
269,0900400010176,2.011767,9292,4618.825142275423,68.15548976702279,384.0,422.0,697.0,343.0,372.0,1075.0,4704.0,1295.0,13.936719758932416,23.869995695221697,404,200.8184844467575,43.47826086956522,75.05839393925838,106.37414770199531,46,Retail trade,84,9.040034438226431,20.792079207920793,Cuajimalpa de Morelos,004
270,0900400010180,0.945134,6474,6849.822353232452,68.22072482243671,239.0,261.0,474.0,225.0,274.0,834.0,3219.0,948.0,14.64318813716404,22.752548656163114,124,131.19832743293543,19.153537225826383,43.380092135083494,76.17967399331735,46,Retail trade,61,9.422304603027495,49.193548387096776,Cuajimalpa de Morelos,004
271,0900400010195,1.582414,10984,6941.293492094989,66.17505610772683,355.0,430.0,829.0,400.0,528.0,1301.0,5466.0,1675.0,15.249453750910416,23.142753095411507,472,298.2784530470534,42.97159504734159,69.51404626096584,171.25733215201583,46,Retail trade,212,19.30080116533139,44.91525423728814,Cuajimalpa de Morelos,004
272,0900400010208,0.891289,7474,8385.607810710106,65.42946296600427,276.0,372.0,737.0,402.0,374.0,894.0,3651.0,768.0,10.275622156810275,28.913567032378914,73,81.90384936872327,9.767192935509767,48.2447331897959,25.80532240384432,46,Retail trade,69,9.232004281509232,94.52054794520548,Cuajimalpa de Morelos,004
273,0900400010212,0.386097,4941,12797.302232340578,67.41039639211964,154.0,162.0,412.0,215.0,211.0,572.0,2613.0,602.0,12.183768467921473,23.355596033191663,98,253.82222602092222,19.83404169196519,82.8807268639746,147.63129472645474,46,Retail trade,43,8.702691762801052,43.87755102040816,Cuajimalpa de Morelos,004
274,0900400010227,1.386965,8867,6393.095716186061,63.96687254351488,370.0,475.0,897.0,467.0,452.0,1065.0,4282.0,859.0,9.68760572910793,30.010149994361115,269,193.9486576806192,30.33720536821924,108.1498091155869,62.72688928704041,46,Retail trade,95,10.713882936731702,35.31598513011152,Cuajimalpa de Morelos,004
275,0900400010231,1.24779,7804,6254.257527308281,61.37800252844501,313.0,394.0,769.0,397.0,379.0,990.0,3815.0,747.0,9.572014351614557,28.85699641209636,258,206.76556151275454,33.059969246540234,112.99978361743563,72.12752145793763,46,Retail trade,131,16.786263454638647,50.775193798449614,Cuajimalpa de Morelos,004
276,0900400010250,1.21022,4220,3486.969311364876,64.62507155123068,145.0,182.0,399.0,226.0,229.0,513.0,2053.0,473.0,11.208530805687204,27.98578199052133,102,84.28219662540695,24.170616113744074,40.48850622200922,33.878137859232204,46,Retail trade,47,11.137440758293838,46.07843137254902,Cuajimalpa de Morelos,004
277,090040001027A,0.21843,4578,20958.65952479055,63.84772611139499,135.0,196.0,333.0,168.0,177.0,465.0,2418.0,686.0,14.984709480122325,22.040192223678464,360,1648.1252575195715,78.63695937090432,851.5313830517786,650.0938515771643,46,Retail trade,74,16.16426387068589,20.555555555555557,Cuajimalpa de Morelos,004
278,0900400010299,0.727878,10533,14470.831650358989,65.07352941176471,346.0,411.0,798.0,476.0,478.0,1144.0,5503.0,1377.0,13.073198518940472,23.820374062470332,412,566.0289224293082,39.11516187221115,206.078491175719,294.0053140773591,46,Retail trade,246,23.355169467388208,59.70873786407767,Cuajimalpa de Morelos,004
279,0900400010301,0.318104,4195,13187.511002690944,61.81410974244121,136.0,163.0,324.0,184.0,216.0,481.0,2144.0,547.0,13.039332538736591,24.38617401668653,114,358.3733621708624,27.175208581644814,157.18129919774665,166.61217714961145,46,Retail trade,90,21.454112038140643,78.94736842105263,Cuajimalpa de Morelos,004
280,0900400010320,0.705691,2945,4173.214622263852,65.99562363238512,148.0,167.0,345.0,152.0,138.0,352.0,1425.0,218.0,7.402376910016978,32.25806451612903,87,123.28342008046015,29.541595925297113,56.68203222090121,60.933184637468806,46,Retail trade,47,15.959252971137522,54.02298850574713,Cuajimalpa de Morelos,004
281,090040001034A,0.1112,3494,31420.863309352517,62.916228531370486,132.0,175.0,334.0,154.0,152.0,373.0,1790.0,384.0,10.990269032627362,27.10360618202633,112,1007.1942446043165,32.05495134516314,431.6546762589928,467.62589928057554,46,Retail trade,29,8.299942759015455,25.892857142857142,Cuajimalpa de Morelos,004
282,0900400010354,0.794984,6409,8061.797470137763,62.581227436823106,187.0,233.0,447.0,257.0,291.0,717.0,3219.0,1058.0,16.508035574972695,22.078327352161022,479,602.5278496170993,74.73864877515993,217.6144425548187,337.1137029172914,46,Retail trade,174,27.149321266968325,36.32567849686848,Cuajimalpa de Morelos,004
283,0900400010369,3.168901,14609,4610.115620525854,75.98050962536944,604.0,549.0,937.0,406.0,363.0,1408.0,9312.0,1030.0,7.050448353754535,19.570128003285646,1370,432.32653844345407,93.7778082004244,129.06682790027205,268.54736074115283,46,Retail trade,560,38.33253473885961,40.87591240875913,Cuajimalpa de Morelos,004
284,0900400010373,2.537467,14170,5584.3090767288795,64.83773258329727,591.0,693.0,1331.0,727.0,746.0,1831.0,6968.0,1283.0,9.054340155257586,28.849682427664078,226,89.06519769518185,15.949188426252647,44.1385050524795,38.621191920919564,46,Retail trade,105,7.410021171489062,46.46017699115044,Cuajimalpa de Morelos,004
285,0900400010392,0.11056,599,5417.872648335745,60.55437100213219,27.0,37.0,66.0,34.0,29.0,66.0,298.0,42.0,7.011686143572621,32.220367278797994,4,36.1794500723589,6.67779632721202,18.08972503617945,18.08972503617945,46,Retail trade,4,6.67779632721202,100.0,Cuajimalpa de Morelos,004
286,0900400010405,0.966033,4253,4402.541114019915,61.14032659839469,131.0,163.0,346.0,148.0,180.0,587.0,2066.0,632.0,14.860098753820832,22.760404420409124,111,114.9029070435482,26.09922407712203,49.68774358639922,48.652582261682575,46,Retail trade,59,13.872560545497295,53.153153153153156,Cuajimalpa de Morelos,004
287,090040001041A,0.298385,3190,10690.885935955226,67.46536877573942,112.0,146.0,261.0,129.0,153.0,363.0,1691.0,335.0,10.501567398119123,25.109717868338556,104,348.5429897615497,32.60188087774295,103.89262194815423,204.4338689947551,46,Retail trade,29,9.090909090909092,27.884615384615383,Cuajimalpa de Morelos,004
288,0900400200246,2.017865,9541,4728.264774898222,63.43567622430855,365.0,456.0,834.0,462.0,457.0,1100.0,4692.0,1175.0,12.31527093596059,26.978304160989413,337,167.00819926010908,35.321245152499735,97.1323651483127,52.53076890674054,46,Retail trade,168,17.608217168011738,49.85163204747774,Cuajimalpa de Morelos,004
289,0900400200316,3.304114,15087,4566.125745056012,63.92981294487667,647.0,770.0,1588.0,696.0,742.0,1885.0,7409.0,1350.0,8.948101014118114,29.449194670908728,303,91.70385767561288,20.083515609465103,62.04386410396251,20.580403702777808,46,Retail trade,193,12.792470338702193,63.696369636963695,Cuajimalpa de Morelos,004
290,0900400200388,0.323946,1414,4364.925018367258,65.76819407008087,57.0,80.0,164.0,76.0,58.0,152.0,694.0,133.0,9.405940594059405,30.763790664780764,12,37.04321090552129,8.486562942008486,30.869342421267742,3.086934242126774,46,Retail trade,14,9.900990099009901,116.66666666666667,Cuajimalpa de Morelos,004
291,0900500010012,0.205857,4355,21155.462286927333,58.75068794716566,160.0,181.0,380.0,217.0,235.0,524.0,2121.0,537.0,12.33065442020666,26.934557979334098,160,777.2385685208665,36.73938002296211,335.18413267462364,340.0418737278791,46,Retail trade,25,5.7405281285878305,15.625,Gustavo A. Madero,005
292,0900500010027,0.2606,5631,21607.828089025326,58.057584873227334,192.0,242.0,543.0,291.0,280.0,631.0,2653.0,799.0,14.189309181317705,27.49067661161428,237,909.4397544128933,42.088438998401706,464.3131235610131,356.8687643898695,46,Retail trade,45,7.991475759190197,18.9873417721519,Gustavo A. Madero,005
293,0900500010050,0.554176,10026,18091.725372444856,59.7390043499275,379.0,464.0,907.0,453.0,473.0,1179.0,4818.0,1353.0,13.494913225613406,26.690604428485937,954,1721.474766139277,95.15260323159785,949.1569465296224,624.3503868807021,46,Retail trade,148,14.76161978854977,15.51362683438155,Gustavo A. Madero,005
294,0900500010084,0.349689,3396,9711.486492283144,55.20538243626062,119.0,144.0,304.0,153.0,155.0,401.0,1596.0,524.0,15.429917550058892,25.765606595995287,122,348.8814346462142,35.924617196702,148.70356230822244,168.7213495420216,46,Retail trade,54,15.901060070671377,44.26229508196721,Gustavo A. Madero,005
295,0900500010099,0.202102,4342,21484.20104699607,56.8719076415613,142.0,186.0,375.0,209.0,227.0,514.0,2067.0,622.0,14.325195762321512,26.232151082450482,265,1311.2190873915151,61.03178258866882,732.3034903167708,415.63171072032935,46,Retail trade,37,8.52141870105942,13.962264150943396,Gustavo A. Madero,005
296,0900500010101,0.530671,5213,9823.41224600553,61.67985109353187,203.0,228.0,484.0,233.0,259.0,616.0,2488.0,702.0,13.46633416458853,26.990216765777863,218,410.8006655724545,41.81853059658546,212.93795967746493,146.98372437913508,46,Retail trade,70,13.427968540187992,32.11009174311926,Gustavo A. Madero,005
297,0900500010135,0.195542,4716,24117.58087776539,57.86545270612039,170.0,180.0,412.0,240.0,230.0,538.0,2318.0,628.0,13.316369804919423,26.123833757421544,126,644.362847879228,26.717557251908396,322.181423939614,240.35757024066442,46,Retail trade,37,7.845631891433418,29.365079365079364,Gustavo A. Madero,005
298,090050001014A,0.228946,4456,19463.104836948452,58.67430441898527,177.0,216.0,397.0,242.0,236.0,508.0,2140.0,540.0,12.118491921005386,28.45601436265709,124,541.6124326260341,27.82764811490126,270.80621631301705,214.0242677312554,46,Retail trade,35,7.854578096947935,28.225806451612904,Gustavo A. Madero,005
299,0900500010154,0.514203,8184,15915.893139479933,40.053763440860216,0.0,0.0,0.0,0.0,0.0,556.0,7404.0,224.0,2.7370478983382207,0.0,37,71.95601737057154,4.521016617790811,5.83427167869499,31.116115619706616,93,Government and international organizations,97,11.852394916911045,262.1621621621622,Gustavo A. Madero,005
300,0900500010169,0.341032,7933,23261.746698257055,61.51715648561317,318.0,411.0,705.0,388.0,402.0,929.0,3827.0,953.0,12.013109794529182,28.034791377788984,242,709.6108283093669,30.505483423673265,425.18004175561236,211.12388280278682,46,Retail trade,84,10.588680196646918,34.710743801652896,Gustavo A. Madero,005
301,0900500010173,0.227075,4482,19737.972035671035,60.528401585204755,130.0,168.0,399.0,193.0,198.0,518.0,2092.0,784.0,17.49219098616689,24.27487728692548,373,1642.629087305956,83.22177599286033,625.3440493229109,885.1700979852471,46,Retail trade,110,24.542614904060688,29.490616621983914,Gustavo A. Madero,005
302,0900500010188,0.187749,4422,23552.72198520365,61.4100185528757,129.0,178.0,342.0,167.0,172.0,510.0,2159.0,765.0,17.299864314789687,22.342831298055177,300,1597.8780179921064,67.84260515603799,804.2652690560269,639.1512071968426,46,Retail trade,55,12.437810945273633,18.333333333333332,Gustavo A. Madero,005
303,0900500010192,0.295523,5552,18787.03180463111,62.0384047267356,166.0,227.0,420.0,242.0,253.0,610.0,2713.0,921.0,16.588616714697405,23.55907780979827,329,1113.2805230049776,59.257925072046106,456.81723588350144,524.493863421798,46,Retail trade,82,14.769452449567723,24.924012158054712,Gustavo A. Madero,005
304,0900500010205,0.231861,6337,27331.03022931843,61.41448615851346,258.0,268.0,537.0,305.0,312.0,760.0,3076.0,821.0,12.955657251065173,26.51096733470096,295,1272.3140157249386,46.551996212718954,664.1910454970866,491.6738908225187,46,Retail trade,44,6.943348587659776,14.915254237288135,Gustavo A. Madero,005
305,0900500010224,0.131724,3017,22903.950684765114,59.945397815912635,93.0,130.0,230.0,116.0,129.0,350.0,1421.0,548.0,18.163738813390786,23.13556513092476,156,1184.294433816161,51.70699370235333,478.27275211806506,561.7806929640764,46,Retail trade,35,11.600928074245939,22.435897435897434,Gustavo A. Madero,005
306,0900500010243,0.261919,7379,28172.83205876626,62.05313217448344,253.0,320.0,708.0,388.0,353.0,867.0,3573.0,917.0,12.427158151511044,27.402087003659034,155,591.7860101787194,21.005556308442877,358.8895803664492,167.99086740557195,46,Retail trade,59,7.995663369020193,38.064516129032256,Gustavo A. Madero,005
307,0900500010258,0.205946,4738,23006.030707078557,58.9638368812516,167.0,216.0,454.0,195.0,221.0,514.0,2302.0,669.0,14.119881806669481,26.445757703672435,125,606.9552212715955,26.382439848037148,359.31749099278454,184.51438726656502,46,Retail trade,61,12.874630645842128,48.8,Gustavo A. Madero,005
308,0900500010262,0.198845,4022,20226.80982674948,59.225922592259224,169.0,156.0,364.0,181.0,183.0,469.0,1907.0,593.0,14.743908503232223,26.18100447538538,248,1247.2025949860445,61.660865241173546,678.9207674319193,457.6428876763308,46,Retail trade,39,9.696668324216807,15.725806451612904,Gustavo A. Madero,005
309,0900500010277,0.162647,3195,19643.76840642619,59.922725676150336,77.0,81.0,190.0,106.0,106.0,347.0,1597.0,691.0,21.62754303599374,17.52738654147105,58,356.60049063308884,18.15336463223787,135.26225506772334,215.18995124410534,46,Retail trade,77,24.100156494522693,132.75862068965517,Gustavo A. Madero,005
310,0900500010281,0.086829,2782,32039.98664040816,57.440834336141194,43.0,80.0,166.0,100.0,107.0,294.0,1381.0,611.0,21.962616822429908,17.828900071890725,17,195.78712181414045,6.1107117181883535,80.61822662935194,80.61822662935194,46,Retail trade,25,8.986340762041696,147.05882352941177,Gustavo A. Madero,005
311,0900500010296,0.086692,2757,31802.24242144604,57.31757032205463,68.0,63.0,173.0,75.0,86.0,261.0,1383.0,648.0,23.5038084874864,16.866158868335148,9,103.8158076869838,3.264417845484222,23.070179485996402,69.2105384579892,46,Retail trade,28,10.155966630395357,311.1111111111111,Gustavo A. Madero,005
312,0900500010309,0.11705,2212,18897.90687740282,57.75775775775776,42.0,62.0,109.0,85.0,94.0,224.0,1060.0,536.0,24.231464737793853,17.72151898734177,56,478.4280222127296,25.31645569620253,196.49722340879967,239.2140111063648,46,Retail trade,42,18.9873417721519,75.0,Gustavo A. Madero,005
313,0900500010313,0.136673,3640,26632.912133340164,59.87773487773488,109.0,127.0,296.0,207.0,166.0,433.0,1847.0,455.0,12.5,24.86263736263736,105,768.2570807694277,28.846153846153847,292.6693641026391,365.83670512829895,46,Retail trade,35,9.615384615384615,33.333333333333336,Gustavo A. Madero,005
314,0900500010328,0.120575,1639,13593.199253576611,58.75706214689266,44.0,54.0,125.0,75.0,74.0,220.0,757.0,290.0,17.69371568029286,22.696766320927395,171,1418.2044370723615,104.33190970103722,539.0835579514825,713.2490151358076,46,Retail trade,32,19.524100061012813,18.71345029239766,Gustavo A. Madero,005
315,0900500010332,0.30887,5616,18182.406837828214,58.79590093936806,244.0,238.0,450.0,245.0,262.0,622.0,2858.0,697.0,12.410968660968662,25.623219373219374,126,407.938614951274,22.435897435897434,255.77103635833845,103.60345776540292,46,Retail trade,60,10.683760683760683,47.61904761904762,Gustavo A. Madero,005
316,0900500010351,0.147741,4655,31507.8414251968,64.45079200207738,161.0,204.0,439.0,226.0,254.0,600.0,2282.0,489.0,10.50483351235231,27.58324382384533,78,527.9509411740817,16.756176154672396,392.5789049755992,87.99182352901362,46,Retail trade,30,6.4446831364124595,38.46153846153846,Gustavo A. Madero,005
317,0900500010366,0.402782,11779,29244.107234186235,68.74009508716323,349.0,405.0,925.0,460.0,414.0,1125.0,6718.0,1383.0,11.741234400203753,21.67416588844554,269,667.8550680020458,22.83725273792342,230.8941313166924,345.09983067763704,46,Retail trade,104,8.8292724339927,38.66171003717472,Gustavo A. Madero,005
318,0900500010370,0.376907,3064,8129.326332490508,61.805296531145096,69.0,105.0,209.0,100.0,124.0,340.0,1517.0,600.0,19.5822454308094,19.81070496083551,123,326.3404500314401,40.14360313315927,108.78015001048004,151.23094025847226,46,Retail trade,57,18.60313315926893,46.34146341463415,Gustavo A. Madero,005
319,0900500010385,0.325044,6250,19228.166032906312,61.58053564692569,205.0,249.0,490.0,262.0,263.0,608.0,3081.0,1092.0,17.472,23.504,440,1353.6628887166046,70.4,698.3669903151573,516.8531029645218,46,Retail trade,69,11.04,15.681818181818182,Gustavo A. Madero,005
320,090050001039A,0.538094,5682,10559.493322728,60.91775228465876,118.0,124.0,296.0,169.0,207.0,498.0,2697.0,1573.0,27.68391411474833,16.085885251671947,180,334.51404401461457,31.678986272439282,78.0532769367434,217.43412860949945,81,Other services (except government),92,16.191481872580077,51.111111111111114,Gustavo A. Madero,005
321,0900500010402,0.264491,5809,21962.94013784968,62.04073482428115,151.0,225.0,425.0,247.0,244.0,633.0,2888.0,996.0,17.145808228610775,22.241349629884663,135,510.4143430211236,23.239800309864005,223.0699721351577,211.72743117913274,46,Retail trade,72,12.394560165260803,53.333333333333336,Gustavo A. Madero,005
322,0900500010417,0.526599,5194,9863.292562272241,60.16814360372643,166.0,188.0,439.0,224.0,232.0,667.0,2545.0,733.0,14.112437427801309,24.04697728147863,153,290.5436584573841,29.457065845206007,129.13051486994848,117.73664591083538,46,Retail trade,74,14.24720831728918,48.36601307189542,Gustavo A. Madero,005
323,0900500010421,0.215722,3669,17008.001038373463,60.246153846153845,98.0,99.0,196.0,119.0,153.0,367.0,1892.0,745.0,20.30526028890706,18.124829653856636,371,1719.8060466711786,101.11747070046334,750.9665217270376,732.4241384745181,46,Retail trade,61,16.62578359225947,16.442048517520217,Gustavo A. Madero,005
324,0900500010436,0.243384,4302,17675.771620155803,62.3541887592789,113.0,131.0,286.0,159.0,150.0,425.0,2112.0,926.0,21.524872152487216,19.502556950255695,251,1031.2921145186208,58.344955834495586,451.9606876376426,439.6344870657069,46,Retail trade,85,19.758251975825196,33.864541832669325,Gustavo A. Madero,005
325,0900500010440,0.22663,5028,22185.941843533514,64.68427095292768,152.0,171.0,348.0,189.0,193.0,530.0,2470.0,975.0,19.391408114558473,20.942720763723152,329,1451.705422936063,65.43357199681782,741.2963861801173,560.3847681242554,46,Retail trade,75,14.916467780429594,22.796352583586625,Gustavo A. Madero,005
326,0900500010455,0.214553,4073,18983.65438842617,60.70314715055288,122.0,129.0,295.0,168.0,168.0,407.0,2012.0,772.0,18.95408789589983,21.65479990179229,215,1002.0834013041067,52.7866437515345,368.20738931639266,470.74615596146407,46,Retail trade,44,10.802848023569851,20.46511627906977,Gustavo A. Madero,005
327,0900500010474,0.254756,4984,19563.817927742624,60.53719008264463,130.0,153.0,343.0,175.0,173.0,489.0,2523.0,998.0,20.024077046548957,19.542536115569824,139,545.6201227841542,27.8892455858748,208.04220509036097,282.6233729529432,46,Retail trade,69,13.84430176565008,49.64028776978417,Gustavo A. Madero,005
328,0900500010489,0.578005,4331,7493.01476630825,63.61290322580645,120.0,134.0,202.0,116.0,121.0,485.0,2503.0,650.0,15.00808127453244,16.000923574232278,75,129.75666300464528,17.31701685522974,19.03097724068131,27.681421440990995,48-49,Transportation and warehousing,67,15.4698683906719,89.33333333333333,Gustavo A. Madero,005
329,0900500010493,0.105629,2523,23885.485993429837,61.74408413672217,50.0,59.0,132.0,77.0,86.0,251.0,1272.0,596.0,23.622671422909235,16.012683313515655,53,501.75614651279477,21.00673801030519,198.8090391843149,265.0787189124199,46,Retail trade,35,13.872374157748713,66.0377358490566,Gustavo A. Madero,005
330,0900500010506,0.145334,3021,20786.601896321576,66.03343465045593,93.0,111.0,185.0,70.0,76.0,299.0,1700.0,487.0,16.120489904005296,17.709367759020193,15,103.21053573148747,4.96524329692155,34.40351191049582,55.04561905679332,46,Retail trade,41,13.571665011585567,273.3333333333333,Gustavo A. Madero,005
331,0900500010510,0.249848,812,3249.9759853991227,55.92991913746631,19.0,25.0,26.0,23.0,24.0,78.0,387.0,230.0,28.32512315270936,14.408866995073891,117,468.28471710800164,144.0886699507389,232.14114181422306,208.12654093688963,46,Retail trade,20,24.63054187192118,17.094017094017094,Gustavo A. Madero,005
332,0900500010525,0.913737,1550,1696.3305633896844,55.027548209366394,15.0,31.0,52.0,38.0,53.0,111.0,726.0,524.0,33.806451612903224,12.193548387096774,369,403.8361147682539,238.06451612903226,120.38474965991308,179.4827176747795,46,Retail trade,146,94.19354838709677,39.56639566395664,Gustavo A. Madero,005
333,0900500010559,0.215527,2660,12341.84116143221,56.82203389830509,65.0,75.0,160.0,98.0,102.0,359.0,1274.0,527.0,19.81203007518797,18.796992481203006,314,1456.8940318382383,118.04511278195488,733.086805829432,593.8931085200462,46,Retail trade,60,22.55639097744361,19.10828025477707,Gustavo A. Madero,005
334,0900500010563,0.259156,3592,13860.377533223233,53.181233933161955,104.0,116.0,234.0,143.0,160.0,504.0,1713.0,618.0,17.20489977728285,21.074610244988865,116,447.6068468412848,32.29398663697105,138.91246970936425,235.37946256308942,46,Retail trade,52,14.476614699331849,44.827586206896555,Gustavo A. Madero,005
335,0900500010582,0.239066,3163,13230.655969481231,59.712746858168764,83.0,96.0,199.0,109.0,114.0,379.0,1567.0,616.0,19.475181789440406,19.00094846664559,112,468.48987308943975,35.40942143534619,150.58603063589135,238.4278818401613,46,Retail trade,56,17.704710717673095,50.0,Gustavo A. Madero,005
336,0900500010597,0.202491,4646,22944.22962008188,59.28338762214984,138.0,151.0,366.0,174.0,180.0,581.0,2338.0,718.0,15.45415411106328,21.71760654326302,60,296.30946560587876,12.914334911752045,143.21624170950807,113.5852951489202,46,Retail trade,27,5.81145071028842,45.0,Gustavo A. Madero,005
337,090050001060A,0.194151,1820,9374.146926876503,58.007334963325185,33.0,57.0,94.0,55.0,54.0,243.0,867.0,417.0,22.912087912087912,16.0989010989011,246,1267.0550241822086,135.16483516483515,618.075621552297,561.4186895766697,46,Retail trade,38,20.87912087912088,15.447154471544716,Gustavo A. Madero,005
338,0900500010614,0.034826,747,21449.49175903061,55.60283687943262,15.0,7.0,20.0,10.0,17.0,120.0,394.0,164.0,21.954484605087014,9.236947791164658,4,114.85671624648252,5.35475234270415,57.42835812324125,57.42835812324125,46,Retail trade,17,22.757697456492636,425.0,Gustavo A. Madero,005
339,0900500010629,0.051322,699,13619.890105607732,54.224270353302614,7.0,11.0,30.0,11.0,14.0,124.0,340.0,162.0,23.175965665236053,10.44349070100143,7,136.3937492693192,10.014306151645208,58.45446397256537,58.45446397256537,46,Retail trade,13,18.59799713876967,185.71428571428572,Gustavo A. Madero,005
340,0900500010633,0.213055,2691,12630.541409495201,58.98078529657477,56.0,90.0,151.0,94.0,80.0,293.0,1373.0,554.0,20.58714232627276,17.50278706800446,130,610.1710825843093,48.309178743961354,140.8087113656098,408.3452629602685,46,Retail trade,60,22.296544035674472,46.15384615384615,Gustavo A. Madero,005
341,0900500010667,0.200835,5490,27335.87273134663,60.99321811419821,201.0,257.0,461.0,231.0,246.0,630.0,2650.0,814.0,14.82695810564663,25.428051001821494,114,567.6301441481813,20.76502732240437,368.4616725172405,149.37635372320563,46,Retail trade,67,12.2040072859745,58.771929824561404,Gustavo A. Madero,005
342,0900500010671,0.2235,5776,25843.40044742729,64.89804411152726,200.0,267.0,503.0,272.0,266.0,615.0,2796.0,857.0,14.837257617728532,26.10803324099723,271,1212.5279642058165,46.918282548476455,595.0782997762864,483.22147651006713,46,Retail trade,81,14.023545706371191,29.88929889298893,Gustavo A. Madero,005
343,0900500010703,0.329978,7776,23565.207377461527,64.59167950693374,297.0,333.0,656.0,326.0,348.0,903.0,3730.0,1183.0,15.213477366255145,25.20576131687243,122,369.7216178048233,15.689300411522634,178.79979877446374,130.31171775088035,46,Retail trade,94,12.088477366255145,77.04918032786885,Gustavo A. Madero,005
344,0900500010718,1.816312,0,0.0,,0.0,0.0,0.0,0.0,0.0,0.0,0.0,0.0,,,98,53.95548782367787,,2.752831011412136,49.55095820541845,61,Educational services,49,,50.0,Gustavo A. Madero,005
345,0900500010722,0.329191,3178,9653.969883745303,64.17094017094017,49.0,71.0,133.0,95.0,99.0,372.0,1549.0,810.0,25.48772813089994,14.065449968533668,233,707.7957781348822,73.31655129011958,139.7365055545261,513.3797704068459,46,Retail trade,69,21.71176840780365,29.613733905579398,Gustavo A. Madero,005
346,0900500010737,0.388163,2901,7473.664414176518,59.51933909125047,45.0,59.0,134.0,89.0,123.0,278.0,1460.0,713.0,24.57773181661496,15.511892450879007,237,610.5682406617839,81.69596690796277,108.20196669955664,461.1464771243009,81,Other services (except government),92,31.713202344019304,38.81856540084388,Gustavo A. Madero,005
347,0900500010741,0.271623,2303,8478.663441608405,60.01890359168242,42.0,36.0,109.0,69.0,69.0,224.0,1169.0,585.0,25.40165002171081,14.11202778983934,140,515.42027000659,60.790273556231,158.30765435916695,327.66002878990366,46,Retail trade,70,30.3951367781155,50.0,Gustavo A. Madero,005
348,0900500010756,0.415893,157,377.5009437523594,68.61313868613139,7.0,7.0,6.0,3.0,4.0,6.0,98.0,26.0,16.56050955414013,17.197452229299362,506,1216.6590926031456,3222.9299363057326,670.8456261586514,490.5107804170784,46,Retail trade,110,700.6369426751593,21.73913043478261,Gustavo A. Madero,005
349,0900500010760,0.263983,2709,10262.024448544034,66.09735269000853,93.0,84.0,190.0,107.0,122.0,344.0,1316.0,453.0,16.72203765227021,22.000738279808047,83,314.41418576196196,30.63861203396087,98.49119072061458,174.25364512108735,46,Retail trade,58,21.410114433370246,69.87951807228916,Gustavo A. Madero,005
350,0900500010775,0.234907,2175,9258.983342343992,65.38672517827756,65.0,74.0,186.0,85.0,80.0,271.0,1102.0,312.0,14.344827586206897,22.528735632183906,318,1353.727219708225,146.20689655172413,668.3496021829916,553.4104986228592,46,Retail trade,75,34.48275862068966,23.58490566037736,Gustavo A. Madero,005
351,090050001078A,0.259124,2384,9200.228462049057,62.43334949103248,59.0,85.0,177.0,97.0,87.0,266.0,1227.0,386.0,16.191275167785236,21.18288590604027,76,293.29587379015453,31.879194630872483,123.49299949059137,119.6338432565104,46,Retail trade,51,21.392617449664428,67.10526315789474,Gustavo A. Madero,005
352,0900500010794,0.128847,2712,21048.219981838924,58.44377939290295,77.0,104.0,192.0,118.0,132.0,291.0,1327.0,471.0,17.36725663716814,22.97197640117994,41,318.2068655071519,15.117994100294986,170.745147345301,93.13371673380055,46,Retail trade,29,10.693215339233038,70.73170731707317,Gustavo A. Madero,005
353,0900500010807,1.241103,1554,1252.112032603257,65.97337770382696,82.0,100.0,170.0,70.0,78.0,170.0,740.0,144.0,9.266409266409266,32.17503217503217,11,8.86308388586604,7.078507078507078,4.834409392290567,3.222939594860378,46,Retail trade,25,16.087516087516086,227.27272727272728,Gustavo A. Madero,005
354,0900500010811,0.151442,4407,29100.249600507126,59.19069029357313,155.0,142.0,329.0,187.0,213.0,505.0,2121.0,755.0,17.13183571590651,23.281143635125936,111,732.953870128498,25.18720217835262,422.6040332272421,217.9052046327967,46,Retail trade,76,17.24529158157477,68.46846846846847,Gustavo A. Madero,005
355,0900500010826,0.166612,3830,22987.539913091496,62.412640534791855,129.0,137.0,273.0,163.0,164.0,428.0,1920.0,616.0,16.08355091383812,22.610966057441253,150,900.2952968573692,39.1644908616188,324.1063068686529,426.1397738458214,46,Retail trade,35,9.138381201044387,23.333333333333332,Gustavo A. Madero,005
356,0900500010830,0.233817,4501,19250.097298314493,62.41299303944316,125.0,172.0,325.0,181.0,190.0,445.0,2239.0,824.0,18.307042879360143,22.061764052432792,242,1034.9974552748517,53.76582981559653,581.6514624685117,380.639559997776,46,Retail trade,65,14.441235281048655,26.859504132231404,Gustavo A. Madero,005
357,0900500010845,0.386481,7846,20301.127351667998,63.55475763016158,241.0,326.0,593.0,324.0,336.0,864.0,3826.0,1336.0,17.027784858526637,23.196533265358145,576,1490.3708073618109,73.41320418047412,825.3963325493362,533.0145595773142,46,Retail trade,123,15.676777976038746,21.354166666666668,Gustavo A. Madero,005
358,090050001085A,0.273484,4357,15931.462169633323,60.90104585679807,130.0,177.0,321.0,174.0,177.0,503.0,2170.0,705.0,16.18085838879963,22.46958916685793,142,519.2259876263328,32.59123249942621,255.95647277354433,171.85648886223692,46,Retail trade,87,19.967867798944226,61.267605633802816,Gustavo A. Madero,005
359,0900500010864,0.235504,5592,23744.81962089816,62.40984302078914,199.0,207.0,470.0,248.0,256.0,631.0,2693.0,888.0,15.879828326180258,24.678111587982833,199,844.9962633331069,35.5865522174535,382.15911407024936,339.6969902846661,46,Retail trade,71,12.696709585121603,35.678391959798994,Gustavo A. Madero,005
360,0900500010879,0.087653,1856,21174.403614251652,57.529411764705884,29.0,41.0,86.0,40.0,65.0,205.0,921.0,469.0,25.26939655172414,14.0625,15,171.12933955483555,8.081896551724137,68.45173582193422,68.45173582193422,46,Retail trade,19,10.237068965517242,126.66666666666667,Gustavo A. Madero,005
361,0900500010883,0.379291,766,2019.5575428892328,62.37623762376238,10.0,20.0,29.0,23.0,29.0,77.0,383.0,195.0,25.45691906005222,14.490861618798956,204,537.845611944391,266.31853785900785,131.82490488833113,268.9228059721955,46,Retail trade,90,117.49347258485639,44.11764705882353,Gustavo A. Madero,005
362,0900500010898,0.052036,1533,29460.373587516337,63.27724945135333,35.0,43.0,88.0,25.0,37.0,167.0,789.0,349.0,22.765818656229616,14.87279843444227,4,76.86985932815743,2.609262883235486,38.434929664078716,38.434929664078716,46,Retail trade,5,3.2615786040443573,125.0,Gustavo A. Madero,005
363,0900500010900,0.089237,1915,21459.708416912268,59.817351598173516,34.0,45.0,84.0,54.0,49.0,219.0,963.0,467.0,24.386422976501304,13.890339425587467,4,44.824456223315444,2.0887728459530024,11.206114055828861,33.61834216748658,72,Accommodation and food services,15,7.83289817232376,375.0,Gustavo A. Madero,005
364,0900500010915,0.096847,1933,19959.3172736378,61.17381489841986,38.0,42.0,81.0,37.0,58.0,219.0,999.0,459.0,23.745473357475426,13.243662700465597,19,196.18573626441707,9.829280910501812,51.62782533274133,123.9067807985792,46,Retail trade,15,7.759958613554061,78.94736842105263,Gustavo A. Madero,005
365,090050001092A,0.246703,2904,11771.239101267516,61.50392817059484,62.0,58.0,111.0,52.0,66.0,414.0,1480.0,661.0,22.761707988980717,12.017906336088155,165,668.8204034811089,56.81818181818182,206.72630653052457,368.8645861623085,46,Retail trade,67,23.07162534435262,40.60606060606061,Gustavo A. Madero,005
366,0900500010934,0.235069,2566,10915.943829258644,59.32496754651666,48.0,71.0,136.0,70.0,86.0,305.0,1244.0,606.0,23.616523772408417,16.017147310989866,62,263.75234505613247,24.16212003117693,72.3191913863589,161.65466309891988,46,Retail trade,50,19.485580670303975,80.64516129032258,Gustavo A. Madero,005
367,0900500010949,0.23124,1842,7965.74987026466,58.260361938120255,24.0,32.0,73.0,40.0,59.0,204.0,893.0,517.0,28.067318132464713,12.37785016286645,216,934.094447327452,117.26384364820846,337.31188375713543,518.9413596263622,46,Retail trade,95,51.57437567861021,43.98148148148148,Gustavo A. Madero,005
368,0900500010953,0.286294,1247,4355.6623610693905,74.89177489177489,26.0,32.0,34.0,20.0,29.0,87.0,675.0,344.0,27.586206896551722,11.307137129109863,235,820.8345267452339,188.4522854851644,104.78738639300859,649.6817956366532,62,Health care and social assistance,102,81.7963111467522,43.40425531914894,Gustavo A. Madero,005
369,0900500010968,0.311314,1798,5775.519250660105,60.97256857855361,42.0,50.0,101.0,61.0,73.0,203.0,904.0,364.0,20.24471635150167,18.186874304783093,157,504.31397238800696,87.31924360400446,86.72915448710948,382.2507179246677,62,Health care and social assistance,76,42.269187986651836,48.40764331210191,Gustavo A. Madero,005
370,0900500010972,0.179236,2989,16676.3373429445,62.76886976926085,90.0,112.0,230.0,129.0,118.0,353.0,1499.0,458.0,15.322850451656072,22.716627634660423,99,552.3443950991988,33.12144529943125,228.7486888794662,234.3279251935995,46,Retail trade,31,10.371361659417866,31.31313131313131,Gustavo A. Madero,005
371,0900500010987,0.273382,2773,10143.31594618519,61.29715981348029,84.0,106.0,224.0,115.0,127.0,262.0,1374.0,481.0,17.345834835917778,23.656689505950233,85,310.92025078461637,30.652722683014787,120.71021501049813,131.68387092054343,46,Retail trade,35,12.621709340064912,41.1764705882353,Gustavo A. Madero,005
372,0900500010991,0.148815,5676,38141.3163995565,62.01799485861183,199.0,266.0,543.0,256.0,253.0,633.0,2754.0,772.0,13.601127554615926,26.726568005637773,84,564.4592279004132,14.799154334038056,322.54813022880757,194.8728286799046,46,Retail trade,63,11.099365750528541,75.0,Gustavo A. Madero,005
373,0900500011006,0.274713,4733,17228.889786795673,63.54631005448242,169.0,172.0,354.0,198.0,201.0,458.0,2327.0,854.0,18.043524191844497,23.11430382421297,341,1241.2954610812012,72.04732727656877,644.3087877166352,462.30065559329194,46,Retail trade,88,18.592858652017746,25.806451612903224,Gustavo A. Madero,005
374,0900500011025,0.342934,7872,22954.8542868307,62.72646272646273,249.0,314.0,575.0,315.0,315.0,847.0,3852.0,1405.0,17.848069105691057,22.459349593495936,262,763.9954043635219,33.28252032520325,306.18136434415953,384.9137151755148,46,Retail trade,131,16.641260162601625,50.0,Gustavo A. Madero,005
375,090050001103A,0.302451,4250,14051.862946394624,62.70150083379655,138.0,152.0,362.0,179.0,177.0,526.0,2060.0,656.0,15.435294117647059,23.71764705882353,354,1170.4375254173403,83.29411764705883,621.5882903346327,426.51536943174267,46,Retail trade,73,17.176470588235293,20.62146892655367,Gustavo A. Madero,005
376,0900500011044,0.268213,6184,23056.30226722791,62.914534773545576,210.0,234.0,461.0,245.0,295.0,717.0,3056.0,966.0,15.620957309184993,23.366752910737386,516,1923.8441089730923,83.44113842173351,1125.9707769571198,659.9232699384445,46,Retail trade,103,16.65588615782665,19.96124031007752,Gustavo A. Madero,005
377,0900500011059,0.163342,3949,24176.268198013982,62.15644820295983,120.0,166.0,351.0,147.0,182.0,434.0,1904.0,645.0,16.33324892377817,24.46188908584452,125,765.2655165236131,31.65358318561661,348.96107553476753,299.9840824772563,46,Retail trade,36,9.116231957457584,28.8,Gustavo A. Madero,005
378,0900500011063,0.102668,2382,23200.99738964429,62.266727355484754,45.0,55.0,85.0,59.0,79.0,251.0,1261.0,547.0,22.963895885810242,13.560033585222502,12,116.8815989402735,5.037783375314861,29.220399735068376,87.66119920520512,72,Accommodation and food services,19,7.97649034424853,158.33333333333334,Gustavo A. Madero,005
379,0900500011078,0.281394,0,0.0,,0.0,0.0,0.0,0.0,0.0,0.0,0.0,0.0,,,19,67.52098481133216,,17.76868021350846,35.53736042701692,46,Retail trade,24,,126.3157894736842,Gustavo A. Madero,005
380,0900500011082,0.265053,2822,10646.927218329918,57.3494917904613,50.0,72.0,142.0,72.0,97.0,298.0,1457.0,634.0,22.466335931963147,15.343727852586818,269,1014.8913613503714,95.32246633593196,422.5569980343554,505.5592655053895,46,Retail trade,67,23.74202693125443,24.907063197026023,Gustavo A. Madero,005
381,0900500011097,0.213218,2433,11410.856494292228,58.49569551427277,37.0,57.0,132.0,55.0,69.0,280.0,1169.0,634.0,26.0583641594739,14.385532264693794,242,1134.9886032136124,99.46568023016852,332.99252408333257,717.5754392218294,46,Retail trade,85,34.93629264282779,35.12396694214876,Gustavo A. Madero,005
382,090050001110A,0.235269,3057,12993.637070757302,58.72959545777147,41.0,71.0,124.0,77.0,89.0,304.0,1509.0,842.0,27.543343146876023,13.150147203140333,54,229.5245017405608,17.664376840039253,51.005444831235735,123.26315834215302,81,Other services (except government),55,17.99149492966961,101.85185185185185,Gustavo A. Madero,005
383,0900500011114,0.25491,2112,8285.27715664352,63.12020460358056,34.0,33.0,90.0,54.0,68.0,230.0,1095.0,508.0,24.053030303030305,13.210227272727273,285,1118.041661762975,134.9431818181818,211.83947275509004,835.5890314228551,62,Health care and social assistance,95,44.98106060606061,33.333333333333336,Gustavo A. Madero,005
384,0900500011129,0.269762,1745,6468.664971345112,61.75920149719276,29.0,36.0,77.0,59.0,47.0,153.0,874.0,470.0,26.93409742120344,14.212034383954155,204,756.2221513778812,116.9054441260745,407.7668463312105,322.50650573468465,46,Retail trade,88,50.429799426934096,43.13725490196079,Gustavo A. Madero,005
385,0900500011133,0.207036,6118,29550.416352711607,61.344700639410966,205.0,253.0,499.0,265.0,263.0,645.0,2969.0,1019.0,16.655769859431185,24.27263811703171,107,516.8183311114975,17.489375612945405,212.52342587762516,255.9941266253212,46,Retail trade,83,13.566525008172606,77.57009345794393,Gustavo A. Madero,005
386,0900500011148,0.203365,4353,21404.863177046198,61.353423209093314,120.0,151.0,299.0,176.0,168.0,450.0,2167.0,822.0,18.88352860096485,20.997013553870893,120,590.0720379613011,27.56719503790489,231.1115482015096,245.86334915054212,46,Retail trade,77,17.688950149322306,64.16666666666667,Gustavo A. Madero,005
387,0900500011152,0.158885,3678,23148.818327721307,60.71085494716618,108.0,159.0,284.0,143.0,162.0,405.0,1801.0,616.0,16.748232735182164,23.27351821642197,91,572.7412908707556,24.741707449700925,339.8684583189099,157.3465084809768,46,Retail trade,60,16.31321370309951,65.93406593406593,Gustavo A. Madero,005
388,0900500011167,0.173101,5776,33367.8026123477,63.3587786259542,229.0,261.0,570.0,293.0,275.0,660.0,2749.0,739.0,12.794321329639889,28.185595567867036,90,519.9276722838111,15.581717451523545,329.28752577974706,144.42435341216978,46,Retail trade,66,11.426592797783934,73.33333333333333,Gustavo A. Madero,005
389,0900500011171,0.305957,6810,22258.02972313103,61.728608470181506,218.0,268.0,539.0,264.0,254.0,732.0,3392.0,1143.0,16.784140969162994,22.657856093979444,210,686.370960625186,30.837004405286343,271.2799511042401,303.9642825625823,46,Retail trade,136,19.970631424375917,64.76190476190476,Gustavo A. Madero,005
390,0900500011186,0.257552,6233,24200.938062993104,64.63229719484458,189.0,270.0,497.0,247.0,252.0,654.0,3054.0,1070.0,17.166693406064496,23.343494304508262,268,1040.566565198484,42.99695170864752,407.68466173821207,477.5734608933342,46,Retail trade,69,11.07011070110701,25.746268656716417,Gustavo A. Madero,005
391,0900500011190,0.311896,4698,15062.71321209634,64.01392688385974,147.0,161.0,369.0,192.0,229.0,522.0,2316.0,762.0,16.219667943805874,23.371647509578544,337,1080.488367917511,71.73265219242231,702.1571292995101,240.4647703080514,46,Retail trade,80,17.02852277564921,23.73887240356083,Gustavo A. Madero,005
392,0900500011203,0.166619,3360,20165.76740947911,63.14315715785789,107.0,138.0,258.0,152.0,149.0,420.0,1637.0,499.0,14.851190476190476,23.928571428571427,174,1044.298669419454,51.785714285714285,420.12015436414816,492.14075225514495,46,Retail trade,68,20.238095238095237,39.08045977011494,Gustavo A. Madero,005
393,0900500011218,0.172956,3646,21080.50602465367,67.3595323156869,124.0,153.0,290.0,134.0,152.0,387.0,1822.0,584.0,16.017553483269335,23.39550191991223,197,1139.018016142834,54.031815688425674,508.79992599273805,508.79992599273805,46,Retail trade,52,14.26220515633571,26.395939086294415,Gustavo A. Madero,005
394,0900500011222,0.169654,3836,22610.725358671178,62.316625916870414,113.0,147.0,304.0,149.0,183.0,390.0,1884.0,666.0,17.361835245046922,23.357664233576642,214,1261.3908307496433,55.78727841501564,530.4914708760183,571.7519186108196,46,Retail trade,58,15.119916579770594,27.102803738317757,Gustavo A. Madero,005
395,0900500011237,0.30039,2770,9221.345584074037,58.39006808169804,63.0,69.0,141.0,86.0,81.0,216.0,1388.0,726.0,26.209386281588447,15.884476534296029,237,788.9743333666233,85.5595667870036,216.38536569126802,422.78371450447753,46,Retail trade,149,53.79061371841155,62.869198312236286,Gustavo A. Madero,005
396,0900500011241,0.201347,61,302.9595673141393,61.111111111111114,,0.0,5.0,,3.0,3.0,,14.0,22.950819672131146,,30,148.99650851515045,491.8032786885246,24.832751419191744,99.33100567676698,72,Accommodation and food services,93,1524.5901639344263,310.0,Gustavo A. Madero,005
397,0900500011256,1.133903,1121,988.6207197617433,69.01408450704226,36.0,61.0,101.0,46.0,40.0,132.0,530.0,175.0,15.611061552185548,25.334522747546835,690,608.5176597998242,615.5218554861731,253.9899797425353,308.6683781593311,46,Retail trade,466,415.70026761819804,67.53623188405797,Gustavo A. Madero,005
398,0900500011260,0.322944,2382,7375.89179548157,60.184331797235025,43.0,69.0,100.0,63.0,85.0,230.0,1171.0,621.0,26.070528967254408,15.113350125944585,355,1099.261791518034,149.03442485306465,464.4768133174792,520.2140309155767,46,Retail trade,130,54.575986565911,36.61971830985915,Gustavo A. Madero,005
399,0900500011275,0.551549,2985,5412.030481425948,66.80672268907563,73.0,92.0,200.0,94.0,89.0,273.0,1522.0,642.0,21.507537688442213,18.358458961474035,1088,1972.6261855247676,364.4891122278057,1316.2928407086224,589.2495499039976,46,Retail trade,235,78.72696817420436,21.59926470588235,Gustavo A. Madero,005
400,090050001128A,0.353017,7970,22576.816413940403,64.4418016946633,268.0,329.0,646.0,357.0,350.0,868.0,3877.0,1275.0,15.997490589711418,24.466750313676286,297,841.3192565797115,37.26474278544542,288.9379265021231,439.072339292442,46,Retail trade,167,20.95357590966123,56.22895622895623,Gustavo A. Madero,005
401,0900500011294,0.296767,7001,23590.89790980803,61.78010471204188,244.0,262.0,574.0,304.0,319.0,761.0,3382.0,1155.0,16.497643193829454,24.325096414797887,399,1344.4891109860598,56.99185830595629,721.1044354662075,468.38091836356466,46,Retail trade,126,17.99742893872304,31.57894736842105,Gustavo A. Madero,005
402,0900500011307,0.373344,13176,35291.848804319874,65.31244306795409,490.0,573.0,1133.0,638.0,627.0,1579.0,6701.0,1435.0,10.891013964784456,26.267455980570734,142,380.34627582069083,10.777170613236187,174.10216850947117,158.0311991085969,46,Retail trade,161,12.219186399514268,113.38028169014085,Gustavo A. Madero,005
403,0900500011311,0.205283,2212,10775.36863744197,56.37651821862348,47.0,47.0,142.0,80.0,91.0,214.0,1110.0,481.0,21.74502712477396,18.3996383363472,110,535.8456374858123,49.72875226039783,189.98163510860616,263.0514947657624,46,Retail trade,38,17.179023508137433,34.54545454545455,Gustavo A. Madero,005
404,0900500011326,0.11443,2602,22738.792274753123,56.09442060085837,52.0,65.0,155.0,98.0,100.0,250.0,1293.0,589.0,22.63643351268255,18.0630284396618,191,1669.1427073319933,73.40507302075326,1179.7605523027178,410.7314515424277,46,Retail trade,31,11.91391237509608,16.230366492146597,Gustavo A. Madero,005
405,0900500011330,0.198756,5138,25850.79192577834,63.14496314496314,132.0,175.0,354.0,200.0,223.0,545.0,2571.0,938.0,18.256130790190735,21.097703386531723,134,674.1934834671657,26.08018684312962,251.56473263700215,362.2532149972831,46,Retail trade,50,9.73141300116777,37.3134328358209,Gustavo A. Madero,005
406,0900500011345,0.273236,6216,22749.564479058397,59.17715573924479,194.0,218.0,481.0,266.0,322.0,657.0,2982.0,1096.0,17.63191763191763,23.825611325611327,275,1006.4559574873003,44.24066924066924,505.05789866635433,387.9430236132867,46,Retail trade,64,10.296010296010296,23.272727272727273,Gustavo A. Madero,005
407,090050001135A,0.23316,6197,26578.315319951966,62.09570644978248,193.0,238.0,479.0,261.0,274.0,677.0,3097.0,978.0,15.781829917702114,23.317734387606908,164,703.3796534568537,26.46441826690334,317.37862412077544,308.8008234688626,46,Retail trade,77,12.42536711311925,46.951219512195124,Gustavo A. Madero,005
408,0900500011364,0.184737,4742,25668.923929694647,64.0721522115147,158.0,174.0,363.0,213.0,224.0,541.0,2295.0,774.0,16.322226908477436,23.871784057359765,216,1169.2297698890857,45.55040067482075,573.7886833714957,508.83147393321315,46,Retail trade,68,14.33994095318431,31.48148148148148,Gustavo A. Madero,005
409,0900500011379,0.221979,5453,24565.38681586997,62.823779193205944,166.0,153.0,417.0,184.0,208.0,574.0,2647.0,1104.0,20.245736291949385,20.685860993948285,113,509.0571630649746,20.722538052448193,175.69229521711515,207.226809743264,46,Retail trade,55,10.086191087474784,48.67256637168141,Gustavo A. Madero,005
410,0900500011383,0.213796,4092,19139.740687384234,61.41732283464567,111.0,157.0,268.0,166.0,154.0,397.0,2012.0,827.0,20.210166177908114,20.918866080156402,461,2156.2611087204623,112.65884652981427,1286.2728956575427,645.475125820876,46,Retail trade,66,16.129032258064516,14.316702819956616,Gustavo A. Madero,005
411,0900500011398,0.211111,3003,14224.744328812805,63.92870980240217,88.0,108.0,226.0,121.0,110.0,305.0,1490.0,555.0,18.48151848151848,21.744921744921744,347,1643.685075623724,115.55111555111556,696.3161559558715,738.9477573409249,46,Retail trade,80,26.64002664002664,23.054755043227665,Gustavo A. Madero,005
412,0900500011400,0.356345,4437,12451.416464381427,68.47330292460424,161.0,170.0,379.0,189.0,179.0,502.0,2307.0,550.0,12.395762902862295,24.295695289610098,253,709.9861089674332,57.02050935316655,246.95169007562896,345.17111226479955,46,Retail trade,123,27.721433400946587,48.616600790513836,Gustavo A. Madero,005
413,0900500011415,0.265916,3347,12586.681508446276,59.42689677629436,43.0,73.0,160.0,93.0,108.0,254.0,1724.0,892.0,26.6507319988049,14.251568568867643,158,594.1725958573384,47.20645354048401,184.2687164367695,361.01626077407906,46,Retail trade,82,24.499551837466388,51.89873417721519,Gustavo A. Madero,005
414,090050001142A,0.147603,2240,15175.84330941783,62.163485070974055,40.0,49.0,108.0,57.0,58.0,237.0,1124.0,567.0,25.3125,13.928571428571429,79,535.2194738589324,35.267857142857146,135.4986009769449,325.1966423446678,46,Retail trade,42,18.75,53.164556962025316,Gustavo A. Madero,005
415,0900500011434,0.192765,1729,8969.470598915777,64.65517241379311,37.0,61.0,123.0,55.0,62.0,183.0,852.0,356.0,20.589936379410062,19.548872180451127,438,2272.1967162088554,253.3256217466744,964.905454828418,1094.5970482193345,46,Retail trade,139,80.39329091960671,31.735159817351597,Gustavo A. Madero,005
416,0900500011449,0.189366,2830,14944.604628074734,64.15478615071284,96.0,99.0,180.0,106.0,92.0,265.0,1363.0,629.0,22.226148409893995,20.247349823321557,128,675.9397146267017,45.22968197879859,258.7581720055343,337.9698573133509,46,Retail trade,89,31.448763250883392,69.53125,Gustavo A. Madero,005
417,0900500011453,0.332796,4315,12965.901032464333,68.80708552449488,146.0,183.0,373.0,176.0,190.0,405.0,2219.0,623.0,14.438006952491309,24.750869061413674,174,522.8428226300797,40.32444959443801,222.3584418081948,216.3487541917571,46,Retail trade,128,29.663962920046348,73.5632183908046,Gustavo A. Madero,005
418,0900500011468,0.144225,3220,22326.226382388628,70.16509433962264,166.0,162.0,348.0,178.0,152.0,368.0,1622.0,224.0,6.956521739130435,31.242236024844722,31,214.94193101057377,9.627329192546584,62.402496099843994,97.07054948864621,46,Retail trade,47,14.596273291925465,151.61290322580646,Gustavo A. Madero,005
419,0900500011472,0.125737,2827,22483.43765160613,62.83185840707964,75.0,80.0,186.0,100.0,115.0,281.0,1402.0,588.0,20.799434029006015,19.667492041032897,102,811.2170641895385,36.08065086664308,286.3119050080724,397.65542362232276,46,Retail trade,44,15.56420233463035,43.13725490196079,Gustavo A. Madero,005
420,0900500011487,0.137483,2732,19871.547754995165,60.70677324358435,80.0,94.0,181.0,83.0,101.0,299.0,1351.0,543.0,19.875549048316252,19.72913616398243,103,749.1835354189245,37.70131771595901,196.38791705156274,487.3329793501742,81,Other services (except government),41,15.00732064421669,39.80582524271845,Gustavo A. Madero,005
421,0900500011504,0.144676,1035,7153.916337194835,53.319057815845824,18.0,22.0,61.0,33.0,35.0,81.0,497.0,288.0,27.82608695652174,16.32850241545894,12,82.94395753269374,11.594202898550725,20.735989383173436,41.47197876634687,46,Retail trade,54,52.17391304347826,450.0,Gustavo A. Madero,005
422,0900500011523,0.251556,5471,21748.636486507974,59.46627442740071,150.0,184.0,378.0,230.0,227.0,566.0,2735.0,1001.0,18.296472308535918,21.367208919758728,175,695.6701489926696,31.986839700237617,250.44125363736106,337.8969295107253,46,Retail trade,74,13.525863644671906,42.285714285714285,Gustavo A. Madero,005
423,0900500011538,0.220438,4658,21130.658053511645,62.7307206068268,159.0,196.0,348.0,195.0,217.0,523.0,2305.0,715.0,15.349935594675827,23.937312151137828,295,1338.244767236139,63.331902103907254,721.29124742558,476.3244086772698,46,Retail trade,93,19.965650493774152,31.52542372881356,Gustavo A. Madero,005
424,0900500011542,0.208086,5144,24720.548234864433,64.59570580173595,174.0,199.0,393.0,233.0,233.0,562.0,2527.0,823.0,15.999222395023327,23.950233281493002,145,696.827273338908,28.188180404354586,278.7309093355632,288.34232000230674,46,Retail trade,66,12.830482115085536,45.51724137931034,Gustavo A. Madero,005
425,0900500011557,0.215096,3663,17029.605385502287,63.09928858645221,97.0,109.0,224.0,132.0,138.0,368.0,1860.0,735.0,20.065520065520065,19.11001911001911,203,943.7646446237959,55.41905541905542,283.59430207907167,483.50503961022054,46,Retail trade,67,18.29101829101829,33.004926108374384,Gustavo A. Madero,005
426,0900500011561,0.36314,4128,11367.516660241228,63.18327974276527,87.0,98.0,211.0,104.0,105.0,337.0,2166.0,1020.0,24.709302325581394,14.656007751937985,209,575.5356061023297,50.62984496124031,203.77815718455693,308.42099465770775,46,Retail trade,115,27.858527131782946,55.02392344497608,Gustavo A. Madero,005
427,0900500011576,0.236576,4358,18421.141620451777,59.33098591549296,82.0,90.0,210.0,121.0,132.0,380.0,2140.0,1203.0,27.6044056906838,14.570904084442406,130,549.5062897335317,29.830197338228544,173.30582983903693,304.3419450831868,46,Retail trade,80,18.35704451583295,61.53846153846154,Gustavo A. Madero,005
428,0900500011580,0.210112,3199,15225.213219616206,60.39944903581267,66.0,69.0,160.0,87.0,105.0,266.0,1586.0,860.0,26.883401062832135,15.22350734604564,146,694.8674992385014,45.63926226945921,171.33719159305514,418.824246116357,81,Other services (except government),58,18.130665833072836,39.726027397260275,Gustavo A. Madero,005
429,0900500011595,0.208833,3490,16711.91813554371,62.89808917197452,63.0,97.0,190.0,106.0,128.0,297.0,1776.0,833.0,23.868194842406876,16.733524355300858,476,2279.3332471400595,136.38968481375358,1316.8416868981435,828.4131339395593,46,Retail trade,77,22.063037249283667,16.176470588235293,Gustavo A. Madero,005
430,0900500011608,0.170973,2467,14429.178876196826,58.54092526690391,36.0,52.0,131.0,69.0,63.0,205.0,1234.0,677.0,27.44223753546818,14.227807053100932,111,649.2253162780088,44.9939197405756,193.01293186643505,386.0258637328701,46,Retail trade,67,27.158492095662748,60.36036036036036,Gustavo A. Madero,005
431,0900500011612,0.155414,2463,15847.993102294517,61.47283340817243,40.0,62.0,134.0,72.0,80.0,219.0,1239.0,617.0,25.050751116524562,15.753146569224523,217,1396.270606251689,88.1039382866423,604.8361151505012,669.1803827197035,46,Retail trade,63,25.578562728380025,29.032258064516128,Gustavo A. Madero,005
432,0900500011627,0.397954,637,1600.6875166476527,66.9090909090909,25.0,17.0,45.0,22.0,27.0,63.0,351.0,87.0,13.657770800627944,21.350078492935637,99,248.77247119013757,155.4160125588697,50.25706488689647,85.43701030772401,72,Accommodation and food services,58,91.05180533751962,58.58585858585859,Gustavo A. Madero,005
433,0900500011631,0.187729,4100,21839.9927555146,61.92080876158383,135.0,126.0,278.0,143.0,158.0,405.0,2072.0,783.0,19.097560975609756,20.48780487804878,198,1054.7118452663146,48.292682926829265,500.7217851264322,479.41447512105213,46,Retail trade,75,18.29268292682927,37.878787878787875,Gustavo A. Madero,005
434,0900500011646,0.635511,7,11.014758202454402,100.0,0.0,0.0,0.0,0.0,0.0,0.0,4.0,3.0,42.857142857142854,0.0,230,361.91348379493036,32857.142857142855,160.5007623786213,135.32417220158266,46,Retail trade,300,42857.142857142855,130.43478260869566,Gustavo A. Madero,005
435,0900500011650,0.394444,7789,19746.782813276408,67.84585277735962,235.0,279.0,632.0,336.0,309.0,740.0,4560.0,698.0,8.961355758120426,22.99396584927462,86,218.02841467990388,11.041211965592503,65.91556722880814,109.01420733995194,46,Retail trade,93,11.939915265117474,108.13953488372093,Gustavo A. Madero,005
436,0900500011665,0.197196,4977,25238.84865818779,60.238150828858274,150.0,170.0,374.0,189.0,183.0,509.0,2483.0,919.0,18.464938718103276,21.418525215993572,118,598.3894196636849,23.70906168374523,223.1282581796791,299.19470983184243,46,Retail trade,58,11.653606590315452,49.152542372881356,Gustavo A. Madero,005
437,090050001167A,0.302066,7456,24683.347347930587,61.654721096914926,213.0,280.0,545.0,284.0,332.0,754.0,3713.0,1335.0,17.905042918454935,22.183476394849784,226,748.180861136308,30.311158798283262,268.1533174869068,384.0220349195209,46,Retail trade,105,14.082618025751072,46.46017699115044,Gustavo A. Madero,005
438,0900500011684,0.201986,4341,21491.58852593744,63.25107296137339,132.0,142.0,339.0,185.0,187.0,415.0,2184.0,757.0,17.43837825385856,22.69062428011979,175,866.3966809580862,40.31329186823313,381.21453962155795,366.3620250908479,46,Retail trade,63,14.512785072563926,36.0,Gustavo A. Madero,005
439,0900500011699,0.114493,3550,31006.262391587257,59.351457582705535,98.0,140.0,259.0,137.0,134.0,404.0,1716.0,662.0,18.647887323943664,21.633802816901408,79,689.9985151930686,22.253521126760564,314.4297031259553,288.22722786545904,46,Retail trade,35,9.859154929577464,44.30379746835443,Gustavo A. Madero,005
440,0900500011701,0.116208,3544,30497.03979072009,64.48472641826116,133.0,135.0,297.0,162.0,183.0,390.0,1742.0,502.0,14.164785553047404,25.677200902934537,97,834.7101748588738,27.37020316027088,344.21038138510255,421.65771719675064,46,Retail trade,48,13.544018058690744,49.48453608247423,Gustavo A. Madero,005
441,0900500011716,0.240272,3589,14937.237797163216,57.79578606158833,108.0,114.0,280.0,161.0,170.0,382.0,1757.0,617.0,17.19141822234606,23.20980774589022,208,865.6855563694479,57.95486207857342,316.3081840580675,449.4905773456749,46,Retail trade,66,18.38952354416272,31.73076923076923,Gustavo A. Madero,005
442,0900500011720,0.248464,3006,12098.332152746474,64.94038748137109,73.0,86.0,163.0,95.0,98.0,290.0,1563.0,638.0,21.224218230206255,17.132401862940785,223,897.5143280314251,74.1849634065203,309.90405048618715,382.3491531972439,46,Retail trade,54,17.964071856287426,24.2152466367713,Gustavo A. Madero,005
443,0900500011735,0.380404,5876,15446.735575861452,65.59984292165717,176.0,205.0,402.0,197.0,227.0,612.0,3067.0,990.0,16.848196051735876,20.541184479237575,426,1119.8620414086076,72.49829816201498,525.756826952398,436.3781663704903,46,Retail trade,140,23.82573179033356,32.863849765258216,Gustavo A. Madero,005
444,090050001174A,0.289601,5034,17382.536662511524,65.28604118993135,150.0,158.0,356.0,161.0,209.0,526.0,2593.0,881.0,17.500993245927692,20.540325784664283,281,970.3005169181046,55.82042113627334,410.9101833211902,390.1920228176008,46,Retail trade,104,20.659515295987287,37.01067615658363,Gustavo A. Madero,005
445,0900500011754,0.261042,5282,20234.291799787006,63.1521262604121,145.0,183.0,391.0,207.0,215.0,529.0,2653.0,959.0,18.156001514577813,21.60166603559258,254,973.0234981343998,48.087845513063236,333.27970211690075,463.52694202465506,46,Retail trade,96,18.17493373722075,37.79527559055118,Gustavo A. Madero,005
446,0900500011769,0.233891,5556,23754.654946107374,62.30323115161558,133.0,176.0,398.0,202.0,208.0,509.0,2858.0,1072.0,19.29445644348452,20.104391648668106,155,662.7018568478479,27.897768178545718,213.77479253156386,354.86615560239596,46,Retail trade,136,24.47804175665947,87.74193548387096,Gustavo A. Madero,005
447,0900500011773,0.374442,4611,12314.323713685964,64.29640718562874,131.0,158.0,312.0,178.0,172.0,445.0,2319.0,896.0,19.431793537193666,20.62459336369551,237,632.9418174243274,51.398828887443074,186.94484058946378,312.46494784238945,46,Retail trade,163,35.35024940360009,68.77637130801688,Gustavo A. Madero,005
448,0900500011788,0.194185,3082,15871.462780338337,58.41088045812455,63.0,74.0,151.0,80.0,112.0,277.0,1504.0,821.0,26.63854639844257,15.574302401038286,105,540.7214769420913,34.06878650227125,154.49185055488323,329.5826145170842,46,Retail trade,84,27.255029201817003,80.0,Gustavo A. Madero,005
449,0900500011792,0.205191,2749,13397.273759570351,61.14905584572117,50.0,86.0,124.0,73.0,92.0,217.0,1345.0,762.0,27.719170607493634,15.460167333575846,115,560.4534311933759,41.83339396144052,160.8257672120122,360.63959920269406,46,Retail trade,69,25.100036376864313,60.0,Gustavo A. Madero,005
450,0900500011805,0.718816,3937,5477.062280194097,71.16843702579666,160.0,170.0,312.0,144.0,159.0,318.0,2380.0,294.0,7.467614935229871,24.003048006096012,259,360.31473979432843,65.78613157226314,164.15883897965543,144.6823665583404,46,Retail trade,433,109.98221996443993,167.18146718146718,Gustavo A. Madero,005
451,090050001181A,0.240361,3787,15755.467817158358,62.58026853473439,72.0,95.0,194.0,106.0,119.0,322.0,1918.0,961.0,25.37628729865329,15.473989965672036,230,956.8940052670774,60.73409030895168,303.7098364543333,586.617629315904,46,Retail trade,122,32.21547398996567,53.04347826086956,Gustavo A. Madero,005
452,0900500011824,0.194455,3291,16924.224113548124,64.50407608695652,83.0,104.0,160.0,101.0,103.0,278.0,1690.0,772.0,23.457915527195382,16.742631419021574,122,627.3945128693014,37.07079914919478,154.2773392301561,406.26365997274434,81,Other services (except government),79,24.004861744150713,64.75409836065573,Gustavo A. Madero,005
453,0900500011839,0.24739,4354,17599.741299163263,63.3177570093458,130.0,139.0,233.0,161.0,165.0,436.0,2227.0,863.0,19.820854386770787,19.016995865870463,187,755.891507336594,42.94901240238861,347.62924936335344,311.2494441974211,46,Retail trade,83,19.062930638493338,44.38502673796791,Gustavo A. Madero,005
454,0900500011843,0.239644,3934,16416.01709201983,60.928100830707535,83.0,102.0,258.0,153.0,122.0,353.0,1941.0,922.0,23.43670564311134,18.251143873919673,177,738.5955834487823,44.99237417386884,283.75423544924973,354.6927943115621,46,Retail trade,68,17.28520589730554,38.4180790960452,Gustavo A. Madero,005
455,0900500011858,0.117188,2052,17510.325289278768,62.417582417582416,45.0,64.0,123.0,73.0,70.0,175.0,1046.0,456.0,22.22222222222222,18.27485380116959,56,477.86462777758817,27.290448343079923,204.79912619039493,221.8657200395945,46,Retail trade,36,17.54385964912281,64.28571428571429,Gustavo A. Madero,005
456,0900500011862,0.221959,3806,17147.3109898675,61.267605633802816,73.0,99.0,226.0,120.0,140.0,365.0,1884.0,899.0,23.620599054125066,17.288491854965844,307,1383.1383273487445,80.66211245401996,689.316495388788,549.651061682563,46,Retail trade,67,17.603783499737258,21.824104234527688,Gustavo A. Madero,005
457,0900500011877,0.138371,2646,19122.503992888684,61.94191590810576,60.0,84.0,195.0,103.0,91.0,275.0,1275.0,563.0,21.27739984882842,20.14361300075586,115,831.0990019585029,43.46182917611489,296.30486156781404,397.4821313714579,46,Retail trade,55,20.786092214663643,47.82608695652174,Gustavo A. Madero,005
458,0900500011881,0.116353,2455,21099.5848839308,64.50717260527533,66.0,58.0,170.0,91.0,105.0,236.0,1235.0,494.0,20.122199592668025,19.95926680244399,89,764.9136678899556,36.25254582484725,266.43060342234406,421.132244119189,46,Retail trade,51,20.773930753564155,57.30337078651685,Gustavo A. Madero,005
459,0900500011896,0.349298,4486,12842.902049253073,59.42350332594235,85.0,101.0,241.0,155.0,140.0,379.0,2184.0,1201.0,26.772180115916182,16.094516272848864,161,460.9244828198272,35.889433794025855,123.10405441771782,280.5627286729383,46,Retail trade,67,14.935354436023184,41.61490683229814,Gustavo A. Madero,005
460,0900500011909,0.372668,6163,16537.507915892966,61.1873840445269,187.0,198.0,388.0,253.0,217.0,618.0,3065.0,1237.0,20.071393801719942,20.1687489858835,304,815.7394785707386,49.32662664286873,316.6357186557472,405.1863857374392,46,Retail trade,156,25.312347882524744,51.31578947368421,Gustavo A. Madero,005
461,0900500011913,0.280464,6882,24537.90860859148,60.19531907728574,188.0,242.0,513.0,263.0,283.0,682.0,3359.0,1352.0,19.64545190351642,21.63615228131357,503,1793.4565577043757,73.08921825050858,948.4283187860118,691.7108791146101,46,Retail trade,118,17.146178436501017,23.45924453280318,Gustavo A. Madero,005
462,0900500011928,0.570677,14,24.532266062939282,,,,,,,,,,,,14,24.532266062939282,1000.0,0.0,10.513828312688263,93,Government and international organizations,24,1714.2857142857142,171.42857142857142,Gustavo A. Madero,005
463,0900500011932,0.198209,3949,19923.414173927522,61.572052401746724,113.0,130.0,271.0,143.0,147.0,430.0,2002.0,713.0,18.055203849075717,20.359584704988606,286,1442.9213607858371,72.42339832869081,696.2347824770823,600.3763703969042,46,Retail trade,58,14.687262598126107,20.27972027972028,Gustavo A. Madero,005
464,0900500011951,0.13918,2954,21224.313838195143,61.30713712910986,89.0,112.0,239.0,115.0,136.0,309.0,1496.0,458.0,15.504400812457684,23.392010832769127,130,934.0422474493462,44.008124576844956,366.4319586147435,445.4663026296882,46,Retail trade,56,18.95734597156398,43.07692307692308,Gustavo A. Madero,005
465,0900500011970,0.275317,5898,21422.578336971565,62.096774193548384,143.0,240.0,430.0,225.0,242.0,642.0,2896.0,1080.0,18.311291963377418,21.702271956595457,298,1082.3886647028698,50.52560189894879,581.1482763505342,428.5968538085189,46,Retail trade,117,19.837232960325533,39.261744966442954,Gustavo A. Madero,005
466,0900500011985,0.29069,6515,22412.1916818604,62.019486271036314,162.0,203.0,505.0,255.0,303.0,654.0,3275.0,1158.0,17.774366845740598,21.918649270913278,214,736.1794351370876,32.8472755180353,288.9676287453989,378.4099900237366,46,Retail trade,103,15.809669992325404,48.13084112149533,Gustavo A. Madero,005
467,090050001199A,0.27477,4250,15467.481893947665,55.15384615384615,67.0,73.0,209.0,135.0,156.0,469.0,2114.0,1027.0,24.16470588235294,15.058823529411764,99,360.30134294136917,23.294117647058822,134.65807766495615,189.24919023183026,46,Retail trade,70,16.470588235294116,70.70707070707071,Gustavo A. Madero,005
468,0900500012004,0.249817,2711,10851.94362273184,56.40713706407137,50.0,66.0,129.0,86.0,94.0,287.0,1309.0,690.0,25.45186278126153,15.67687200295094,211,844.6182605667349,77.83105864994467,400.2930144866042,384.28129390714,46,Retail trade,56,20.65658428624124,26.540284360189574,Gustavo A. Madero,005
469,0900500012019,0.211138,4307,20398.980761397757,55.89171974522293,106.0,141.0,292.0,150.0,168.0,456.0,2120.0,874.0,20.292547016484793,19.897840724402137,102,483.09636351580485,23.682377524959367,203.65827089391772,241.54818175790243,46,Retail trade,42,9.75156721615974,41.1764705882353,Gustavo A. Madero,005
470,0900500012023,0.16055,4433,27611.336032388663,57.547892720306514,108.0,130.0,280.0,168.0,203.0,472.0,2164.0,908.0,20.482743063388224,20.05413940897812,98,610.4017440049829,22.106925332731784,311.42946122703205,255.3721582061663,46,Retail trade,28,6.31626438078051,28.571428571428573,Gustavo A. Madero,005
471,0900500012038,0.211165,3222,15258.2104041863,57.29710902124695,74.0,97.0,180.0,96.0,100.0,279.0,1572.0,824.0,25.574177529484793,16.977032898820607,74,350.4368621693936,22.967101179391683,113.65519854142495,198.89659744749366,46,Retail trade,59,18.311607697082557,79.72972972972973,Gustavo A. Madero,005
472,0900500012042,0.28309,3604,12730.933625348829,57.78053316800992,70.0,108.0,200.0,116.0,139.0,348.0,1773.0,850.0,23.58490566037736,17.563817980022197,146,515.7370447560846,40.51054384017758,194.28450316153874,275.5307499381822,46,Retail trade,56,15.538290788013319,38.35616438356164,Gustavo A. Madero,005
473,0900500012057,0.124067,2694,21714.07384719547,70.3171247357294,73.0,77.0,179.0,111.0,105.0,262.0,1329.0,558.0,20.71269487750557,20.230141054194505,62,499.7299846050924,23.01410541945063,217.62434813447572,201.5040260504405,46,Retail trade,48,17.817371937639198,77.41935483870968,Gustavo A. Madero,005
474,0900500012061,0.155028,3153,20338.26147534639,60.523446019629226,90.0,109.0,203.0,128.0,113.0,289.0,1575.0,646.0,20.488423723437997,20.393276244846177,181,1167.5310266532497,57.40564541706311,483.7835745800759,561.188946512888,46,Retail trade,78,24.738344433872502,43.0939226519337,Gustavo A. Madero,005
475,0900500012076,0.153342,2946,19211.957585006065,58.55263157894737,68.0,91.0,203.0,107.0,111.0,299.0,1438.0,629.0,21.350984385607603,19.687712152070603,123,802.1285753413938,41.75152749490835,306.50441496784964,410.84634346754314,46,Retail trade,67,22.742701968771215,54.47154471544715,Gustavo A. Madero,005
476,0900500012080,0.156152,2148,13755.827655105282,56.56512605042017,48.0,75.0,121.0,84.0,88.0,201.0,1034.0,497.0,23.13780260707635,19.366852886405958,264,1690.6603821917106,122.90502793296089,883.7542906911215,646.8056765203136,46,Retail trade,41,19.08752327746741,15.530303030303031,Gustavo A. Madero,005
477,0900500012095,0.181353,4036,22254.93926210209,62.27064220183486,128.0,158.0,262.0,159.0,162.0,433.0,1969.0,765.0,18.954410307234888,21.53121902874133,124,683.7493727702326,30.723488602576808,209.53609810700678,336.3605785401951,46,Retail trade,57,14.122893954410307,45.96774193548387,Gustavo A. Madero,005
478,0900500012108,0.176651,3677,20815.05341039677,60.626745268383495,99.0,115.0,240.0,132.0,135.0,375.0,1825.0,756.0,20.560239325537122,19.608376393799293,160,905.74069775999,43.51373402230079,356.63539974299607,424.5659520749953,46,Retail trade,62,16.861571933641557,38.75,Gustavo A. Madero,005
479,0900500012112,0.398921,384,962.5966043402077,66.13418530351437,19.0,18.0,34.0,17.0,19.0,66.0,175.0,36.0,9.375,27.864583333333332,32,80.21638369501731,83.33333333333333,15.040571942815745,37.60142985703936,46,Retail trade,24,62.5,75.0,Gustavo A. Madero,005
480,0900500012127,0.480255,6630,13805.166005559546,63.172091350476535,235.0,264.0,568.0,301.0,285.0,804.0,3357.0,816.0,12.307692307692308,24.93212669683258,225,468.50110878595746,33.93665158371041,214.46939646646052,187.40044351438297,46,Retail trade,120,18.099547511312217,53.333333333333336,Gustavo A. Madero,005
481,0900500012131,0.262026,4822,18402.753925183,62.94161864194437,215.0,212.0,404.0,199.0,250.0,577.0,2356.0,609.0,12.629614267938615,26.545002073828286,197,751.833787486738,40.854417254251345,293.86396769786205,385.45793165563725,46,Retail trade,117,24.263790958108668,59.390862944162436,Gustavo A. Madero,005
482,0900500012146,0.198053,2810,14188.121361453752,58.6677367576244,60.0,74.0,184.0,103.0,101.0,297.0,1368.0,623.0,22.17081850533808,18.576512455516013,87,439.27635531903076,30.96085409252669,156.52375879183856,227.2119079236366,46,Retail trade,42,14.946619217081851,48.275862068965516,Gustavo A. Madero,005
483,0900500012150,0.21587,3106,14388.289248158613,60.52340582381128,72.0,98.0,204.0,128.0,132.0,281.0,1525.0,666.0,21.442369607211848,20.412105602060528,81,375.22583036086536,26.078557630392787,120.442859128179,203.82637698614906,46,Retail trade,41,13.200257566001287,50.617283950617285,Gustavo A. Madero,005
484,0900500012165,2.989406,1009,337.5252474906386,59.746251441753174,30.0,32.0,80.0,47.0,30.0,127.0,500.0,163.0,16.154608523290385,21.704658077304263,198,66.2338939575287,196.2338949454906,12.377040790043239,37.800151602023945,72,Accommodation and food services,112,111.0009910802775,56.56565656565657,Gustavo A. Madero,005
485,090050001217A,0.248638,4413,17748.69488975941,68.60494771741902,107.0,137.0,248.0,168.0,148.0,418.0,2244.0,943.0,21.36868343530478,18.309539995467937,339,1363.4279555015726,76.81849082256969,691.7687561836888,466.5417192866738,46,Retail trade,91,20.620892816677998,26.843657817109143,Gustavo A. Madero,005
486,0900500012184,0.182662,2870,15712.080235626458,57.030943987465726,57.0,73.0,187.0,88.0,94.0,261.0,1379.0,731.0,25.470383275261323,17.386759581881535,60,328.4755449956751,20.905923344947734,109.49184833189169,180.66154974762128,46,Retail trade,45,15.679442508710801,75.0,Gustavo A. Madero,005
487,0900500012199,0.182634,3485,19081.87960620695,64.25309849967384,78.0,98.0,243.0,114.0,124.0,318.0,1707.0,803.0,23.041606886657103,18.85222381635581,128,700.8552624374432,36.72883787661406,290.19788210300385,334.001336005344,46,Retail trade,59,16.929698708751793,46.09375,Gustavo A. Madero,005
488,0900500012201,0.215273,4422,20541.35911145383,63.181341719077565,124.0,162.0,318.0,157.0,187.0,406.0,2147.0,921.0,20.82767978290366,21.438263229308006,438,2034.6258007274484,99.05020352781547,1226.349797698736,678.2086002424828,46,Retail trade,85,19.22207146087743,19.40639269406393,Gustavo A. Madero,005
489,0900500012216,0.18068,3197,17694.266105822448,60.2392171076477,89.0,125.0,224.0,103.0,117.0,311.0,1547.0,681.0,21.3012198936503,20.58179543321864,120,664.1576267434137,37.53518923991242,193.71264113349568,343.1481071507638,46,Retail trade,67,20.95714732561777,55.833333333333336,Gustavo A. Madero,005
490,0900500012220,0.290373,5296,18238.610339115552,67.67111493758071,113.0,181.0,356.0,188.0,209.0,516.0,2652.0,1081.0,20.411631419939578,19.76963746223565,430,1480.8539361442008,81.19335347432025,819.6354344239995,561.3469571895458,46,Retail trade,108,20.39274924471299,25.11627906976744,Gustavo A. Madero,005
491,0900500012235,0.267436,3997,14945.631852106671,60.04495644844057,88.0,131.0,219.0,125.0,145.0,405.0,2040.0,844.0,21.115836877658243,17.713284963722792,100,373.9212372305897,25.01876407305479,160.7861320091536,186.96061861529486,46,Retail trade,73,18.263697773329998,73.0,Gustavo A. Madero,005
492,090050001224A,0.281501,3517,12493.738920998505,56.98161883263463,84.0,100.0,232.0,124.0,140.0,347.0,1756.0,734.0,20.870059709980097,19.334660221779927,248,880.9915417707219,70.51464316178561,458.25769713073845,362.34329540570013,46,Retail trade,74,21.040659653113448,29.838709677419356,Gustavo A. Madero,005
493,0900500012254,0.227878,3267,14336.618717032798,56.80960548885077,73.0,81.0,198.0,100.0,146.0,313.0,1636.0,720.0,22.038567493112946,18.30425466789103,44,193.08577396677168,13.468013468013469,74.60132175988906,87.76626089398714,46,Retail trade,42,12.855831037649219,95.45454545454545,Gustavo A. Madero,005
494,0900500012269,0.189643,2773,14622.211207373855,56.54471544715447,61.0,81.0,171.0,87.0,103.0,276.0,1403.0,591.0,21.31265777136675,18.13919942300757,59,311.1108767526352,21.27659574468085,121.28051127645102,163.4650369378253,46,Retail trade,46,16.588532275513884,77.96610169491525,Gustavo A. Madero,005
495,0900500012273,0.228237,5032,22047.25789420646,62.299162706494684,117.0,177.0,316.0,185.0,204.0,472.0,2541.0,1020.0,20.27027027027027,19.852941176470587,129,565.2019611193627,25.635930047694753,201.54488536039293,254.1218119761476,46,Retail trade,67,13.314785373608903,51.93798449612403,Gustavo A. Madero,005
496,0900500012288,0.327256,7055,21558.04630014423,62.3150707202081,201.0,235.0,468.0,261.0,279.0,753.0,3492.0,1366.0,19.362154500354357,20.467753366406804,276,843.3764392402278,39.121190644932675,284.18119148312024,391.13110225633756,46,Retail trade,128,18.143160878809354,46.3768115942029,Gustavo A. Madero,005
497,0900500012292,0.224239,4245,18930.694482226554,63.40262582056893,123.0,145.0,321.0,155.0,173.0,408.0,2131.0,789.0,18.586572438162545,21.60188457008245,250,1114.8818894126357,58.89281507656066,642.1719683016781,374.60031484264556,46,Retail trade,47,11.071849234393405,18.8,Gustavo A. Madero,005
498,0900500012305,0.183113,3614,19736.44689344831,62.81762624638147,105.0,129.0,271.0,158.0,154.0,419.0,1758.0,620.0,17.15550636413946,22.606530160486994,97,529.727545286244,26.840066408411733,229.36656600022937,229.36656600022937,46,Retail trade,41,11.344770337576094,42.2680412371134,Gustavo A. Madero,005
499,090050001231A,0.237696,3306,13908.521809369951,59.501347708894876,69.0,82.0,187.0,121.0,119.0,296.0,1643.0,789.0,23.865698729582576,17.48336358136721,78,328.1502423263328,23.593466424682397,130.4186860527733,168.28217555196554,46,Retail trade,44,13.309134906231096,56.41025641025641,Gustavo A. Madero,005
500,0900500012324,0.305551,2997,9808.509872329005,55.714285714285715,69.0,89.0,179.0,97.0,109.0,322.0,1432.0,700.0,23.35669002335669,18.11811811811812,247,808.375688510265,82.41574908241574,396.0059040880246,337.0959348848474,46,Retail trade,40,13.34668001334668,16.194331983805668,Gustavo A. Madero,005
501,0900500012339,0.050374,751,14908.484535673166,60.837070254110614,17.0,21.0,44.0,31.0,29.0,74.0,363.0,172.0,22.902796271637815,18.908122503328894,38,754.3574065986421,50.59920106524634,337.47568189939255,357.3271925993568,46,Retail trade,7,9.320905459387484,18.42105263157895,Gustavo A. Madero,005
502,0900500012343,0.298386,3588,12024.692847519656,58.08550185873606,78.0,88.0,194.0,119.0,133.0,342.0,1773.0,861.0,23.99665551839465,17.05685618729097,64,214.48727487214546,17.837235228539576,56.973182387913646,110.59500110595,46,Retail trade,56,15.60758082497213,87.5,Gustavo A. Madero,005
503,0900500012358,0.171754,1767,10287.970003609815,56.75146771037182,40.0,62.0,132.0,62.0,62.0,170.0,838.0,401.0,22.693831352574986,20.260328239954724,82,477.4270177113779,46.40633842671194,145.5570175949323,273.6471930784727,46,Retail trade,47,26.59875495189587,57.31707317073171,Gustavo A. Madero,005
504,0900500012362,0.172897,2422,14008.3402256835,55.06648326455754,44.0,63.0,134.0,70.0,106.0,193.0,1136.0,676.0,27.91081750619323,17.21717588769612,79,456.91943758422644,32.61767134599504,121.4595973325159,277.6219367600363,46,Retail trade,34,14.037985136251033,43.037974683544306,Gustavo A. Madero,005
505,0900500012377,0.228074,2986,13092.241991634293,53.1021897810219,41.0,60.0,144.0,82.0,108.0,276.0,1419.0,856.0,28.66711319490958,14.567983924983254,87,381.4551417522383,29.13596784996651,162.2280487911818,197.30438366495085,46,Retail trade,54,18.08439383791025,62.06896551724138,Gustavo A. Madero,005
506,0900500012381,0.279485,2918,10440.63187648711,60.719874804381845,88.0,92.0,182.0,96.0,111.0,315.0,1390.0,644.0,22.069910897875257,19.49965729952022,65,232.57062096355799,22.27553118574366,78.71621017228117,114.49630570513624,46,Retail trade,64,21.93283070596299,98.46153846153847,Gustavo A. Madero,005
507,0900500012396,0.237706,3449,14509.520163563393,62.06443129520053,67.0,98.0,242.0,139.0,142.0,323.0,1727.0,711.0,20.614670919106988,19.94781095969846,219,921.306151296139,63.49666570020296,420.68774031787166,412.27398551151424,46,Retail trade,52,15.076833864888373,23.744292237442924,Gustavo A. Madero,005
508,0900500012409,0.298613,3728,12484.386145278337,52.442996742671006,52.0,87.0,212.0,126.0,136.0,374.0,1788.0,953.0,25.563304721030043,16.4431330472103,287,961.1101994889707,76.98497854077253,532.461748148942,378.4162109486191,46,Retail trade,46,12.339055793991417,16.027874564459932,Gustavo A. Madero,005
509,0900500012428,0.243085,2407,9901.886171503795,59.37066173068024,43.0,67.0,136.0,85.0,89.0,255.0,1193.0,539.0,22.393020357291235,17.449106771915247,101,415.4925231914762,41.96094723722476,148.09634489993212,193.34800584157804,46,Retail trade,35,14.540922309929373,34.65346534653465,Gustavo A. Madero,005
510,0900500012432,0.194578,2660,13670.610243706895,53.75770020533881,49.0,66.0,110.0,69.0,92.0,245.0,1285.0,744.0,27.969924812030076,14.511278195488721,57,292.94164807943343,21.428571428571427,102.78654318576612,159.31914193793747,46,Retail trade,30,11.278195488721805,52.63157894736842,Gustavo A. Madero,005
511,0900500012447,0.15708,2642,16819.45505474917,52.87784679089027,45.0,68.0,114.0,85.0,86.0,231.0,1270.0,743.0,28.122634367903103,15.06434519303558,49,311.9429590017825,18.54655563966692,114.5912910618793,178.25311942959001,46,Retail trade,23,8.70552611657835,46.93877551020408,Gustavo A. Madero,005
512,0900500012451,0.152733,3246,21252.77444952957,57.71212641703882,77.0,82.0,166.0,91.0,111.0,339.0,1603.0,777.0,23.937153419593347,16.235366605052374,88,576.1688698578565,27.110289587184226,242.2528202811442,307.72655549226425,46,Retail trade,47,14.47935921133703,53.40909090909091,Gustavo A. Madero,005
513,0900500012466,0.154646,3163,20453.164000362118,59.036144578313255,51.0,93.0,197.0,103.0,121.0,267.0,1520.0,811.0,25.640214985773,17.862788491938034,120,775.9657540447215,37.938665823585204,387.98287702236075,336.25182675271265,46,Retail trade,42,13.278533038254821,35.0,Gustavo A. Madero,005
514,0900500012470,0.285765,5374,18805.661994995888,59.27824044415973,142.0,183.0,366.0,195.0,224.0,578.0,2694.0,992.0,18.459248232229253,20.65500558243394,201,703.3751509107134,37.40230740602903,241.45714135740906,283.44968768043674,46,Retail trade,68,12.653516933382955,33.830845771144276,Gustavo A. Madero,005
515,0900500012485,0.285984,6176,21595.613740628847,64.06427221172022,176.0,219.0,491.0,247.0,275.0,688.0,3004.0,1076.0,17.422279792746114,22.797927461139896,298,1042.01633657827,48.251295336787564,587.4454514937898,367.15340718361864,46,Retail trade,97,15.705958549222798,32.5503355704698,Gustavo A. Madero,005
516,0900500012536,2.273524,1867,821.1921228893999,58.28382838283829,93.0,93.0,166.0,103.0,97.0,216.0,899.0,200.0,10.712372790573111,29.56614890198179,16,7.037532922458703,8.56989823245849,4.39845807653669,2.199229038268345,46,Retail trade,13,6.963042313872522,81.25,Gustavo A. Madero,005
517,0900500012574,1.2348,3313,2683.0255911888567,57.630979498861045,143.0,177.0,359.0,184.0,180.0,405.0,1521.0,344.0,10.383338364020526,31.482040446725023,53,42.92193067703272,15.997585270147901,34.01360544217687,7.288629737609329,46,Retail trade,34,10.262601871415635,64.15094339622641,Gustavo A. Madero,005
518,0900500012593,0.63241,5726,9054.252779051565,60.82155477031802,286.0,293.0,619.0,319.0,307.0,666.0,2660.0,576.0,10.059378274537199,31.854697869367797,126,199.23783621384862,22.00488997555012,115.43144479056308,61.66885406619124,46,Retail trade,47,8.208173244848062,37.301587301587304,Gustavo A. Madero,005
519,0900500012606,0.210195,3240,15414.258188824662,58.151765589782116,136.0,155.0,287.0,153.0,185.0,366.0,1490.0,468.0,14.444444444444445,28.271604938271604,52,247.3893289564452,16.049382716049383,166.5120483360689,61.8473322391113,46,Retail trade,34,10.493827160493828,65.38461538461539,Gustavo A. Madero,005
520,0900500012610,0.284368,7326,25762.392392955608,59.90876837303598,303.0,338.0,766.0,406.0,344.0,857.0,3416.0,896.0,12.230412230412231,29.443079443079444,222,780.6785573622911,30.303030303030305,400.8889889157711,281.3256062566815,46,Retail trade,52,7.098007098007098,23.423423423423422,Gustavo A. Madero,005
521,0900500012625,0.296835,7116,23972.914245287786,61.06543336759164,291.0,330.0,657.0,379.0,373.0,871.0,3319.0,896.0,12.591343451377178,28.527262507026418,242,815.2677413377802,34.00786958965711,471.6424949887985,259.40337224383916,46,Retail trade,59,8.291174817313097,24.380165289256198,Gustavo A. Madero,005
522,090050001263A,0.122457,2465,20129.514850110652,58.283888635326335,56.0,55.0,163.0,71.0,83.0,253.0,1161.0,623.0,25.273833671399593,17.363083164300203,95,775.7825195783009,38.5395537525355,318.47913961635516,400.14045746670257,46,Retail trade,46,18.66125760649087,48.421052631578945,Gustavo A. Madero,005
523,0900500012644,0.11346,2242,19760.26793583642,59.04761904761905,49.0,59.0,139.0,82.0,83.0,219.0,1079.0,532.0,23.728813559322035,18.3764495985727,26,229.15564956812975,11.596788581623551,114.57782478406487,96.95046712497796,46,Retail trade,26,11.596788581623551,100.0,Gustavo A. Madero,005
524,0900500012659,0.108771,2132,19600.812716624838,58.00103573278094,32.0,51.0,118.0,70.0,72.0,197.0,1046.0,546.0,25.609756097560975,16.088180112570356,33,303.38969026670713,15.47842401500938,119.51715071112704,165.48528560002205,46,Retail trade,26,12.195121951219512,78.78787878787878,Gustavo A. Madero,005
525,0900500012663,0.134349,2595,19315.365205546746,61.904761904761905,42.0,74.0,148.0,80.0,85.0,261.0,1242.0,663.0,25.54913294797688,16.53179190751445,35,260.5155230035207,13.48747591522158,126.53611117313862,126.53611117313862,46,Retail trade,27,10.404624277456648,77.14285714285714,Gustavo A. Madero,005
526,0900500012678,0.110679,2434,21991.525040883997,60.72234762979684,58.0,50.0,110.0,78.0,82.0,246.0,1222.0,588.0,24.157764995891537,15.52999178307313,51,460.7920201664272,20.9531635168447,144.56220240515364,280.0892671599852,46,Retail trade,26,10.682004930156122,50.98039215686274,Gustavo A. Madero,005
527,0900500012682,0.300753,5028,16718.037725309474,63.32324877821736,178.0,179.0,374.0,225.0,208.0,567.0,2418.0,879.0,17.482100238663485,23.15035799522673,295,980.8713462542352,58.67143993635641,581.8728325236989,325.84878621327135,46,Retail trade,74,14.7175815433572,25.084745762711865,Gustavo A. Madero,005
528,0900500012697,0.15434,2999,19431.126085266296,64.01816118047672,66.0,96.0,194.0,98.0,123.0,292.0,1500.0,630.0,21.00700233411137,19.239746582194066,100,647.920176234288,33.344448149383126,246.20966696902943,356.3560969288584,46,Retail trade,39,13.00433477825942,39.0,Gustavo A. Madero,005
529,090050001270A,0.149015,2602,17461.329396369492,54.72679965307893,59.0,63.0,174.0,88.0,126.0,245.0,1186.0,661.0,25.403535741737127,19.60030745580323,62,416.06549676207095,23.82782475019216,154.34687783109084,187.90054692480624,46,Retail trade,18,6.917755572636434,29.032258064516128,Gustavo A. Madero,005
530,0900500012714,0.121194,2630,21700.74426126706,58.39323467230444,55.0,73.0,137.0,87.0,128.0,261.0,1207.0,682.0,25.931558935361217,18.250950570342205,75,618.842516956285,28.517110266159698,272.29070746076536,321.7981088172682,46,Retail trade,34,12.927756653992395,45.333333333333336,Gustavo A. Madero,005
531,0900500012729,0.219156,4496,20515.066892989467,60.97691894793344,166.0,176.0,428.0,224.0,187.0,499.0,2236.0,580.0,12.900355871886122,26.26779359430605,258,1177.2436072934347,57.38434163701068,538.4292467466097,492.79964956469365,46,Retail trade,45,10.008896797153024,17.441860465116278,Gustavo A. Madero,005
532,0900500012733,0.244247,3894,15942.877496960045,60.73543159862886,138.0,185.0,360.0,183.0,179.0,442.0,1893.0,514.0,13.19979455572676,26.836158192090394,283,1158.6631565587295,72.6759116589625,577.2844702289076,462.6464194033089,46,Retail trade,59,15.151515151515152,20.848056537102472,Gustavo A. Madero,005
533,0900500012748,0.160289,3855,24050.309129135498,64.64549246069939,153.0,193.0,392.0,185.0,186.0,414.0,1870.0,462.0,11.98443579766537,28.767833981841765,115,717.454098534522,29.831387808041505,355.60768362145876,305.6978332886224,46,Retail trade,31,8.041504539559014,26.956521739130434,Gustavo A. Madero,005
534,0900500012752,0.152901,4278,27978.888300272723,59.278499278499275,177.0,193.0,443.0,223.0,198.0,477.0,2017.0,550.0,12.856474988312295,28.845254791958858,118,771.7411920131327,27.582982702197288,392.410775599898,300.8482612932551,46,Retail trade,25,5.84385226741468,21.1864406779661,Gustavo A. Madero,005
535,0900500012767,0.177288,5406,30492.7575470421,58.57307249712313,233.0,270.0,558.0,309.0,294.0,665.0,2497.0,580.0,10.72881982981872,30.780614132445432,101,569.6945083705609,18.682944876063633,377.91615901809485,141.0134921709309,46,Retail trade,49,9.064002959674436,48.51485148514851,Gustavo A. Madero,005
536,0900500012771,0.19045,5099,26773.431346810186,58.81481481481482,245.0,275.0,523.0,284.0,267.0,624.0,2357.0,524.0,10.276524808786036,31.261031574818592,71,372.8012601732738,13.924298882133751,267.78682068784457,68.25938566552901,46,Retail trade,34,6.667974112571092,47.88732394366197,Gustavo A. Madero,005
537,0900500012786,0.732732,2091,2853.7036733758046,60.15200868621064,51.0,77.0,121.0,67.0,71.0,261.0,1052.0,391.0,18.69918699186992,18.507890961262554,128,174.68869927886323,61.214729794356764,50.4959521352964,98.26239334436056,46,Retail trade,53,25.34672405547585,41.40625,Gustavo A. Madero,005
538,0900500012790,0.129582,3663,28267.814974301986,58.372604461200126,92.0,129.0,259.0,161.0,150.0,312.0,1727.0,833.0,22.74092274092274,21.594321594321595,57,439.8759086910219,15.56101556101556,208.36227253785248,200.64515133274682,46,Retail trade,33,9.00900900900901,57.89473684210526,Gustavo A. Madero,005
539,0900500012803,0.144212,4272,29623.054946883753,58.30610021786492,115.0,167.0,318.0,159.0,163.0,350.0,2046.0,954.0,22.331460674157302,21.582397003745317,70,485.39649959781434,16.38576779026217,263.50095692452777,180.2901284220453,46,Retail trade,33,7.724719101123595,47.142857142857146,Gustavo A. Madero,005
540,0900500012822,0.159641,3802,23815.93700866319,61.87207488299532,111.0,166.0,320.0,144.0,149.0,382.0,1837.0,693.0,18.227248816412416,23.40873224618622,285,1785.255667403737,74.96054708048396,757.95065177492,833.1193114550773,46,Retail trade,72,18.93740136770121,25.263157894736842,Gustavo A. Madero,005
541,0900500012837,0.113968,3315,29087.11217183771,60.76274294096076,110.0,161.0,317.0,175.0,169.0,423.0,1571.0,389.0,11.734539969834087,28.114630467571644,88,772.1465674575319,26.546003016591253,535.2379615330619,122.84149936824372,46,Retail trade,30,9.049773755656108,34.09090909090909,Gustavo A. Madero,005
542,0900500012841,0.083767,2417,28853.844592739384,60.401647785787844,119.0,110.0,246.0,104.0,115.0,259.0,1202.0,262.0,10.839884153909805,28.71328092676872,28,334.26050831473015,11.584609019445594,250.6953812360476,59.68937648477324,46,Retail trade,16,6.619776582540339,57.142857142857146,Gustavo A. Madero,005
543,0900500012856,0.286197,4890,17086.132978333106,62.999299229152065,122.0,152.0,335.0,189.0,181.0,587.0,2501.0,823.0,16.830265848670756,20.02044989775051,83,290.0100280575967,16.973415132924334,104.82290170756507,146.7520623905911,46,Retail trade,61,12.474437627811861,73.49397590361446,Gustavo A. Madero,005
544,0900500012860,0.302542,4900,16196.0983929504,60.32583754015604,116.0,144.0,282.0,189.0,192.0,796.0,2364.0,817.0,16.6734693877551,18.836734693877553,182,601.5693688810148,37.142857142857146,208.23555076650516,314.0059892510792,46,Retail trade,83,16.93877551020408,45.604395604395606,Gustavo A. Madero,005
545,0900500012875,0.192911,2195,11378.303984739077,52.25933202357564,30.0,48.0,81.0,74.0,79.0,331.0,1007.0,545.0,24.829157175398635,14.214123006833713,49,254.00314134497256,22.32346241457859,62.20485094162593,176.24707766794015,46,Retail trade,64,29.157175398633257,130.6122448979592,Gustavo A. Madero,005
546,090050001288A,0.136361,1702,12481.574643776446,60.9479305740988,48.0,51.0,105.0,65.0,67.0,166.0,797.0,403.0,23.678025851938894,19.74148061104583,12,88.00170136622641,7.050528789659224,58.66780091081761,29.333900455408806,46,Retail trade,24,14.101057579318448,200.0,Gustavo A. Madero,005
547,0900500012894,0.105247,2140,20333.121134094083,53.10415597742432,32.0,42.0,117.0,72.0,68.0,199.0,1018.0,592.0,27.66355140186916,15.467289719626168,31,294.54521269014793,14.485981308411215,199.53062795139053,95.01458473875739,46,Retail trade,35,16.35514018691589,112.90322580645162,Gustavo A. Madero,005
548,0900500012907,0.294915,5111,17330.417238865437,63.17898486197685,128.0,178.0,313.0,173.0,195.0,501.0,2605.0,1018.0,19.917824300528274,19.311289375855996,380,1288.5068579082108,74.34944237918215,606.9545462251835,593.3913161419392,46,Retail trade,74,14.478575621209156,19.473684210526315,Gustavo A. Madero,005
549,0900500012930,0.169959,4364,25676.780870680577,61.74514498536845,120.0,134.0,348.0,173.0,194.0,409.0,2208.0,778.0,17.827681026581118,22.204399633363888,62,364.7938620490824,14.207149404216315,158.86184315040686,152.97807118187328,46,Retail trade,32,7.332722273143904,51.61290322580645,Gustavo A. Madero,005
550,0900500012945,0.175343,4598,26222.88885213553,59.698113207547166,141.0,172.0,310.0,235.0,206.0,523.0,2282.0,729.0,15.85471944323619,23.140495867768596,155,883.9816816183138,33.710308829926056,410.6237488807651,347.88956502398156,46,Retail trade,52,11.309264897781643,33.54838709677419,Gustavo A. Madero,005
551,090050001295A,0.185076,4267,23055.393459984007,64.4718792866941,121.0,168.0,333.0,183.0,203.0,519.0,2105.0,635.0,14.88164987110382,23.62315444105929,80,432.2548574639608,18.748535270681977,183.70831442218332,156.69238583068577,46,Retail trade,53,12.42090461682681,66.25,Gustavo A. Madero,005
552,0900500012964,0.218503,4888,22370.402237040224,56.72904383491412,196.0,233.0,558.0,298.0,257.0,608.0,2181.0,557.0,11.395253682487725,31.546644844517186,54,247.13619492638546,11.047463175122749,187.64044429595933,45.76596202340471,46,Retail trade,36,7.364975450081833,66.66666666666667,Gustavo A. Madero,005
553,0900500012979,0.342348,5544,16194.048161519857,62.19290263876251,267.0,282.0,599.0,325.0,312.0,691.0,2619.0,449.0,8.0988455988456,32.196969696969695,126,368.0465491254513,22.727272727272727,216.1543225022492,113.91916996740159,46,Retail trade,30,5.411255411255412,23.80952380952381,Gustavo A. Madero,005
554,0900500012983,0.655597,3377,5151.030282322829,57.02692733308742,141.0,179.0,346.0,201.0,190.0,400.0,1548.0,372.0,11.015694403316553,31.299970387918272,48,73.21571026102926,14.213799230085876,53.38645539866717,9.151963782628657,46,Retail trade,19,5.626295528575659,39.583333333333336,Gustavo A. Madero,005
555,0900500012998,0.175555,4749,27051.351428327303,63.50171912192542,225.0,249.0,494.0,255.0,250.0,594.0,2174.0,508.0,10.696988839755738,31.0170562223626,279,1589.245535587138,58.74921036007581,968.3574948021987,506.96362963173937,46,Retail trade,44,9.265108443882923,15.770609318996415,Gustavo A. Madero,005
556,0900500013017,0.697381,1925,2760.3275684310297,60.12820512820513,71.0,92.0,202.0,97.0,112.0,243.0,916.0,192.0,9.974025974025974,29.818181818181817,23,32.980537181253865,11.948051948051948,25.81085518532911,4.301809197554852,46,Retail trade,13,6.753246753246753,56.52173913043478,Gustavo A. Madero,005
557,0900500013055,0.181618,2876,15835.434813729917,61.501405058209556,79.0,107.0,199.0,94.0,115.0,271.0,1424.0,587.0,20.41029207232267,20.653685674547983,87,479.0274091775044,30.250347705146037,192.71217610589258,231.2546113270711,46,Retail trade,38,13.21279554937413,43.67816091954023,Gustavo A. Madero,005
558,090050001306A,0.057213,2899,50670.302204044536,62.52072968490879,106.0,134.0,246.0,130.0,155.0,330.0,1399.0,399.0,13.763366678164884,26.59537771645395,33,576.7919878349326,11.383235598482235,314.6138115463269,157.30690577316344,46,Retail trade,35,12.073128665056917,106.06060606060606,Gustavo A. Madero,005
559,0900500013074,0.07374,2060,27935.991320857065,59.86159169550173,62.0,84.0,180.0,97.0,95.0,222.0,998.0,322.0,15.631067961165048,25.145631067961165,40,542.4464334147003,19.41747572815534,216.97857336588012,271.22321670735016,46,Retail trade,37,17.961165048543688,92.5,Gustavo A. Madero,005
560,0900500013089,0.476922,8133,17053.10302313586,60.83661273866783,291.0,338.0,643.0,376.0,358.0,896.0,4028.0,1203.0,14.791589819254888,24.664945284642812,426,893.2278234176658,52.37919586868314,350.1620810111507,417.25900671388615,46,Retail trade,157,19.304069838927823,36.85446009389671,Gustavo A. Madero,005
561,0900500013093,0.516211,12036,23316.047120266714,62.56689791873142,415.0,503.0,1028.0,527.0,610.0,1394.0,5763.0,1796.0,14.921900963775341,25.614822200066467,590,1142.943486287584,49.01960784313726,528.8535114517126,462.9889715639535,46,Retail trade,131,10.884014622798272,22.203389830508474,Gustavo A. Madero,005
562,0900500013110,0.060154,1574,26166.173488047345,58.50832729905866,49.0,47.0,93.0,53.0,59.0,341.0,723.0,209.0,13.278271918678525,19.123252858958068,15,249.3599760614423,9.529860228716645,99.74399042457692,83.11999202048077,46,Retail trade,1,0.6353240152477764,6.666666666666667,Gustavo A. Madero,005
563,0900500013125,0.081371,3029,37224.56403386956,52.24105461393597,67.0,93.0,214.0,112.0,138.0,419.0,1467.0,519.0,17.1343677781446,20.600858369098713,23,282.65598308979855,7.593265103994717,184.34085853682515,73.73634341473006,46,Retail trade,24,7.923407065037966,104.34782608695652,Gustavo A. Madero,005
564,090050001313A,0.105164,1484,14111.292837853258,53.14581791265729,25.0,37.0,71.0,37.0,37.0,221.0,721.0,335.0,22.57412398921833,13.94878706199461,27,256.7418508234757,18.194070080862534,85.58061694115857,95.08957437906508,46,Retail trade,22,14.824797843665769,81.48148148148148,Gustavo A. Madero,005
565,0900500013144,0.189022,4023,21283.23687189851,63.46153846153846,152.0,178.0,365.0,185.0,198.0,465.0,1899.0,581.0,14.44195873726075,26.795923440218743,74,391.488821407032,18.39423315933383,222.19635809588303,100.5174000909947,46,Retail trade,36,8.94854586129754,48.648648648648646,Gustavo A. Madero,005
566,0900500013159,0.213525,4982,23332.162510244703,62.788506829957605,123.0,200.0,413.0,213.0,216.0,538.0,2458.0,821.0,16.479325572059413,23.384183059012443,138,646.294344924482,27.69971898835809,299.7307106896148,257.58107949888773,46,Retail trade,49,9.83540746688077,35.507246376811594,Gustavo A. Madero,005
567,0900500013163,0.117726,1911,16232.607920085624,65.28465346534654,70.0,63.0,162.0,89.0,93.0,179.0,936.0,319.0,16.692830978545263,24.960753532182103,133,1129.7419431561423,69.59706959706959,399.2321152506668,577.6124220647945,46,Retail trade,56,29.304029304029303,42.10526315789474,Gustavo A. Madero,005
568,0900500013178,0.088026,1870,21243.72344534569,61.95583596214511,54.0,71.0,160.0,65.0,75.0,183.0,912.0,350.0,18.71657754010695,22.727272727272727,82,931.5429532183673,43.850267379679146,306.72755776702337,488.492036443778,46,Retail trade,36,19.25133689839572,43.90243902439025,Gustavo A. Madero,005
569,0900500013182,0.192115,2221,11560.783905473285,66.33139227104287,75.0,96.0,161.0,87.0,99.0,303.0,1170.0,230.0,10.355695632597929,23.322827555155335,39,203.00340941623506,17.559657811796487,104.10431252114618,88.48866564297425,46,Retail trade,11,4.952723998199009,28.205128205128204,Gustavo A. Madero,005
570,0900500013197,0.211977,5244,24738.5329540469,64.2084345330095,133.0,204.0,378.0,224.0,216.0,507.0,2650.0,932.0,17.772692601067888,22.02517162471396,125,589.6866169442911,23.83676582761251,283.04957613325973,250.02712558437943,46,Retail trade,12,2.288329519450801,9.6,Gustavo A. Madero,005
571,090050001320A,0.069716,1993,28587.411784956108,67.1685002895194,52.0,66.0,148.0,88.0,99.0,239.0,1066.0,235.0,11.791269443050677,22.729553437029605,27,387.2855585518389,13.547415955845459,286.87819151988066,86.0634574559642,46,Retail trade,14,7.024586051179127,51.851851851851855,Gustavo A. Madero,005
572,0900500013214,0.175057,5814,33212.039507131965,64.42791511704222,288.0,307.0,648.0,324.0,312.0,678.0,2748.0,509.0,8.754729962160303,32.31854145166839,157,896.8507400446712,27.003783969728243,542.6803841034634,245.63427912051503,46,Retail trade,34,5.847953216374269,21.656050955414013,Gustavo A. Madero,005
573,0900500013229,0.135159,3544,26220.969376808054,61.5,165.0,202.0,375.0,204.0,215.0,432.0,1589.0,362.0,10.214446952595937,32.75959367945824,97,717.6732589024779,27.37020316027088,421.72552327259007,221.96080172241582,46,Retail trade,23,6.489841986455982,23.711340206185568,Gustavo A. Madero,005
574,0900500013233,0.260863,6414,24587.618788406176,63.32744058141819,271.0,339.0,713.0,362.0,362.0,749.0,3033.0,585.0,9.12067352666043,31.91456189585282,110,421.6772788781851,17.149984409105084,260.67322694287805,107.33603462353803,46,Retail trade,50,7.795447458684128,45.45454545454545,Gustavo A. Madero,005
575,0900500013248,0.355712,5663,15920.182619647356,63.11619718309859,251.0,275.0,593.0,269.0,324.0,668.0,2707.0,576.0,10.171287303549356,30.23132615221614,86,241.76862180640518,15.186297015716052,146.1856783015473,64.65905001799209,46,Retail trade,23,4.061451527458944,26.74418604651163,Gustavo A. Madero,005
576,0900500013252,0.286869,6248,21779.976226082286,61.21889084852048,242.0,314.0,589.0,283.0,305.0,739.0,2931.0,845.0,13.524327784891165,27.736875800256083,419,1460.596997235672,67.06145966709347,707.6400726463996,603.0627220090006,46,Retail trade,64,10.243277848911651,15.274463007159904,Gustavo A. Madero,005
577,0900500013267,0.137232,3857,28105.689635070536,58.414872798434445,165.0,192.0,434.0,194.0,178.0,460.0,1700.0,534.0,13.844957220637802,30.152968628467722,109,794.2753876646847,28.260305937256934,502.79818118223153,233.18176518596246,46,Retail trade,18,4.66683951257454,16.513761467889907,Gustavo A. Madero,005
578,0900500013271,0.191223,4264,22298.572870418306,59.095951192457015,145.0,160.0,353.0,184.0,229.0,518.0,2051.0,624.0,14.634146341463415,25.117260787992496,82,428.8187090465059,19.23076923076923,245.7863332339729,120.27841839109313,46,Retail trade,40,9.380863039399625,48.78048780487805,Gustavo A. Madero,005
579,0900500013286,0.099968,3236,32370.35851472471,64.92652745552978,154.0,162.0,334.0,144.0,173.0,413.0,1567.0,289.0,8.930778739184179,29.88257107540173,44,440.14084507042253,13.597033374536466,300.09603072983356,80.02560819462228,46,Retail trade,21,6.489493201483313,47.72727272727273,Gustavo A. Madero,005
580,0900500013290,0.205228,4654,22677.21753366987,58.86954327529649,131.0,191.0,369.0,182.0,220.0,476.0,2252.0,833.0,17.89858186506231,23.48517404383326,120,584.7155358917886,25.78427159432746,248.50410275401018,243.63147328824527,46,Retail trade,33,7.0906746884400516,27.5,Gustavo A. Madero,005
581,0900500013303,0.177886,1861,10461.756405787977,61.19679210363973,51.0,67.0,122.0,69.0,74.0,211.0,985.0,282.0,15.153143471252015,20.580333154218163,22,123.67471301845002,11.821601289629232,44.97262291580001,67.4589343737,46,Retail trade,12,6.448146157979581,54.54545454545455,Gustavo A. Madero,005
582,0900500013318,0.527034,4304,8166.456054068618,66.97947214076247,194.0,244.0,456.0,227.0,213.0,551.0,1974.0,445.0,10.339219330855018,30.99442379182156,106,201.12554408254496,24.62825278810409,113.84464759389337,72.10161014279913,46,Retail trade,40,9.293680297397769,37.735849056603776,Gustavo A. Madero,005
583,0900500013322,0.345142,4420,12806.323194511246,65.8488437676255,201.0,202.0,471.0,228.0,244.0,502.0,2075.0,497.0,11.244343891402714,30.452488687782804,121,350.58034084521734,27.375565610859727,228.89129691547248,92.71546204171037,46,Retail trade,27,6.108597285067873,22.31404958677686,Gustavo A. Madero,005
584,0900500013337,0.131893,3043,23071.732389133616,66.90978886756238,103.0,117.0,218.0,113.0,133.0,377.0,1619.0,363.0,11.929017417022674,22.477817942819588,16,121.31045620313436,5.257969109431482,30.32761405078359,53.07332458887128,46,Retail trade,31,10.187315149523496,193.75,Gustavo A. Madero,005
585,0900500013341,0.111882,2343,20941.706440714323,62.81925343811395,52.0,86.0,169.0,94.0,86.0,247.0,1146.0,463.0,19.760990183525394,20.78531796841656,89,795.4809531470656,37.98548868971404,330.7055647914767,339.6435530290842,46,Retail trade,79,33.71745625266752,88.76404494382022,Gustavo A. Madero,005
586,0900500013356,0.906685,1096,1208.7990867831716,57.51840168243954,23.0,29.0,93.0,30.0,38.0,130.0,557.0,196.0,17.883211678832115,19.434306569343065,36,39.7050794928779,32.846715328467155,4.4116754992086555,29.778809619658425,61,Educational services,47,42.88321167883212,130.55555555555554,Gustavo A. Madero,005
587,0900500013360,1.463578,4725,3228.389604107195,62.1011673151751,200.0,216.0,454.0,203.0,218.0,631.0,2338.0,465.0,9.841269841269842,27.322751322751323,41,28.013539421882538,8.677248677248677,13.665141181406115,10.248855886054587,46,Retail trade,42,8.88888888888889,102.4390243902439,Gustavo A. Madero,005
588,0900500013375,0.552499,1196,2164.709800379729,63.67112810707457,24.0,40.0,84.0,44.0,47.0,119.0,599.0,239.0,19.983277591973245,19.983277591973245,71,128.507019922208,59.364548494983275,21.719496324880225,48.86886673098051,31-33,Manufacturing,29,24.247491638795985,40.84507042253521,Gustavo A. Madero,005
589,090050001338A,0.23507,2997,12749.393797592207,62.05389657683904,46.0,66.0,139.0,90.0,107.0,371.0,1466.0,712.0,23.75709042375709,14.948281614948282,37,157.39992342706427,12.345679012345679,72.31888373675926,72.31888373675926,46,Retail trade,25,8.341675008341674,67.56756756756756,Gustavo A. Madero,005
590,0900500013394,0.122586,2891,23583.44346010148,61.62097735399285,72.0,99.0,203.0,109.0,133.0,322.0,1397.0,556.0,19.23209961950882,21.307506053268764,47,383.40430391724993,16.257350397786233,220.25353629288827,114.20553733705317,46,Retail trade,16,5.534417156693186,34.04255319148936,Gustavo A. Madero,005
591,0900500013407,0.367031,8413,22921.769550800887,65.24745762711865,223.0,278.0,537.0,377.0,406.0,938.0,4731.0,923.0,10.971116129799121,21.645073101152978,55,149.85110249542953,6.537501485795792,70.83870299783942,70.83870299783942,46,Retail trade,294,34.945917033162964,534.5454545454545,Gustavo A. Madero,005
592,0900500013411,0.469308,5806,12371.40641114151,65.14756944444444,278.0,309.0,611.0,291.0,326.0,792.0,2747.0,452.0,7.7850499483293145,31.260764726145368,84,178.98693395382136,14.467791939373063,134.24020046536603,27.70035882618664,46,Retail trade,32,5.511539786427833,38.095238095238095,Gustavo A. Madero,005
593,0900500013426,0.222997,2443,10955.304331448406,62.278876170655565,121.0,120.0,280.0,115.0,120.0,290.0,1196.0,201.0,8.227589029881294,30.945558739255013,40,179.374610420768,16.37331150225133,147.9840535971336,13.4530957815576,46,Retail trade,7,2.865329512893983,17.5,Gustavo A. Madero,005
594,0900500013430,2.845699,4345,1526.8656312561518,61.30726583017216,220.0,266.0,432.0,249.0,269.0,543.0,1979.0,387.0,8.906789413118528,33.04948216340621,111,39.00623361782114,25.546605293440738,25.652748235143633,9.839410281972901,46,Retail trade,31,7.13463751438435,27.92792792792793,Gustavo A. Madero,005
595,0900500013445,0.412604,4319,10467.663910189916,61.68032786885246,245.0,232.0,426.0,264.0,222.0,594.0,2011.0,325.0,7.524890020838157,32.160222273674464,105,254.48129441304496,24.311183144246353,162.3833021492763,63.01441575942066,46,Retail trade,12,2.778420930771012,11.428571428571429,Gustavo A. Madero,005
596,090060001001A,0.379699,6014,15838.861835295853,67.03965449548488,237.0,252.0,431.0,246.0,214.0,638.0,3322.0,674.0,11.207183239108746,22.94645826405055,296,779.5648658542688,49.2184901895577,321.3071406561513,358.17845187898837,46,Retail trade,171,28.43365480545394,57.770270270270274,Iztacalco,006
597,0900600010024,0.264659,5155,19477.89419592759,67.11864406779661,183.0,173.0,372.0,206.0,219.0,595.0,2753.0,654.0,12.686711930164888,22.36663433559651,113,426.9645090474913,21.920465567410282,200.2576900842216,136.02409137796184,46,Retail trade,74,14.354995150339477,65.48672566371681,Iztacalco,006
598,0900600010039,0.284167,4548,16004.673308301106,60.54879627232721,166.0,157.0,362.0,199.0,201.0,484.0,2296.0,683.0,15.017590149516272,23.85664028144239,219,770.6735827875862,48.15303430079155,292.0817688190395,387.09632012161865,46,Retail trade,95,20.88830255057168,43.37899543378995,Iztacalco,006
599,0900600010043,0.214399,5255,24510.37551481117,63.71861569780592,169.0,229.0,436.0,234.0,219.0,594.0,2709.0,665.0,12.654614652711704,24.49096098953378,196,914.1833683925764,37.29781160799239,401.12127388653863,373.13606873166384,46,Retail trade,71,13.510941960038059,36.224489795918366,Iztacalco,006
600,0900600010058,0.244958,3919,15998.660994946073,64.53900709219859,133.0,146.0,256.0,129.0,138.0,365.0,1966.0,786.0,20.05613676958408,20.464404184741007,86,351.0805934078495,21.94437356468487,151.04630181500502,155.12863429649164,46,Retail trade,82,20.92370502679255,95.34883720930233,Iztacalco,006
601,0900600010077,0.246318,4527,18378.68121696344,64.98727735368956,114.0,164.0,319.0,168.0,193.0,489.0,2367.0,713.0,15.749944775789706,21.1619173845814,180,730.7626726426814,39.761431411530815,292.30506905707256,324.78341006341395,46,Retail trade,77,17.009056770488183,42.77777777777778,Iztacalco,006
602,0900600010081,0.265344,7404,27903.400868306802,66.94175527694017,251.0,268.0,582.0,307.0,327.0,736.0,3919.0,1014.0,13.695299837925445,23.4332793084819,322,1213.5190545103715,43.490005402485146,682.1333815726001,403.2501205981669,46,Retail trade,83,11.210156672069152,25.77639751552795,Iztacalco,006
603,0900600010096,0.276305,8297,30028.410633177104,68.43226356148821,296.0,323.0,635.0,372.0,298.0,873.0,4528.0,972.0,11.715077738941787,23.18910449560082,187,676.7883317348583,22.538266843437388,231.6280921445504,340.2037603373084,46,Retail trade,100,12.05254911413764,53.475935828877006,Iztacalco,006
604,0900600010109,0.305431,6369,20852.500237369488,67.19096965210954,206.0,261.0,496.0,237.0,270.0,635.0,3347.0,917.0,14.397864656932015,23.08054639660857,421,1378.380059653408,66.10142879572932,681.0048750781682,556.590522900426,46,Retail trade,191,29.989009263620662,45.36817102137767,Iztacalco,006
605,0900600010128,0.318152,5499,17284.19120420428,65.49757025142615,177.0,202.0,387.0,223.0,229.0,633.0,2779.0,869.0,15.80287324968176,22.14948172394981,249,782.6447735673514,45.280960174577196,333.1740803138123,386.6076592320652,46,Retail trade,206,37.46135661029278,82.73092369477912,Iztacalco,006
606,0900600010132,0.977202,4303,4403.388449880373,66.58647420475809,117.0,134.0,311.0,144.0,165.0,392.0,2286.0,754.0,17.522658610271904,20.241691842900302,395,404.21530041895124,91.79642110155706,93.12301857753054,160.66279029310215,31-33,Manufacturing,288,66.93004880316059,72.9113924050633,Iztacalco,006
607,0900600010147,0.317066,0,0.0,,0.0,0.0,0.0,0.0,0.0,0.0,0.0,0.0,,,34,107.233194350703,,15.769587404515148,85.1557719843818,52,Finance and insurance,115,,338.2352941176471,Iztacalco,006
608,0900600010151,1.629764,0,0.0,,0.0,0.0,0.0,0.0,0.0,0.0,0.0,0.0,,,60,36.81514624203259,,1.2271715414010862,34.360803159230414,52,Finance and insurance,283,,471.6666666666667,Iztacalco,006
609,0900600010166,0.127499,2473,19396.230558671046,65.73033707865169,75.0,73.0,187.0,82.0,113.0,282.0,1288.0,373.0,15.082895268904165,21.431459765467043,84,658.8286966956604,33.96684189243833,243.13916187577942,282.3551557267116,46,Retail trade,54,21.835826930853216,64.28571428571429,Iztacalco,006
610,0900600010170,0.151067,2014,13331.83289533783,60.36655211912944,70.0,66.0,132.0,67.0,90.0,230.0,1011.0,348.0,17.27904667328699,21.102284011916584,129,853.9257415583813,64.05163853028799,357.4572871639736,364.076866555899,46,Retail trade,65,32.27408142999007,50.3875968992248,Iztacalco,006
611,0900600010185,0.657078,10395,15820.039629998266,67.5233113486468,373.0,420.0,808.0,427.0,447.0,1055.0,5863.0,1002.0,9.63924963924964,23.80952380952381,264,401.7787842539242,25.396825396825395,144.5794867580409,168.92971610676358,46,Retail trade,235,22.607022607022607,89.01515151515152,Iztacalco,006
612,090060001019A,0.19775,2185,11049.304677623262,61.40350877192982,54.0,61.0,132.0,84.0,87.0,244.0,1099.0,424.0,19.405034324942793,19.130434782608695,151,763.590391908976,69.10755148741418,308.4702907711757,323.6409608091024,46,Retail trade,78,35.69794050343249,51.65562913907285,Iztacalco,006
613,0900600010202,0.300356,5819,19373.67657046971,62.301985161419694,171.0,193.0,466.0,231.0,219.0,616.0,2871.0,1052.0,18.078707681732258,21.996906684997423,219,729.1347600846995,37.63533253136278,236.3861550959528,352.9145414108591,46,Retail trade,101,17.35693418113078,46.118721461187214,Iztacalco,006
614,0900600010217,0.298723,7652,25615.704180796256,62.90030211480362,175.0,270.0,587.0,307.0,331.0,788.0,3963.0,1231.0,16.08729743857815,21.824359644537378,223,746.5109817456306,29.142707788813382,247.72113295594914,358.19136792279136,46,Retail trade,142,18.5572399372713,63.67713004484305,Iztacalco,006
615,0900600010221,0.320429,6103,19046.340999098084,67.15394333152861,120.0,145.0,297.0,139.0,176.0,522.0,3356.0,1348.0,22.087497951826972,14.369981976077339,425,1326.3468662324572,69.63788300835654,440.0350779735916,736.5126127784938,46,Retail trade,154,25.23349172538096,36.23529411764706,Iztacalco,006
616,0900600010236,0.250757,4221,16833.029586412344,62.06535947712418,68.0,102.0,226.0,132.0,125.0,371.0,2178.0,1019.0,24.141198768064438,15.47026770907368,151,602.1766092272599,35.77351338545368,207.37207734978486,323.0218897179341,46,Retail trade,114,27.00781805259417,75.49668874172185,Iztacalco,006
617,0900600010240,0.139965,2790,19933.554817275748,67.74325429272281,85.0,79.0,180.0,80.0,107.0,262.0,1474.0,523.0,18.74551971326165,19.032258064516128,215,1536.0983102918588,77.06093189964157,650.1625406351587,693.0304004572572,46,Retail trade,63,22.580645161290324,29.302325581395348,Iztacalco,006
618,0900600010255,0.324455,7139,22003.051270592223,70.08505070330389,204.0,269.0,552.0,271.0,280.0,757.0,3757.0,1049.0,14.693934724751365,22.075920997338564,230,708.8810466782759,32.21739739459308,329.7837912807631,255.81359510563868,46,Retail trade,160,22.4121025353691,69.56521739130434,Iztacalco,006
619,090060001026A,0.264943,3997,15086.26383788211,69.00669967958054,132.0,143.0,289.0,165.0,174.0,408.0,2063.0,623.0,15.586690017513135,22.591943957968475,190,717.1353838372783,47.535651738804106,181.1710443378387,313.27493083417943,46,Retail trade,138,34.52589442081561,72.63157894736842,Iztacalco,006
620,0900600010274,0.281994,4869,17266.324815421605,64.59642339294345,170.0,187.0,373.0,179.0,210.0,534.0,2405.0,811.0,16.656397617580613,22.982131854590264,306,1085.1294708398052,62.84658040665435,535.4723859372895,411.3562699915601,46,Retail trade,109,22.386527007599096,35.62091503267974,Iztacalco,006
621,0900600010289,0.062208,1038,16685.95679012346,56.526315789473685,14.0,28.0,46.0,24.0,28.0,80.0,514.0,304.0,29.28709055876686,13.48747591522158,9,144.67592592592592,8.670520231213873,16.075102880658438,112.52572016460906,72,Accommodation and food services,15,14.45086705202312,166.66666666666666,Iztacalco,006
622,0900600010293,0.529279,5556,10497.299156021681,68.50083056478405,209.0,194.0,337.0,186.0,247.0,584.0,2936.0,863.0,15.532757379409647,21.11231101511879,381,719.8471883448993,68.57451403887688,207.8298968974775,311.74484534621627,46,Retail trade,171,30.77753779697624,44.881889763779526,Iztacalco,006
623,0900600010310,0.469339,9912,21119.06319312906,67.55955908498281,327.0,375.0,771.0,385.0,396.0,1030.0,5240.0,1388.0,14.00322841000807,22.740112994350284,357,760.6442251762585,36.016949152542374,306.81447738202024,338.7743187759807,46,Retail trade,218,21.99354317998386,61.06442577030813,Iztacalco,006
624,0900600010325,0.341023,4283,12559.270195851894,59.63743001866169,117.0,133.0,275.0,161.0,160.0,439.0,2104.0,894.0,20.873219705813682,19.7525099229512,610,1788.7356571257658,142.4235349054401,979.4060811147635,677.3736668787735,46,Retail trade,140,32.68736866682232,22.950819672131146,Iztacalco,006
625,090060001033A,0.232061,4787,20628.19689650566,62.4258248279136,113.0,152.0,309.0,157.0,193.0,494.0,2440.0,929.0,19.40672655107583,19.3022770002089,259,1116.0858567359444,54.104867349070396,387.8290621862355,560.1975342690068,46,Retail trade,77,16.085230833507417,29.72972972972973,Iztacalco,006
626,0900600010344,0.209066,3910,18702.228004553584,62.42299794661191,94.0,137.0,269.0,153.0,162.0,398.0,1953.0,744.0,19.028132992327365,20.843989769820972,240,1147.9628442692738,61.38107416879795,454.4019591899209,593.1141362057915,46,Retail trade,113,28.900255754475705,47.083333333333336,Iztacalco,006
627,0900600010359,0.313821,6468,20610.4753983959,60.42258522727273,171.0,221.0,444.0,239.0,261.0,662.0,3184.0,1286.0,19.882498453927024,20.655534941249226,305,971.8916197450138,47.1552257266543,407.8758273028255,426.9950067076454,46,Retail trade,121,18.707482993197278,39.67213114754098,Iztacalco,006
628,0900600010363,0.244743,5344,21835.149524194767,66.33815155497153,154.0,174.0,448.0,233.0,235.0,569.0,2555.0,976.0,18.263473053892216,23.278443113772454,392,1601.6801297687778,73.35329341317366,796.7541461859992,649.6610730439686,46,Retail trade,124,23.20359281437126,31.632653061224488,Iztacalco,006
629,0900600010378,0.196551,2360,12007.061780403052,68.48364717542121,64.0,80.0,198.0,81.0,84.0,200.0,1226.0,427.0,18.093220338983052,21.483050847457626,98,498.5983281692792,41.52542372881356,157.71987931885363,264.56237821227063,46,Retail trade,57,24.152542372881356,58.16326530612245,Iztacalco,006
630,0900600010382,0.188423,2840,15072.469921400254,65.77689243027888,82.0,71.0,177.0,108.0,99.0,297.0,1452.0,554.0,19.507042253521128,18.908450704225352,129,684.6297957255749,45.42253521126761,206.98110103331334,260.0531782213424,46,Retail trade,80,28.169014084507044,62.01550387596899,Iztacalco,006
631,0900600010397,0.35705,7901,22128.55342389021,67.42268041237114,246.0,263.0,602.0,339.0,357.0,863.0,4042.0,1189.0,15.04872800911277,22.87052271864321,189,529.3376277832236,23.92102265536008,179.24660411707043,207.2538860103627,46,Retail trade,121,15.314517149727882,64.02116402116403,Iztacalco,006
632,0900600010414,0.185992,3190,17151.275323669834,68.16684961580681,99.0,116.0,242.0,116.0,129.0,366.0,1631.0,491.0,15.391849529780565,22.00626959247649,132,709.7079444277173,41.37931034482759,263.4521914921072,327.97109553099057,46,Retail trade,98,30.721003134796238,74.24242424242425,Iztacalco,006
633,0900600010429,0.098314,2593,26374.677055149827,63.807813201616526,77.0,83.0,205.0,81.0,95.0,232.0,1287.0,533.0,20.555341303509447,20.863864249903585,71,722.1758854283215,27.381411492479753,305.14474032182596,345.83070569806944,46,Retail trade,63,24.29618202853837,88.73239436619718,Iztacalco,006
634,0900600010433,0.106379,2737,25728.762255708363,63.60983743226344,81.0,86.0,171.0,120.0,103.0,276.0,1357.0,543.0,19.839240043843624,20.496894409937887,105,987.0369151806277,38.36317135549872,441.81652393799527,451.2168755111441,46,Retail trade,58,21.191085129704057,55.23809523809524,Iztacalco,006
635,0900600010448,0.088905,2579,29008.492210786793,62.878787878787875,82.0,77.0,176.0,95.0,94.0,249.0,1291.0,515.0,19.968980224893368,20.317952694842962,109,1226.0277824644284,42.264443582784025,472.41437489455035,596.1419492716946,46,Retail trade,48,18.611865063978286,44.03669724770642,Iztacalco,006
636,0900600010452,0.132803,1986,14954.481449967245,64.9626651349799,63.0,45.0,137.0,45.0,80.0,212.0,1008.0,396.0,19.939577039274923,18.63041289023162,154,1159.6123581545598,77.54279959718026,640.045782098296,436.73712190236665,46,Retail trade,72,36.25377643504532,46.753246753246756,Iztacalco,006
637,0900600010467,0.116276,20,172.0045409198803,62.5,,0.0,,,,5.0,,,,,43,369.8097629777426,2150.0,103.20272455192817,154.80408682789226,93,Government and international organizations,129,6450.0,300.0,Iztacalco,006
638,0900600010471,0.108833,3513,32278.812492534435,60.94559585492228,76.0,110.0,239.0,160.0,144.0,374.0,1734.0,676.0,19.242812411044692,20.751494449188726,72,661.564047669365,20.495303159692572,211.33295967215827,367.5355820385361,46,Retail trade,86,24.480500996299458,119.44444444444444,Iztacalco,006
639,0900600010486,0.113673,1631,14348.174148654474,63.22081575246132,40.0,50.0,119.0,64.0,60.0,178.0,821.0,299.0,18.332311465358675,20.416922133660332,142,1249.1972588037618,87.06315144083385,624.5986294018809,519.0326638691686,46,Retail trade,43,26.364193746167995,30.281690140845072,Iztacalco,006
640,0900600010490,0.175195,3843,21935.557521618768,62.440334128878284,89.0,110.0,284.0,164.0,167.0,419.0,1879.0,731.0,19.0215977101223,21.181368722352328,157,896.1442963554896,40.85349986989331,342.47552726961385,450.92611090499156,46,Retail trade,56,14.571948998178506,35.6687898089172,Iztacalco,006
641,0900600010503,0.207251,4722,22783.96726674419,63.08741173606038,118.0,145.0,351.0,178.0,181.0,522.0,2343.0,884.0,18.720880982634476,20.60567556120288,316,1524.721231743152,66.92079627276577,699.6347424137881,670.6843392794244,46,Retail trade,85,18.000847098686997,26.89873417721519,Iztacalco,006
642,0900600010518,0.225316,5337,23686.733299011168,62.08089984858317,154.0,193.0,363.0,195.0,207.0,502.0,2700.0,1023.0,19.168071950534006,20.835675473112236,202,896.5186671164054,37.8489788270564,288.4837295176552,483.76502334499105,46,Retail trade,100,18.73711823121604,49.504950495049506,Iztacalco,006
643,0900600010522,0.152618,3376,22120.588659266927,59.88431439265056,95.0,103.0,239.0,110.0,107.0,362.0,1693.0,667.0,19.757109004739338,19.372037914691944,154,1009.055288367034,45.61611374407583,439.004573510333,517.6322583181538,46,Retail trade,60,17.77251184834123,38.96103896103896,Iztacalco,006
644,0900600010537,0.150862,4131,27382.641089207355,62.10235131396957,113.0,126.0,275.0,140.0,168.0,425.0,2034.0,850.0,20.5761316872428,19.89832970225127,89,589.9431268311437,21.544420237230696,265.14297835107584,238.62868051596823,46,Retail trade,76,18.39748244977003,85.3932584269663,Iztacalco,006
645,0900600010541,0.175384,3564,20321.123933768187,58.66709388016661,92.0,119.0,232.0,153.0,150.0,342.0,1759.0,717.0,20.117845117845118,20.931537598204265,283,1613.6021529900104,79.40516273849607,906.5821283583451,610.089859964421,46,Retail trade,68,19.079685746352414,24.02826855123675,Iztacalco,006
646,0900600010556,0.198774,4808,24188.274120357793,62.853717026378895,137.0,163.0,338.0,188.0,182.0,534.0,2409.0,857.0,17.824459234608984,20.965058236272878,205,1031.3220038838078,42.63727121464226,482.9605481602222,452.7755139002083,46,Retail trade,75,15.59900166389351,36.58536585365854,Iztacalco,006
647,0900600010575,0.346394,6876,19850.22835268509,63.00881953867029,211.0,258.0,511.0,306.0,314.0,766.0,3385.0,1125.0,16.361256544502616,23.26934264107039,272,785.2330005716034,39.55788248981966,360.860753939156,294.4623752143513,46,Retail trade,158,22.97847585805701,58.088235294117645,Iztacalco,006
648,090060001058A,0.182981,4801,26237.69681005132,65.86433260393873,134.0,185.0,366.0,204.0,196.0,527.0,2407.0,782.0,16.28827327640075,22.59945844615705,171,934.5232565129713,35.6175796709019,442.6689109798285,388.01842814281264,46,Retail trade,106,22.078733597167258,61.98830409356725,Iztacalco,006
649,0900600010594,0.111324,2900,26050.08803133197,63.145353455123114,68.0,90.0,216.0,133.0,140.0,312.0,1450.0,491.0,16.93103448275862,22.310344827586206,90,808.4510078689232,31.03448275862069,395.2427149581402,287.4492472422838,46,Retail trade,47,16.20689655172414,52.22222222222222,Iztacalco,006
650,0900600010607,0.251229,7114,28316.794637561747,63.90347997373605,225.0,245.0,552.0,249.0,302.0,801.0,3538.0,1202.0,16.896260894011807,22.111329772280012,173,688.614769791704,24.318245712679225,310.473711235566,294.55198245425487,46,Retail trade,152,21.36631993252741,87.86127167630057,Iztacalco,006
651,0900600010611,0.22652,5465,24125.904997351226,60.92490453966907,143.0,190.0,374.0,209.0,214.0,535.0,2728.0,1072.0,19.61573650503202,20.677035681610246,456,2013.0672788274767,83.44007319304666,1430.3372770616281,481.1937135793749,46,Retail trade,118,21.591948764867336,25.87719298245614,Iztacalco,006
652,0900600010626,0.070817,1985,28029.992798339383,60.04686584651435,64.0,65.0,149.0,92.0,83.0,204.0,977.0,351.0,17.682619647355164,22.821158690176322,31,437.74799836197525,15.617128463476071,254.17625711340497,155.32993490263638,46,Retail trade,24,12.090680100755668,77.41935483870968,Iztacalco,006
653,0900600010630,0.082627,2680,32434.918368087914,61.82129115006413,63.0,78.0,200.0,95.0,101.0,289.0,1336.0,518.0,19.328358208955223,20.03731343283582,121,1464.412359156208,45.149253731343286,629.3342369927506,701.9497258765294,46,Retail trade,68,25.37313432835821,56.19834710743802,Iztacalco,006
654,0900600010645,0.060161,2127,35355.13040009308,61.97802197802198,66.0,67.0,174.0,77.0,69.0,218.0,1063.0,393.0,18.47672778561354,21.297602256699577,45,747.9928857565533,21.156558533145276,398.92953907016175,249.33096191885107,46,Retail trade,37,17.395392571697226,82.22222222222223,Iztacalco,006
655,090060001065A,0.114602,2015,17582.59018167222,62.23616657159156,52.0,74.0,136.0,74.0,83.0,198.0,992.0,406.0,20.148883374689827,20.794044665012407,55,479.9218163731872,27.29528535980149,174.51702413570445,218.14628016963056,46,Retail trade,50,24.81389578163772,90.9090909090909,Iztacalco,006
656,0900600010664,0.167051,3851,23052.840150612687,60.587371512481646,82.0,87.0,258.0,138.0,133.0,387.0,1927.0,839.0,21.78654894832511,18.12516229550766,73,436.99229576596366,18.95611529472864,197.54446246954524,197.54446246954524,46,Retail trade,66,17.138405608932743,90.41095890410959,Iztacalco,006
657,0900600010679,0.101518,2575,25364.95990858764,61.54545454545455,88.0,91.0,193.0,117.0,85.0,266.0,1281.0,454.0,17.631067961165048,22.29126213592233,80,788.0375893930141,31.067961165048544,315.2150357572056,374.3178549616817,46,Retail trade,46,17.864077669902912,57.5,Iztacalco,006
658,0900600010683,0.114889,4346,37827.81641410405,65.39494895217625,135.0,176.0,313.0,206.0,194.0,487.0,2178.0,657.0,15.117349286700414,23.561895996318455,45,391.68240649670554,10.354348826507133,217.60133694261418,139.26485564327308,46,Retail trade,70,16.106764841233318,155.55555555555554,Iztacalco,006
659,0900600010698,0.088776,3033,34164.63909164639,64.16502946954813,98.0,129.0,247.0,129.0,116.0,294.0,1509.0,511.0,16.848005275304978,23.705901747444774,130,1464.3597368658195,42.861852950873725,551.950977741732,687.1226457601153,46,Retail trade,59,19.45268710847346,45.38461538461539,Iztacalco,006
660,0900600010700,0.106745,3686,34530.891376645275,60.447284345047926,109.0,130.0,313.0,150.0,178.0,407.0,1811.0,588.0,15.952251763429192,23.874118285404233,83,777.5539837931519,22.517634291915357,393.46105203990817,290.4117288865989,46,Retail trade,80,21.70374389582203,96.3855421686747,Iztacalco,006
661,0900600010715,0.088294,2275,25766.19022810157,68.24570536179074,70.0,104.0,176.0,78.0,104.0,219.0,1113.0,411.0,18.065934065934066,23.384615384615383,379,4292.477405033184,166.5934065934066,2933.381656737717,1109.9281944412985,46,Retail trade,57,25.054945054945055,15.03957783641161,Iztacalco,006
662,090060001072A,0.080028,2520,31488.97885739991,61.82478438492964,76.0,72.0,166.0,100.0,106.0,283.0,1263.0,454.0,18.015873015873016,20.634920634920636,67,837.2069775578548,26.58730158730159,362.37316939071326,374.8687959214275,46,Retail trade,52,20.634920634920636,77.61194029850746,Iztacalco,006
663,0900600010734,0.117254,2950,25159.056407457316,66.91848906560637,109.0,102.0,222.0,106.0,99.0,335.0,1481.0,496.0,16.8135593220339,21.627118644067796,421,3590.4958466235694,142.71186440677965,2558.5481092329474,835.7923823494294,46,Retail trade,73,24.74576271186441,17.339667458432302,Iztacalco,006
664,0900600010749,0.186675,2692,14420.784786393466,61.50121065375303,44.0,59.0,111.0,80.0,71.0,205.0,1354.0,768.0,28.528974739970284,13.558692421991084,107,573.1886969331727,39.74739970282318,144.6364001607071,326.77112628900494,46,Retail trade,37,13.7444279346211,34.57943925233645,Iztacalco,006
665,0900600010753,0.143953,2113,14678.401978423513,60.54421768707483,47.0,42.0,113.0,66.0,73.0,197.0,1031.0,544.0,25.745385707524846,16.138192143871272,82,569.6303654665064,38.80738286796024,229.24148854139892,250.08162386334428,46,Retail trade,34,16.090866067203027,41.46341463414634,Iztacalco,006
666,0900600010768,0.108351,2016,18606.196527950826,63.6518771331058,58.0,68.0,130.0,106.0,82.0,202.0,991.0,379.0,18.799603174603174,22.023809523809526,61,562.9851131969248,30.257936507936506,193.81454716615445,212.27307546769296,46,Retail trade,37,18.353174603174605,60.65573770491803,Iztacalco,006
667,0900600010772,0.134843,1971,14616.999028499811,59.276018099547514,38.0,45.0,120.0,61.0,69.0,183.0,998.0,457.0,23.186199898528667,16.894977168949772,46,341.1374709847749,23.338406900050735,103.82444769101845,215.0649273599668,46,Retail trade,39,19.7869101978691,84.78260869565217,Iztacalco,006
668,0900600010787,0.240666,4868,20227.202845437245,62.76696725201709,125.0,160.0,369.0,189.0,200.0,528.0,2336.0,961.0,19.74116680361545,21.425636811832376,236,980.6121346596528,48.47986852917009,506.92661198507477,382.2725270707121,46,Retail trade,97,19.926047658175843,41.101694915254235,Iztacalco,006
669,0900600010791,0.084006,1795,21367.521367521367,64.84375,53.0,57.0,149.0,87.0,73.0,201.0,888.0,287.0,15.988857938718663,23.342618384401113,63,749.9464323976858,35.0974930362117,392.82908363688307,309.50170225936245,46,Retail trade,44,24.512534818941504,69.84126984126983,Iztacalco,006
670,0900600010804,0.166664,4824,28944.463111409783,64.45916114790288,153.0,176.0,399.0,223.0,217.0,591.0,2335.0,730.0,15.132669983416251,24.212271973466002,208,1248.019968319493,43.117744610281925,600.0096001536025,546.0087361397782,46,Retail trade,103,21.35157545605307,49.51923076923077,Iztacalco,006
671,0900600010823,0.159051,3361,21131.586723755274,57.00720366732155,67.0,62.0,175.0,113.0,137.0,319.0,1675.0,813.0,24.18922939601309,16.48318952692651,58,364.662906866351,17.256768818803927,163.4695789400884,188.61874493087123,46,Retail trade,93,27.67033620946147,160.3448275862069,Iztacalco,006
672,0900600010838,0.131461,2924,22242.338031811716,68.24196597353497,42.0,65.0,172.0,93.0,114.0,293.0,1429.0,716.0,24.48700410396717,16.62106703146375,42,319.4863875978427,14.363885088919288,144.52955629426216,152.13637504659175,46,Retail trade,63,21.545827633378934,150.0,Iztacalco,006
673,0900600010842,0.105694,2068,19565.916702934886,56.87432867883996,50.0,47.0,109.0,59.0,90.0,217.0,1017.0,479.0,23.16247582205029,17.166344294003867,154,1457.0363502185555,74.46808510638297,520.3701250780555,794.7471001192121,46,Retail trade,42,20.309477756286267,27.272727272727273,Iztacalco,006
674,0900600010876,0.167482,1859,11099.700266297274,58.23223570190641,38.0,34.0,56.0,45.0,50.0,158.0,933.0,545.0,29.316837009144702,11.995696611081227,81,483.63406216787473,43.57181280258203,119.41581781922834,328.39349900287795,46,Retail trade,48,25.820333512641206,59.25925925925926,Iztacalco,006
675,0900600010880,0.222491,1783,8013.807300070564,61.28048780487805,31.0,39.0,73.0,47.0,48.0,137.0,878.0,530.0,29.725182277061133,13.348289399887829,136,611.2606802072893,76.27593942793045,265.17926567816227,278.6629571533231,46,Retail trade,41,22.994952327537856,30.147058823529413,Iztacalco,006
676,0900600010895,0.213615,2428,11366.24300727945,56.359550561797754,47.0,47.0,109.0,72.0,63.0,218.0,1155.0,717.0,29.530477759472817,13.920922570016474,50,234.0659597874681,20.59308072487644,60.85714954474171,154.48353345972896,46,Retail trade,42,17.298187808896213,84.0,Iztacalco,006
677,0900600010908,0.070396,1288,18296.494118984032,63.842794759825324,27.0,35.0,81.0,44.0,41.0,117.0,667.0,276.0,21.428571428571427,17.70186335403727,14,198.8749360759134,10.869565217391305,71.0267628842548,99.4374680379567,46,Retail trade,23,17.857142857142858,164.28571428571428,Iztacalco,006
678,0900600010927,0.102801,2727,26526.97930953979,59.719356170037145,60.0,67.0,176.0,100.0,103.0,289.0,1307.0,625.0,22.91895856252292,18.555188852218556,13,126.45791383352302,4.767143381004767,77.8202546667834,9.727531833347925,46,Retail trade,55,20.16868353502017,423.0769230769231,Iztacalco,006
679,0900600010931,0.107861,2852,26441.43851809273,59.07140070230199,47.0,71.0,171.0,81.0,100.0,264.0,1464.0,654.0,22.931276297335202,16.479663394109398,83,769.508904979557,29.102384291725105,315.2205152928306,361.5764734241292,46,Retail trade,54,18.93408134642356,65.06024096385542,Iztacalco,006
680,0900600010946,0.158724,2334,14704.77054509715,57.99043062200957,50.0,68.0,126.0,64.0,73.0,210.0,1169.0,574.0,24.592973436161095,16.323907455012854,86,541.821022655679,36.84661525278492,163.80635568660065,340.2132002721706,46,Retail trade,74,31.70522707797772,86.04651162790698,Iztacalco,006
681,0900600010950,0.185571,2296,12372.622877497022,58.341099720410064,27.0,40.0,81.0,52.0,64.0,194.0,1102.0,736.0,32.055749128919864,11.498257839721255,82,441.8793884820365,35.714285714285715,102.38668757510602,280.2161975739744,46,Retail trade,35,15.24390243902439,42.68292682926829,Iztacalco,006
682,0900600010965,0.147598,1629,11036.73491510725,60.29023746701847,25.0,24.0,64.0,48.0,49.0,133.0,815.0,471.0,28.913443830570902,12.89134438305709,87,589.4388812856542,53.40699815837937,115.17771243512784,399.7344137454437,81,Other services (except government),31,19.030079803560465,35.632183908045974,Iztacalco,006
683,090060001097A,0.142222,1528,10743.766787135604,57.96897038081806,29.0,22.0,59.0,39.0,34.0,155.0,729.0,461.0,30.170157068062828,11.976439790575917,23,161.7190026859417,15.052356020942408,28.125043945381165,133.59395874056054,81,Other services (except government),34,22.25130890052356,147.82608695652175,Iztacalco,006
684,0900600010984,0.138073,1628,11790.864252967633,57.97485109199206,22.0,35.0,60.0,34.0,52.0,134.0,810.0,481.0,29.545454545454547,12.469287469287469,62,449.0378278157207,38.08353808353808,94.15309292910273,253.48909634758425,46,Retail trade,26,15.97051597051597,41.935483870967744,Iztacalco,006
685,0900600010999,0.047936,928,19359.145527369827,61.44721233689205,14.0,18.0,53.0,28.0,37.0,109.0,455.0,214.0,23.060344827586206,16.163793103448278,29,604.9732977303071,31.25,333.7783711615487,271.1949265687583,46,Retail trade,21,22.629310344827587,72.41379310344827,Iztacalco,006
686,0900600011003,0.191197,2550,13337.02934669477,63.29338659565025,60.0,65.0,172.0,71.0,98.0,240.0,1303.0,541.0,21.215686274509803,18.274509803921568,99,517.7905511069735,38.8235294117647,167.36664278205203,303.3520400424693,46,Retail trade,48,18.823529411764707,48.484848484848484,Iztacalco,006
687,0900600011018,0.130762,2119,16205.013688992214,61.871281773931855,43.0,57.0,169.0,91.0,81.0,220.0,1078.0,380.0,17.93298725814063,20.811703633789524,33,252.3668955812851,15.57338367154318,130.00718863278323,91.7697802113764,46,Retail trade,64,30.20292590844738,193.93939393939394,Iztacalco,006
688,0900600011022,0.089302,2024,22664.665964927997,62.11180124223603,52.0,58.0,143.0,61.0,69.0,229.0,996.0,416.0,20.553359683794465,18.92292490118577,86,963.0243443595888,42.4901185770751,470.314214687241,403.1264697319209,46,Retail trade,48,23.715415019762847,55.81395348837209,Iztacalco,006
689,0900600011037,0.117728,2212,18789.073117695025,69.86444212721585,53.0,80.0,161.0,81.0,103.0,239.0,1093.0,402.0,18.17359855334539,21.609403254972875,218,1851.7260125033977,98.55334538878843,900.3805381897255,789.9565099211742,46,Retail trade,63,28.481012658227847,28.89908256880734,Iztacalco,006
690,0900600011041,0.124791,4529,36292.68136323934,62.79669762641899,128.0,181.0,344.0,201.0,207.0,514.0,2243.0,711.0,15.698829763744756,23.42680503422389,100,801.3398402128358,22.079929344226098,416.69671691067464,312.52253768300596,46,Retail trade,102,22.52152793111062,102.0,Iztacalco,006
691,0900600011056,0.144375,4258,29492.640692640693,65.6379167814825,121.0,170.0,338.0,209.0,227.0,497.0,2115.0,581.0,13.644903710662282,25.011742602160638,189,1309.090909090909,44.38703616721465,741.1255411255411,457.14285714285717,46,Retail trade,86,20.197275716298734,45.5026455026455,Iztacalco,006
692,0900600011060,0.117341,3704,31566.119259252948,62.65214606021781,144.0,145.0,293.0,159.0,174.0,410.0,1820.0,559.0,15.091792656587472,24.703023758099352,118,1005.616110310974,31.85745140388769,477.2415438763944,374.9754987600242,46,Retail trade,64,17.278617710583152,54.23728813559322,Iztacalco,006
693,0900600011075,0.12447,2887,23194.34401863903,65.47714514835606,74.0,86.0,232.0,127.0,131.0,298.0,1421.0,518.0,17.942500865950812,22.514721163837894,85,682.8954768217241,29.442327675788015,321.36257732787016,289.22631959508317,46,Retail trade,39,13.508832698302736,45.88235294117647,Iztacalco,006
694,090060001108A,0.140557,4564,32470.812552914475,65.02564102564102,135.0,176.0,353.0,215.0,215.0,601.0,2232.0,637.0,13.957055214723926,23.97020157756354,189,1344.6502130808142,41.41104294478528,718.5696905881599,483.78949465341464,46,Retail trade,128,28.045574057843996,67.72486772486772,Iztacalco,006
695,0900600011094,0.307025,4236,13796.922074749613,65.71656899307405,120.0,113.0,244.0,123.0,128.0,513.0,2316.0,679.0,16.029272898961285,17.186024551463646,263,856.6077680970604,62.08687440982059,296.392801889097,397.3617783568113,46,Retail trade,166,39.18791312559018,63.11787072243346,Iztacalco,006
696,0900600011107,0.362019,4414,12192.730215817402,68.69908015768725,128.0,155.0,326.0,140.0,148.0,534.0,2338.0,645.0,14.612596284549161,20.32170367014046,142,392.2446059460967,32.170367014046214,127.06515403887641,207.1714468025159,46,Retail trade,171,38.740371545083825,120.4225352112676,Iztacalco,006
697,0900600011111,0.114169,1413,12376.38938766215,61.242138364779876,31.0,41.0,69.0,42.0,48.0,125.0,722.0,335.0,23.708421797593772,16.348195329087048,26,227.73257188904168,18.400566171266806,52.553670435932695,113.86628594452084,46,Retail trade,22,15.56970983722576,84.61538461538461,Iztacalco,006
698,0900600011126,0.191642,5768,30097.78649774058,67.88953839951623,170.0,195.0,442.0,242.0,257.0,604.0,3024.0,834.0,14.459084604715672,22.642163661581137,91,474.8437190177518,15.776699029126213,182.63219962221226,213.94057670030577,46,Retail trade,98,16.990291262135923,107.6923076923077,Iztacalco,006
699,0900600011130,0.149691,3560,23782.32492267404,63.30911492734478,120.0,128.0,284.0,175.0,174.0,407.0,1771.0,501.0,14.073033707865168,24.747191011235955,151,1008.744680708927,42.41573033707865,534.4342679252594,380.7844158967473,46,Retail trade,67,18.820224719101123,44.370860927152314,Iztacalco,006
700,090060001115A,0.045862,2063,44982.774410187085,65.40697674418605,67.0,73.0,203.0,96.0,95.0,223.0,1008.0,298.0,14.4449830344159,25.884634028114398,31,675.9408660764904,15.02666020358701,370.6772491387205,239.84998473681915,46,Retail trade,25,12.118274357731458,80.64516129032258,Iztacalco,006
701,0900600011164,0.101517,915,9013.268713614469,61.923583662714094,31.0,36.0,89.0,51.0,36.0,96.0,444.0,132.0,14.426229508196721,26.557377049180328,24,236.41360560300245,26.229508196721312,49.25283450062551,108.35623590137612,93,Government and international organizations,26,28.415300546448087,108.33333333333333,Iztacalco,006
702,0900600011179,0.252571,8203,32477.996286192792,67.35047674082635,275.0,319.0,687.0,360.0,371.0,874.0,4469.0,848.0,10.33768133609655,24.527611849323417,146,578.0552795055647,17.798366451298307,269.23122607108496,217.76055049867165,46,Retail trade,102,12.434475192002926,69.86301369863014,Iztacalco,006
703,0900600011183,0.071253,2241,31451.307313376277,66.22899159663865,53.0,104.0,180.0,83.0,92.0,246.0,1140.0,343.0,15.305667112896028,22.84694332887104,30,421.0349037935245,13.386880856760374,210.51745189676225,70.17248396558742,46,Retail trade,34,15.171798304328425,113.33333333333333,Iztacalco,006
704,0900600011198,0.199682,2099,10511.713624663214,65.76327433628319,67.0,81.0,143.0,66.0,62.0,203.0,1059.0,418.0,19.91424487851358,19.9618866126727,59,295.4697969771937,28.1086231538828,100.15925321260805,140.22295449765127,46,Retail trade,60,28.585040495474036,101.69491525423729,Iztacalco,006
705,0900600011200,0.205114,4449,21690.37705861131,63.2700805822719,113.0,165.0,324.0,187.0,189.0,444.0,2307.0,720.0,16.183412002697235,21.98246797033041,128,624.0432149926382,28.770510227017308,277.8942441764092,277.8942441764092,46,Retail trade,58,13.036637446617217,45.3125,Iztacalco,006
706,0900700010017,0.333357,5868,17602.750204735465,65.29506222400643,207.0,211.0,468.0,254.0,270.0,743.0,2926.0,789.0,13.445807770961146,24.028629856850717,538,1613.8854141355964,91.68370824812543,908.9354655819437,575.9591069034099,46,Retail trade,161,27.43694614860259,29.925650557620816,Iztapalapa,007
707,0900700010021,0.509256,7518,14762.712663179225,62.26473310706572,217.0,252.0,567.0,347.0,353.0,808.0,3762.0,1212.0,16.121308858739027,23.09124767225326,208,408.43897764582056,27.666932694865658,184.58299951301507,155.12826554817224,46,Retail trade,185,24.60760840649109,88.9423076923077,Iztapalapa,007
708,0900700010036,0.531392,10273,19332.244369505,63.624161073825505,278.0,321.0,734.0,410.0,421.0,1209.0,5369.0,1531.0,14.903144164314222,21.064927479801423,513,965.3890160183066,49.93672734352185,423.4162350957485,438.4710345658196,46,Retail trade,167,16.25620558746228,32.553606237816766,Iztapalapa,007
709,0900700010040,0.212468,3860,18167.441685336144,59.130175752159666,88.0,117.0,298.0,165.0,176.0,402.0,1837.0,777.0,20.129533678756477,21.865284974093264,272,1280.1927819718735,70.46632124352331,602.443662104411,527.1382043413596,46,Retail trade,106,27.46113989637306,38.970588235294116,Iztapalapa,007
710,0900700010055,0.157525,3701,23494.683383589905,57.23625557206538,57.0,83.0,193.0,127.0,111.0,338.0,1785.0,1007.0,27.20886246960281,15.428262631721156,59,374.54372321853674,15.941637395298567,152.35676876686242,203.14235835581653,46,Retail trade,43,11.618481491488787,72.88135593220339,Iztapalapa,007
711,090070001006A,0.139526,2957,21193.18263262761,60.38251366120219,55.0,115.0,225.0,123.0,140.0,313.0,1477.0,509.0,17.213391951301997,22.25228271897193,54,387.0246405687829,18.26175177544809,265.18355001935123,78.83835270845577,46,Retail trade,40,13.527223537368956,74.07407407407408,Iztapalapa,007
712,0900700010074,0.120495,2480,20581.766878293703,59.11470728224655,86.0,91.0,202.0,108.0,101.0,243.0,1205.0,444.0,17.903225806451612,23.70967741935484,152,1261.4631312502593,61.29032258064516,755.2180588406158,439.85227602805094,46,Retail trade,82,33.064516129032256,53.94736842105263,Iztapalapa,007
713,0900700010089,0.150249,2144,14269.64572143575,63.0115424973767,46.0,53.0,139.0,78.0,71.0,226.0,1096.0,435.0,20.28917910447761,18.050373134328357,308,2049.9304487883446,143.65671641791045,1084.8657894561695,805.3298191668497,46,Retail trade,64,29.850746268656717,20.77922077922078,Iztapalapa,007
714,0900700010093,0.13063,1677,12837.786113450204,56.5102445472571,29.0,45.0,90.0,54.0,57.0,129.0,803.0,470.0,28.02623732856291,16.398330351818725,38,290.8979560590982,22.659511031604055,114.82814054964403,153.1041873995254,46,Retail trade,20,11.926058437686345,52.63157894736842,Iztapalapa,007
715,0900700010106,0.129797,1524,11741.41158886569,53.71720116618076,24.0,33.0,95.0,41.0,62.0,140.0,752.0,377.0,24.73753280839895,16.73228346456693,37,285.06051757744785,24.278215223097114,61.63470650323197,208.0171344484079,46,Retail trade,17,11.15485564304462,45.945945945945944,Iztapalapa,007
716,0900700010110,0.11461,1932,16857.167786406073,58.560090702947846,36.0,40.0,92.0,51.0,49.0,134.0,951.0,579.0,29.96894409937888,13.871635610766045,31,270.48250588953846,16.045548654244307,69.80193700375186,174.50484250937964,46,Retail trade,33,17.080745341614907,106.45161290322581,Iztapalapa,007
717,090070001013A,0.129994,2880,22154.868686247057,63.2875605815832,78.0,92.0,234.0,124.0,132.0,327.0,1403.0,490.0,17.01388888888889,22.916666666666668,62,476.94508977337415,21.52777777777778,276.93585857808824,153.85325476560456,46,Retail trade,52,18.055555555555557,83.87096774193549,Iztapalapa,007
718,0900700010144,0.071856,1855,25815.519928746384,58.41035120147874,50.0,66.0,113.0,57.0,80.0,206.0,904.0,379.0,20.431266846361186,19.730458221024257,35,487.08528167446,18.867924528301888,222.667557336896,236.58427967045202,46,Retail trade,26,14.016172506738544,74.28571428571429,Iztapalapa,007
719,0900700010178,0.241232,2948,12220.600915301453,60.69935385784873,64.0,82.0,171.0,125.0,104.0,290.0,1528.0,584.0,19.810040705563093,18.521031207598373,417,1728.6263845592625,141.4518317503392,816.6412416263182,729.5881143463554,46,Retail trade,77,26.119402985074625,18.465227817745802,Iztapalapa,007
720,0900700010182,0.183334,2946,16069.03247624554,54.860587792012055,45.0,76.0,171.0,97.0,128.0,291.0,1446.0,692.0,23.48947725729803,17.549219280380175,26,141.81766611757774,8.825526137135098,49.09073057916153,81.81788429860255,46,Retail trade,51,17.311608961303463,196.15384615384616,Iztapalapa,007
721,0900700010197,0.145857,2762,18936.355471454917,59.17394757744241,45.0,53.0,146.0,84.0,90.0,269.0,1368.0,707.0,25.59739319333816,15.133960897900073,41,281.0972390766299,14.844315713251268,109.69648354209946,164.54472531314917,46,Retail trade,53,19.188993482983346,129.26829268292684,Iztapalapa,007
722,0900700010214,0.40816,6202,15195.021560172481,62.25152905198777,188.0,244.0,538.0,283.0,295.0,736.0,3096.0,822.0,13.253789100290229,24.95969042244437,308,754.6060368482948,49.66139954853273,267.05213641709133,306.25245001960013,46,Retail trade,84,13.544018058690744,27.272727272727273,Iztapalapa,007
723,0900700010229,0.321586,0,0.0,,0.0,0.0,0.0,0.0,0.0,0.0,0.0,0.0,,,12,37.315057247517,,6.219176207919499,27.986292935637746,52,Finance and insurance,32,,266.6666666666667,Iztapalapa,007
724,0900700010233,0.068791,1933,28099.606053117415,60.14277215942891,48.0,56.0,145.0,90.0,69.0,202.0,967.0,356.0,18.41696844283497,21.107087428867047,59,857.6703347821663,30.522503879979308,610.54498408222,203.51499469407335,46,Retail trade,78,40.35178479048112,132.20338983050848,Iztapalapa,007
725,0900700010248,0.069858,1549,22173.552062755876,55.88662790697674,25.0,48.0,100.0,69.0,67.0,176.0,734.0,330.0,21.304067140090382,19.948353776630086,64,916.1441781900427,41.31697869593286,615.5343697214349,243.3507973317301,46,Retail trade,47,30.342156229825694,73.4375,Iztapalapa,007
726,0900700010252,0.099578,3188,32015.103737773403,63.47131445170661,89.0,100.0,245.0,126.0,150.0,355.0,1548.0,575.0,18.03638644918444,22.271016311166875,68,682.8817610315532,21.329987452948558,461.94942658016834,190.8051979352869,46,Retail trade,45,14.11543287327478,66.17647058823529,Iztapalapa,007
727,0900700010271,0.280716,4150,14783.6247310449,62.386582348089085,94.0,121.0,298.0,180.0,205.0,471.0,2043.0,738.0,17.783132530120483,21.63855421686747,280,997.4493794439932,67.46987951807229,509.4116473588965,324.17104831929777,46,Retail trade,60,14.457831325301205,21.428571428571427,Iztapalapa,007
728,0900700010286,0.167153,2480,14836.706490460834,55.659494855004674,66.0,79.0,197.0,97.0,103.0,246.0,1177.0,515.0,20.766129032258064,21.85483870967742,92,550.3939504525794,37.096774193548384,197.42391701016433,233.31917464837605,46,Retail trade,54,21.774193548387096,58.69565217391305,Iztapalapa,007
729,0900700010290,0.054094,1588,29356.30569009502,55.41995692749462,29.0,40.0,126.0,72.0,61.0,159.0,782.0,319.0,20.08816120906801,20.65491183879093,21,388.2131105113321,13.224181360201511,166.37704736199947,203.34972455355492,46,Retail trade,17,10.705289672544081,80.95238095238095,Iztapalapa,007
730,0900700010303,0.043965,1103,25088.13829182304,55.82371458551941,19.0,38.0,93.0,42.0,43.0,128.0,517.0,223.0,20.217588395285585,21.30553037171351,43,978.0507221653588,38.98458748866727,500.39804389855567,432.16194700329805,46,Retail trade,7,6.346328195829556,16.27906976744186,Iztapalapa,007
731,0900700010318,0.313605,3528,11249.820634237338,58.39793281653747,69.0,102.0,261.0,123.0,155.0,361.0,1803.0,654.0,18.537414965986393,20.124716553287982,153,487.8748744439661,43.36734693877551,181.75730616539914,220.02200220022002,46,Retail trade,49,13.88888888888889,32.02614379084967,Iztapalapa,007
732,0900700010322,0.337162,4540,13465.3371376371,63.866799204771375,92.0,135.0,289.0,168.0,161.0,506.0,2304.0,885.0,19.493392070484582,18.612334801762113,241,714.7899229450531,53.08370044052864,234.30872992804646,379.6394611492398,46,Retail trade,133,29.295154185022028,55.18672199170125,Iztapalapa,007
733,0900700010337,0.211755,5329,25165.87565818989,64.68020082951321,138.0,206.0,404.0,204.0,233.0,552.0,2708.0,884.0,16.58847813848752,22.236817414148994,126,595.0272720833038,23.644210921373617,316.40339071096315,188.89754669311233,46,Retail trade,98,18.389941827735036,77.77777777777777,Iztapalapa,007
734,0900700010356,0.28347,5122,18068.931456591527,67.2204759766502,157.0,164.0,347.0,196.0,232.0,575.0,2636.0,815.0,15.911753221397891,21.39789144865287,403,1421.6671958231912,78.68020304568527,754.9299749532579,504.46255335661624,46,Retail trade,117,22.84263959390863,29.032258064516128,Iztapalapa,007
735,0900700010360,0.262896,5255,19988.89294626012,67.82473998672273,152.0,173.0,411.0,221.0,239.0,593.0,2708.0,758.0,14.424357754519505,22.7592768791627,105,399.3974803724667,19.980970504281636,178.7779197857708,178.7779197857708,46,Retail trade,54,10.27592768791627,51.42857142857143,Iztapalapa,007
736,0900700010375,0.251966,6884,27321.146503893382,66.98444555945811,168.0,230.0,507.0,267.0,347.0,734.0,3490.0,1141.0,16.5746658919233,22.06565950029053,240,952.5094655628141,34.863451481696686,396.87894398450584,488.1611011009422,46,Retail trade,163,23.678094131319,67.91666666666667,Iztapalapa,007
737,090070001038A,0.276454,5123,18531.111866712003,59.19117647058823,164.0,179.0,420.0,216.0,228.0,549.0,2532.0,835.0,16.29904352918212,23.56041382002733,248,897.0751011018108,48.409135272301384,499.178886903427,292.99630318244624,46,Retail trade,117,22.838180753464766,47.17741935483871,Iztapalapa,007
738,0900700010407,0.402112,6972,17338.45296832723,63.67410482615465,267.0,273.0,651.0,339.0,340.0,790.0,3440.0,872.0,12.507171543316122,26.821572002294893,396,984.8002546554194,56.7986230636833,350.64857552124784,392.9253541301926,46,Retail trade,103,14.773379231210557,26.01010101010101,Iztapalapa,007
739,0900700010411,0.401945,4975,12377.315304332682,67.4570529881442,169.0,232.0,441.0,234.0,251.0,616.0,2378.0,654.0,13.14572864321608,26.673366834170853,405,1007.6005423627611,81.4070351758794,462.7498787147495,430.40714525619177,46,Retail trade,106,21.306532663316585,26.17283950617284,Iztapalapa,007
740,0900700010426,0.420802,8211,19512.73995846027,63.703382480485686,287.0,306.0,700.0,384.0,407.0,940.0,3969.0,1218.0,14.83375959079284,25.38058701741566,373,886.4026311662017,45.42686639873341,425.3782063773461,308.93389289974857,46,Retail trade,95,11.569845329436122,25.469168900804288,Iztapalapa,007
741,0900700010445,0.256497,3848,15002.124781186525,61.254612546125465,124.0,142.0,330.0,153.0,153.0,413.0,1892.0,641.0,16.658004158004157,23.44074844074844,270,1052.6438905718196,70.16632016632016,526.3219452859098,409.36151300015206,46,Retail trade,60,15.592515592515593,22.22222222222222,Iztapalapa,007
742,0900700010464,0.393964,4863,12343.767450833071,65.52650867334474,130.0,199.0,422.0,216.0,258.0,573.0,2404.0,661.0,13.592432654739872,25.19021180341353,165,418.8199937050086,33.929673041332514,223.3706633093379,129.45345259972993,46,Retail trade,73,15.011309891013777,44.24242424242424,Iztapalapa,007
743,0900700010479,0.372991,4554,12209.409878522538,61.65374677002584,148.0,189.0,347.0,193.0,219.0,548.0,2236.0,674.0,14.800175669740888,24.066754501537112,200,536.2059674362116,43.917435221783045,243.9737151834763,201.07723778857934,46,Retail trade,101,22.17830478700044,50.5,Iztapalapa,007
744,0900700010483,0.379581,6782,17867.069215793203,64.50867052023122,127.0,167.0,420.0,261.0,264.0,687.0,3451.0,1405.0,20.716602772043643,18.26894721321144,362,953.6831400939457,53.37658507814804,453.1312157352449,384.63463661247533,46,Retail trade,94,13.860218224712474,25.96685082872928,Iztapalapa,007
745,0900700010498,0.453392,5441,12000.652856689134,62.16722129783694,127.0,152.0,352.0,220.0,212.0,583.0,2760.0,1035.0,19.022238559088404,19.536849843778718,170,374.95147686769945,31.244256570483365,108.0742492148075,183.0645445883474,46,Retail trade,103,18.930343686822276,60.588235294117645,Iztapalapa,007
746,0900700010500,0.341206,6227,18249.972157582222,63.87673231218089,143.0,164.0,409.0,182.0,239.0,546.0,3233.0,1311.0,21.053476794604144,18.25919383330657,150,439.6171227938547,24.088646218082545,161.1929450244134,172.9160682989162,46,Retail trade,57,9.153685562871367,38.0,Iztapalapa,007
747,0900700010515,0.411175,7149,17386.75746336718,66.26163799905318,152.0,187.0,472.0,239.0,258.0,669.0,3678.0,1494.0,20.898027696181284,18.29626521191775,289,702.8637441478689,40.425234298503284,214.02079406578707,355.0799537909649,46,Retail trade,132,18.464120856063786,45.674740484429066,Iztapalapa,007
748,0900700010534,0.351212,4645,13225.630103754997,59.77261731978713,98.0,123.0,290.0,176.0,187.0,487.0,2308.0,976.0,21.01184068891281,18.815931108719052,109,310.3538603464574,23.466092572658773,91.11305991822603,179.3788367140075,46,Retail trade,58,12.48654467168999,53.211009174311926,Iztapalapa,007
749,0900700010553,0.302939,5795,19129.263647136882,63.362686872824085,204.0,229.0,479.0,248.0,247.0,652.0,2858.0,878.0,15.150992234685074,24.27955133735979,423,1396.3207114303539,72.9939603106126,650.2959341649639,594.1790261405762,46,Retail trade,113,19.499568593615187,26.713947990543737,Iztapalapa,007
750,0900700010568,0.331797,5839,17598.109687549917,61.521781983047504,160.0,192.0,414.0,220.0,248.0,635.0,2864.0,1106.0,18.941599588970714,21.13375578009933,233,702.2366085287089,39.90409316663812,280.29186520673784,328.5141215863917,46,Retail trade,65,11.132043158075012,27.896995708154506,Iztapalapa,007
751,0900700010572,0.385248,5325,13822.265138300523,66.37700534759358,166.0,185.0,486.0,224.0,245.0,558.0,2687.0,774.0,14.535211267605634,24.525821596244132,380,986.3776061134646,71.36150234741784,376.38092864855884,446.46565329346294,46,Retail trade,81,15.211267605633802,21.31578947368421,Iztapalapa,007
752,0900700010587,0.092326,2637,28561.835236011524,59.22112802148612,88.0,100.0,215.0,112.0,139.0,321.0,1239.0,423.0,16.040955631399317,24.800910125142206,20,216.6237029655785,7.584376185058779,75.81829603795248,129.9742217793471,46,Retail trade,45,17.064846416382252,225.0,Iztapalapa,007
753,0900700010591,0.153802,3807,24752.60399734724,63.35761991499697,101.0,123.0,289.0,164.0,152.0,388.0,1848.0,742.0,19.490412398213817,21.775676385605465,140,910.2612449773085,36.77436301549777,552.6586130219373,299.08583763540133,46,Retail trade,73,19.175203572366694,52.142857142857146,Iztapalapa,007
754,0900700010604,0.135442,3653,26970.954356846472,60.69121447028424,119.0,143.0,295.0,162.0,192.0,381.0,1756.0,605.0,16.561730084861757,24.938406788940597,134,989.3533763529776,36.682179030933476,553.742561391592,347.01200513873096,46,Retail trade,58,15.87736107309061,43.28358208955224,Iztapalapa,007
755,0900700010619,0.563326,5610,9958.709521662413,65.70828961175236,179.0,219.0,446.0,269.0,260.0,665.0,2796.0,776.0,13.832442067736185,24.474153297682708,478,848.5317560346939,85.20499108734403,381.66177311183935,335.5073261308727,46,Retail trade,78,13.903743315508022,16.317991631799163,Iztapalapa,007
756,0900700010623,0.424668,5433,12793.523411229478,64.64017185821697,156.0,200.0,422.0,257.0,282.0,648.0,2718.0,750.0,13.804527885146328,24.240750966316952,481,1132.649505025102,88.53303883673846,562.7925814989592,412.08661825237596,46,Retail trade,95,17.48573532118535,19.75051975051975,Iztapalapa,007
757,0900700010638,0.396014,4162,10509.729454009203,62.557736720554274,150.0,166.0,382.0,197.0,162.0,508.0,2035.0,562.0,13.503123498318116,25.396444017299377,276,696.9450574979672,66.31427198462278,217.16403965516372,300.4944269647033,46,Retail trade,68,16.338298894762133,24.63768115942029,Iztapalapa,007
758,0900700010642,0.282,2515,8918.439716312057,59.47117468573906,36.0,53.0,110.0,84.0,62.0,231.0,1289.0,650.0,25.84493041749503,13.717693836978132,130,460.9929078014184,51.68986083499006,99.29078014184397,287.2340425531915,81,Other services (except government),44,17.495029821073558,33.84615384615385,Iztapalapa,007
759,0900700010657,0.217009,1916,8829.12690257086,55.83756345177665,26.0,38.0,79.0,54.0,54.0,176.0,894.0,595.0,31.05427974947808,13.100208768267223,28,129.02690671815455,14.613778705636744,27.648622868175973,69.12155717043994,46,Retail trade,34,17.745302713987474,121.42857142857143,Iztapalapa,007
760,0900700010676,0.231595,2699,11653.96489561519,62.69151138716356,46.0,76.0,162.0,84.0,94.0,253.0,1346.0,638.0,23.63838458688403,17.11745090774361,335,1446.4906409896587,124.12004446091144,600.1856689479479,725.4042617500378,46,Retail trade,74,27.41756206002223,22.08955223880597,Iztapalapa,007
761,0900700010680,0.181945,3125,17175.520074747863,61.392177969142445,63.0,84.0,191.0,100.0,111.0,240.0,1588.0,748.0,23.936,17.568,142,780.4556321965429,45.44,230.8389898046113,401.2201489461101,46,Retail trade,47,15.04,33.098591549295776,Iztapalapa,007
762,0900700010695,0.211568,3633,17171.784012705135,61.116279069767444,63.0,103.0,237.0,142.0,122.0,327.0,1818.0,821.0,22.598403523259016,18.359482521332232,130,614.4596536338198,35.7830993669144,174.88467064962566,345.04272857899116,46,Retail trade,49,13.48747591522158,37.69230769230769,Iztapalapa,007
763,0900700010708,0.233212,4420,18952.712553384903,61.603053435114504,89.0,115.0,286.0,163.0,156.0,398.0,2263.0,950.0,21.493212669683256,18.30316742081448,230,986.2271238186714,52.036199095022624,364.47524141124813,488.8256178927328,46,Retail trade,71,16.063348416289593,30.869565217391305,Iztapalapa,007
764,0900700010727,0.648532,2181,3362.979775863026,64.30354468297554,29.0,49.0,100.0,79.0,92.0,236.0,1132.0,464.0,21.27464465841357,16.00183402109124,266,410.1570932506029,121.96240256762952,69.38747818149297,168.07189159517188,72,Accommodation and food services,126,57.7716643741403,47.36842105263158,Iztapalapa,007
765,0900700010731,0.548366,11610,21171.990969534945,63.669782585862826,385.0,529.0,1172.0,548.0,570.0,1412.0,5597.0,1397.0,12.032730404823429,27.5968992248062,420,765.911818019352,36.17571059431525,372.01431160939956,275.3635345736242,46,Retail trade,156,13.436692506459949,37.142857142857146,Iztapalapa,007
766,0900700010746,0.426482,7993,18741.705394366,63.38090990187333,299.0,282.0,686.0,352.0,376.0,989.0,3832.0,1177.0,14.72538471162267,24.959339421994244,648,1519.4076186099296,81.07093706993619,928.5268780394015,513.5035007339114,46,Retail trade,188,23.52058050794445,29.012345679012345,Iztapalapa,007
767,0900700010750,0.678894,9308,13710.535076168004,65.26315789473684,350.0,433.0,830.0,435.0,462.0,1113.0,4477.0,1208.0,12.978083369144821,26.966050709067467,233,343.2052721043344,25.03223033949291,162.0282400492566,106.05484803224067,46,Retail trade,141,15.148259561667382,60.51502145922747,Iztapalapa,007
768,0900700010765,0.161378,3454,21403.165239375874,61.13157013726147,97.0,105.0,265.0,154.0,129.0,400.0,1685.0,619.0,17.921250723798494,21.713954834973944,71,439.9608372888498,20.55587724377533,223.07873439998016,192.09557684442737,46,Retail trade,75,21.713954834973944,105.63380281690141,Iztapalapa,007
769,090070001077A,0.20635,4047,19612.30918342622,63.53009935710111,146.0,154.0,323.0,190.0,165.0,498.0,1947.0,624.0,15.41882876204596,24.166048925129726,165,799.6123091834262,40.7709414381023,450.69057426702204,276.22970680881997,46,Retail trade,46,11.366444279713368,27.87878787878788,Iztapalapa,007
770,0900700010784,0.700644,6393,9124.46263723089,63.13186813186813,193.0,205.0,535.0,268.0,329.0,770.0,3112.0,981.0,15.344908493664946,23.932426091037073,439,626.5664160401003,68.66885656186454,269.7518283179475,264.042794914393,46,Retail trade,98,15.329266385108713,22.32346241457859,Iztapalapa,007
771,0900700010801,0.310404,3649,11755.647478769602,62.351543942992876,51.0,81.0,146.0,99.0,101.0,344.0,1893.0,934.0,25.596053713346123,13.099479309399836,174,560.5597866006881,47.684297067689776,122.42110282083993,380.1497403383977,46,Retail trade,52,14.25047958344752,29.885057471264368,Iztapalapa,007
772,0900700010816,0.130317,1207,9262.030280009516,58.955895589558956,13.0,24.0,59.0,29.0,26.0,94.0,584.0,378.0,31.31731565865783,12.510356255178127,14,107.43034293300184,11.5990057995029,38.367979618929226,69.06236331407261,46,Retail trade,14,11.5990057995029,100.0,Iztapalapa,007
773,0900700010820,0.113317,1112,9813.178958143968,56.85131195335277,15.0,31.0,37.0,25.0,33.0,85.0,522.0,364.0,32.73381294964029,12.679856115107913,20,176.49602442704978,17.985611510791365,35.29920488540996,114.72241587758236,46,Retail trade,18,16.18705035971223,90.0,Iztapalapa,007
774,0900700010835,0.46792,6828,14592.237989399897,60.72310405643739,244.0,295.0,614.0,355.0,327.0,787.0,3277.0,929.0,13.605741066198009,26.874633860574107,391,835.6129252863738,57.26420620972466,395.3667293554454,316.2933834843563,46,Retail trade,84,12.302284710017574,21.483375959079282,Iztapalapa,007
775,090070001084A,0.397383,7352,18501.043074313697,67.09025741283806,229.0,288.0,697.0,338.0,316.0,812.0,3781.0,891.0,12.119151251360174,25.408052230685527,440,1107.2441448174684,59.847660500544066,558.6550003397226,430.3153380995161,46,Retail trade,106,14.41784548422198,24.09090909090909,Iztapalapa,007
776,0900700010854,0.301272,3289,10917.045062269312,56.08083724287261,107.0,132.0,279.0,135.0,162.0,390.0,1606.0,478.0,14.53329279416236,24.779568257829126,338,1121.9097692450675,102.76679841897233,448.1000557635625,547.677845933243,46,Retail trade,104,31.620553359683793,30.76923076923077,Iztapalapa,007
777,0900700010888,0.155889,4544,29148.945724201192,59.50065703022339,158.0,182.0,399.0,194.0,208.0,527.0,2190.0,686.0,15.096830985915494,25.110035211267604,95,609.4079761881852,20.906690140845072,295.08175689112124,243.7631904752741,46,Retail trade,34,7.482394366197183,35.78947368421053,Iztapalapa,007
778,0900700010892,0.108266,2220,20505.052371012138,59.5276435856146,71.0,79.0,207.0,104.0,112.0,218.0,1063.0,366.0,16.486486486486488,25.81081081081081,116,1071.4351689357693,52.252252252252255,581.9001348530471,406.40644338942974,46,Retail trade,25,11.26126126126126,21.551724137931036,Iztapalapa,007
779,0900700010905,0.267866,2580,9631.68151239799,62.24188790560472,41.0,54.0,112.0,61.0,81.0,209.0,1341.0,681.0,26.3953488372093,13.527131782945736,152,567.4479030560057,58.91472868217054,119.4627164328433,373.32098885263525,46,Retail trade,51,19.767441860465116,33.55263157894737,Iztapalapa,007
780,090070001091A,0.140649,1444,10266.692262298346,56.626506024096386,18.0,34.0,64.0,29.0,49.0,108.0,700.0,442.0,30.609418282548475,13.434903047091412,56,398.15427056004665,38.78116343490305,92.4286699514394,277.2860098543182,81,Other services (except government),27,18.698060941828256,48.214285714285715,Iztapalapa,007
781,0900700010924,0.200144,3759,18781.47733631785,66.13380698638248,75.0,86.0,219.0,116.0,147.0,342.0,1998.0,776.0,20.643788241553604,17.10561319499867,247,1234.1114397633703,65.70896515030593,444.67983052202413,649.5323367175633,46,Retail trade,81,21.54828411811652,32.79352226720648,Iztapalapa,007
782,0900700010939,0.297169,4294,14449.69024359876,61.49116064565719,88.0,106.0,197.0,123.0,135.0,382.0,2195.0,1068.0,24.871914299021892,15.11411271541686,297,999.4313000346605,69.16627852817885,323.0485010213044,558.6046996826722,46,Retail trade,84,19.562179785747556,28.282828282828284,Iztapalapa,007
783,0900700010943,0.228398,3439,15057.049536335695,58.12619502868069,59.0,64.0,175.0,97.0,97.0,289.0,1693.0,965.0,28.060482698458856,14.30648444315208,153,669.8832739340975,44.48967723175342,223.29442464469918,350.2657641485477,46,Retail trade,56,16.28380343123001,36.60130718954248,Iztapalapa,007
784,0900700010958,0.2636,5599,21240.51593323217,62.37092930897538,101.0,129.0,331.0,180.0,210.0,523.0,2815.0,1310.0,23.39703518485444,16.98517592427219,538,2040.9711684370259,96.08858724772281,1202.5796661608497,641.1229135053111,46,Retail trade,86,15.359885693873906,15.985130111524164,Iztapalapa,007
785,0900700010962,0.326054,8084,24793.439123580756,64.44608567208272,270.0,325.0,718.0,385.0,358.0,905.0,4020.0,1103.0,13.644235526966849,25.432953983176645,252,772.8781122145411,31.172686788718455,404.8409159219025,260.69301404061906,46,Retail trade,117,14.473033151904998,46.42857142857143,Iztapalapa,007
786,0900700010977,0.375532,7001,18642.8852933971,64.8425660885671,213.0,241.0,599.0,288.0,327.0,746.0,3457.0,1130.0,16.140551349807172,23.82516783316669,431,1147.7051223331168,61.56263390944151,505.9488938359447,532.577782985205,46,Retail trade,162,23.139551492643907,37.58700696055684,Iztapalapa,007
787,0900700010981,0.349827,6435,18394.806575821764,63.330300272975435,169.0,233.0,538.0,268.0,259.0,733.0,3178.0,1057.0,16.425796425796428,22.797202797202797,661,1889.5053840898502,102.71950271950271,1054.8070903618075,666.0435015021711,46,Retail trade,158,24.553224553224553,23.903177004538577,Iztapalapa,007
788,0900700011000,0.273394,5229,19126.24271198344,62.96046720575023,142.0,193.0,439.0,240.0,222.0,664.0,2661.0,668.0,12.77490916045133,23.63740676993689,248,907.1157377265046,47.42780646395104,321.87977790295326,446.2424193654579,46,Retail trade,102,19.506597819850832,41.12903225806452,Iztapalapa,007
789,0900700011015,0.324647,6358,19584.348538566504,62.620388878793385,169.0,189.0,497.0,233.0,245.0,699.0,3230.0,1096.0,17.238125196602706,20.965712488203838,332,1022.6492159175966,52.21767851525637,455.8797709512178,440.478427338001,46,Retail trade,126,19.81755268952501,37.95180722891566,Iztapalapa,007
790,0900700011034,0.347261,6566,18907.968358093767,59.79080932784637,138.0,158.0,438.0,249.0,252.0,684.0,3326.0,1321.0,20.118793786171185,18.80901614377094,231,665.2057098263266,35.18123667377399,305.2459101367559,305.2459101367559,46,Retail trade,154,23.454157782515992,66.66666666666667,Iztapalapa,007
791,0900700011049,0.277384,4690,16907.968736480834,59.916543937162494,107.0,144.0,365.0,171.0,202.0,497.0,2316.0,888.0,18.933901918976545,21.087420042643924,135,486.6899316471029,28.784648187633262,209.0964150780146,248.7526317307415,46,Retail trade,100,21.321961620469082,74.07407407407408,Iztapalapa,007
792,0900700011053,0.304098,7253,23850.863866253643,57.23653395784543,134.0,193.0,518.0,271.0,300.0,757.0,3556.0,1524.0,21.011995036536607,19.522956018199366,217,713.5857519615387,29.918654349924168,355.14866917901463,276.22674269478915,46,Retail trade,129,17.785743830139253,59.44700460829493,Iztapalapa,007
793,0900700011087,0.561427,5902,10512.49761767781,62.50770811921891,181.0,271.0,585.0,294.0,297.0,659.0,2930.0,685.0,11.606235174517114,27.583869874618774,250,445.2938672347429,42.358522534733986,176.33637142495817,160.30579220450744,46,Retail trade,85,14.401897661809556,34.0,Iztapalapa,007
794,0900700011091,0.573626,4232,7377.629326425232,66.01941747572816,145.0,176.0,409.0,229.0,226.0,465.0,2061.0,521.0,12.310964083175804,28.00094517958412,320,557.8547694839494,75.61436672967864,210.9388347111184,205.70894624720637,46,Retail trade,78,18.43100189035917,24.375,Iztapalapa,007
795,0900700011104,0.538379,6367,11826.241365283564,60.39035591274397,194.0,309.0,638.0,332.0,314.0,728.0,3069.0,783.0,12.297785456258834,28.06659337207476,484,898.9949459395705,76.01696246269829,358.48352183127497,365.9132321282962,46,Retail trade,94,14.76362494110256,19.421487603305785,Iztapalapa,007
796,0900700011123,0.542728,3739,6889.270500140034,52.722298221614224,17.0,22.0,45.0,33.0,21.0,147.0,3252.0,202.0,5.402514041187484,3.6908264241775877,78,143.71840037735294,20.861192832308102,35.008328297047505,60.803938621187775,46,Retail trade,254,67.93260230008023,325.64102564102564,Iztapalapa,007
797,0900700011138,0.609886,4768,7817.854484280669,62.699822380106575,165.0,194.0,459.0,236.0,259.0,573.0,2379.0,503.0,10.549496644295303,27.53775167785235,360,590.2742479742116,75.50335570469798,260.7044595219434,270.54236365484695,46,Retail trade,191,40.058724832214764,53.05555555555556,Iztapalapa,007
798,0900700011142,0.107905,3200,29655.71567582596,60.72463768115942,82.0,108.0,250.0,155.0,162.0,323.0,1539.0,581.0,18.15625,23.65625,81,750.6603030443446,25.3125,472.6379685834762,203.88304527130347,46,Retail trade,31,9.6875,38.27160493827161,Iztapalapa,007
799,0900700011157,0.112908,2662,23576.717327381586,59.33304460805544,80.0,93.0,180.0,95.0,138.0,339.0,1291.0,446.0,16.754320060105183,22.01352366641623,145,1284.2314096432494,54.47032306536439,708.5414673893789,407.41134374889293,46,Retail trade,46,17.280240420736288,31.724137931034484,Iztapalapa,007
800,0900700011176,0.342441,2180,6366.060138826834,61.25,36.0,36.0,108.0,67.0,72.0,198.0,1118.0,545.0,25.0,14.63302752293578,144,420.51039449131383,66.05504587155963,137.24992042424827,201.49456402708788,46,Retail trade,70,32.11009174311926,48.611111111111114,Iztapalapa,007
801,0900700011180,0.535187,2051,3832.3053437396647,63.360433604336045,39.0,50.0,114.0,42.0,72.0,182.0,1029.0,523.0,25.499756216479767,15.45587518283764,249,465.257937879657,121.40419307654803,113.97885225164288,235.43172760175415,46,Retail trade,85,41.44319843978547,34.136546184738954,Iztapalapa,007
802,0900700011195,0.239507,3664,15298.091496281946,62.092675635276535,65.0,72.0,182.0,115.0,119.0,337.0,1844.0,930.0,25.382096069868997,15.092794759825328,328,1369.47980643572,89.51965065502183,576.1835770979554,630.4617401579077,46,Retail trade,62,16.921397379912666,18.902439024390244,Iztapalapa,007
803,0900700011208,0.43117,991,2298.397383862514,65.34883720930233,30.0,37.0,64.0,45.0,37.0,101.0,538.0,139.0,14.026236125126136,21.493440968718467,267,619.245309274764,269.42482341069626,227.28854048287218,231.92708212537977,46,Retail trade,95,95.8627648839556,35.58052434456929,Iztapalapa,007
804,0900700011227,0.278615,5183,18602.731367657878,64.35226264418812,139.0,166.0,361.0,221.0,212.0,624.0,2660.0,800.0,15.43507621068879,21.203935944433727,238,854.2253647506416,45.91935172679915,452.2369578091632,326.6155806399512,46,Retail trade,87,16.78564537912406,36.554621848739494,Iztapalapa,007
805,0900700011246,0.342083,4327,12648.97700265725,61.635727737422656,115.0,142.0,353.0,181.0,194.0,466.0,2172.0,704.0,16.269932978969262,22.764039750404436,491,1435.3241757117426,113.47353824820892,643.1187752679905,657.7351110695357,46,Retail trade,84,19.41298821354287,17.10794297352342,Iztapalapa,007
806,0900700011250,0.201599,3051,15134.003640891076,63.41647770219199,80.0,102.0,223.0,100.0,120.0,347.0,1552.0,527.0,17.273025237627007,20.485086856768273,122,605.1617319530354,39.98688954441167,243.05676119425195,267.858471520196,46,Retail trade,35,11.471648639790233,28.688524590163933,Iztapalapa,007
807,0900700011265,0.235742,3915,16607.138312222683,62.540052432274976,108.0,92.0,282.0,160.0,143.0,400.0,1942.0,788.0,20.12771392081737,20.051085568326947,174,738.095036098786,44.44444444444444,284.2090081529808,377.5313690390342,46,Retail trade,71,18.13537675606641,40.804597701149426,Iztapalapa,007
808,090070001127A,0.157199,2174,13829.604514023626,59.474482061647294,36.0,47.0,112.0,73.0,83.0,235.0,1074.0,514.0,23.643054277828888,16.145354185832566,322,2048.3590862537294,148.11407543698252,1113.2386338335486,820.6159072258729,46,Retail trade,56,25.758969641214353,17.391304347826086,Iztapalapa,007
809,0900700011284,0.074307,1379,18558.14391645471,52.635847526358475,23.0,38.0,85.0,51.0,58.0,140.0,680.0,304.0,22.044960116026107,18.491660623640318,80,1076.6145854360961,58.0130529369108,457.5611988103409,551.7649750359993,46,Retail trade,21,15.228426395939087,26.25,Iztapalapa,007
810,0900700011299,0.209352,3461,16531.965302457105,62.95681063122924,83.0,113.0,255.0,127.0,144.0,375.0,1740.0,624.0,18.029471251083503,20.8610228257729,189,902.7857388513127,54.60849465472407,300.9285796171042,477.6644120906416,46,Retail trade,52,15.024559375902918,27.513227513227513,Iztapalapa,007
811,0900700011301,0.414661,4045,9754.956458408195,60.209276018099544,104.0,91.0,314.0,147.0,158.0,399.0,2075.0,757.0,18.714462299134734,20.123609394313966,321,774.1263345238641,79.35723114956737,306.2742818832733,378.6225374462513,46,Retail trade,87,21.508034610630407,27.102803738317757,Iztapalapa,007
812,0900700011316,0.159112,3355,21085.776057117,65.00894454382826,128.0,133.0,299.0,141.0,152.0,389.0,1637.0,476.0,14.187779433681072,25.424739195231,136,854.7438282467696,40.53651266766021,377.0928654029866,402.23238976318567,46,Retail trade,75,22.35469448584203,55.14705882352941,Iztapalapa,007
813,0900700011335,0.090434,0,0.0,,0.0,0.0,0.0,0.0,0.0,0.0,0.0,0.0,,,30,331.7336400026539,,55.28894000044231,254.32912400203463,72,Accommodation and food services,6,,20.0,Iztapalapa,007
814,090070001134A,0.373123,4839,12968.913736221031,64.40245148110317,200.0,225.0,496.0,249.0,239.0,546.0,2311.0,573.0,11.841289522628642,29.117586278156644,303,812.064654282904,62.61624302541848,423.45285602870905,305.5292758688154,46,Retail trade,79,16.325687125439142,26.072607260726073,Iztapalapa,007
815,0900700011354,0.339456,5489,16169.989630467571,62.52079866888519,123.0,164.0,391.0,234.0,223.0,613.0,2748.0,993.0,18.09072690836218,20.677719074512662,277,816.0115007541478,50.46456549462562,268.07598039215685,365.290346907994,46,Retail trade,66,12.024048096192384,23.826714801444044,Iztapalapa,007
816,0900700011369,0.386473,6296,16290.918123646414,63.77720398376983,171.0,206.0,494.0,273.0,290.0,727.0,3209.0,926.0,14.707750952986023,22.776365946632783,319,825.4134182724279,50.667090216010166,313.08784831023127,370.0129116393642,46,Retail trade,114,18.106734434561627,35.73667711598746,Iztapalapa,007
817,0900700011388,0.434836,5484,12611.651289221683,63.326827152461505,159.0,219.0,493.0,280.0,246.0,619.0,2796.0,672.0,12.25382932166302,25.474106491611963,290,666.9181024570182,52.88110867979577,321.96046325511224,271.3666761721661,46,Retail trade,64,11.670313639679067,22.06896551724138,Iztapalapa,007
818,090070001141A,0.246771,4046,16395.7677360792,68.67881548974943,86.0,145.0,303.0,158.0,177.0,438.0,2103.0,636.0,15.719228868017796,21.47800296589224,246,996.8756458416913,60.800790904597136,405.23400237467126,498.43782292084563,46,Retail trade,95,23.47998022738507,38.61788617886179,Iztapalapa,007
819,0900700011424,0.273427,2881,10536.633178142612,63.019169329073485,83.0,83.0,211.0,104.0,133.0,349.0,1468.0,450.0,15.619576535925026,21.312044429017703,293,1071.5840059686864,101.70079833391183,522.9915114454681,449.84584550903895,46,Retail trade,106,36.7927802846234,36.177474402730375,Iztapalapa,007
820,0900700011439,0.180374,2585,14331.333784248283,62.74848746758859,46.0,68.0,154.0,94.0,94.0,256.0,1278.0,595.0,23.017408123791103,17.640232108317214,111,615.3880270992494,42.94003868471954,271.6577777284975,288.2898865690177,46,Retail trade,57,22.05029013539652,51.351351351351354,Iztapalapa,007
821,0900700011443,0.154395,1973,12778.91123417209,57.9685746352413,32.0,51.0,108.0,53.0,78.0,190.0,985.0,476.0,24.12569690826153,16.320324379118095,70,453.38255772531494,35.47896604156107,136.01476731759448,297.9371093623498,46,Retail trade,47,23.82159148504815,67.14285714285714,Iztapalapa,007
822,0900700011458,0.116012,1726,14877.771265041547,58.643183300717546,35.0,54.0,104.0,59.0,42.0,164.0,845.0,423.0,24.507531865585168,17.033603707995365,115,991.2767644726407,66.62804171494786,336.17212012550425,543.0472709719684,46,Retail trade,69,39.97682502896871,60.0,Iztapalapa,007
823,0900700011462,0.159639,2160,13530.52825437393,57.69820971867008,21.0,58.0,126.0,69.0,87.0,214.0,1098.0,487.0,22.546296296296298,16.712962962962962,150,939.6200176648563,69.44444444444444,269.3577383972588,570.0361440500128,46,Retail trade,45,20.833333333333332,30.0,Iztapalapa,007
824,0900700011477,0.178475,2157,12085.726292197787,58.99538698103537,25.0,52.0,129.0,68.0,88.0,165.0,1035.0,595.0,27.584608252202134,16.782568382012055,38,212.91497408600645,17.617060732498842,67.2363076061073,123.26656394453005,46,Retail trade,14,6.4904960593416785,36.8421052631579,Iztapalapa,007
825,0900700011481,0.14328,2435,16994.69570072585,56.50406504065041,47.0,46.0,128.0,75.0,75.0,212.0,1179.0,673.0,27.638603696098563,15.236139630390143,11,76.77275265214963,4.517453798767967,34.896705750977105,41.87604690117253,46,Retail trade,13,5.338809034907597,118.18181818181819,Iztapalapa,007
826,0900700011496,0.221246,2524,11408.115852941974,61.34492223238792,67.0,89.0,182.0,112.0,102.0,274.0,1251.0,447.0,17.709984152139462,21.870047543581617,195,881.3718666100178,77.25832012678289,492.66427415636895,325.4296122867758,46,Retail trade,43,17.0364500792393,22.05128205128205,Iztapalapa,007
827,0900700011509,0.483671,4535,9376.208207645279,67.50998668442077,165.0,186.0,429.0,201.0,239.0,568.0,2208.0,539.0,11.885336273428887,26.901874310915105,278,574.7708669736246,61.300992282249176,179.8743360672854,210.88715263061047,46,Retail trade,72,15.87651598676957,25.899280575539567,Iztapalapa,007
828,0900700011513,0.556893,5064,9093.308768470784,59.28723153174416,176.0,197.0,454.0,244.0,294.0,624.0,2462.0,613.0,12.105055292259083,26.954976303317537,447,802.6676578804187,88.27014218009478,328.6089069174868,335.79161526541003,46,Retail trade,108,21.327014218009477,24.161073825503355,Iztapalapa,007
829,0900700011566,0.646146,9689,14995.063035289239,63.75968992248062,282.0,339.0,809.0,401.0,427.0,1096.0,4959.0,1376.0,14.201671999174321,23.304778614924142,403,623.6980496667936,41.59355970688409,260.00315718119435,272.3842599041084,46,Retail trade,167,17.23604087109093,41.43920595533499,Iztapalapa,007
830,0900700011585,0.977344,0,0.0,,0.0,0.0,0.0,0.0,0.0,0.0,0.0,0.0,,,14,14.32453670355576,,10.231811931111256,4.092724772444503,46,Retail trade,15,,107.14285714285714,Iztapalapa,007
831,090070001159A,0.361329,6649,18401.512195256953,66.37961335676626,214.0,232.0,510.0,310.0,308.0,748.0,3356.0,971.0,14.603699804481877,23.672732741765678,273,755.5441163039778,41.05880583546398,293.36145175172766,296.12901261730997,46,Retail trade,97,14.58865994886449,35.53113553113553,Iztapalapa,007
832,0900700011621,0.212175,4393,20704.60704607046,63.76619941814335,115.0,148.0,349.0,178.0,177.0,510.0,2246.0,670.0,15.251536535397223,22.012292283177782,153,721.1028632025451,34.828135670384704,296.9247083775186,311.06398020501945,46,Retail trade,71,16.162076030047803,46.40522875816993,Iztapalapa,007
833,0900700011636,0.12911,2883,22329.796297730616,60.24193548387097,80.0,79.0,242.0,125.0,147.0,355.0,1407.0,448.0,15.539368713146029,23.343739160596602,172,1332.1973510959647,59.66007630939993,542.1733405623112,611.8813414917512,46,Retail trade,33,11.446409989594173,19.186046511627907,Iztapalapa,007
834,0900700011640,0.241679,4166,17237.740970460818,62.303811659192824,119.0,148.0,331.0,165.0,171.0,479.0,2127.0,626.0,15.026404224675948,22.41958713394143,163,674.448338498587,39.12626020163226,260.6763516896379,285.50267089817487,46,Retail trade,51,12.241958713394142,31.288343558282207,Iztapalapa,007
835,0900700011655,0.239243,2448,10232.274298516571,62.98237255836113,59.0,93.0,197.0,109.0,128.0,290.0,1172.0,400.0,16.33986928104575,23.937908496732025,219,915.3872840584678,89.46078431372548,376.186555092521,372.00670448038187,46,Retail trade,47,19.19934640522876,21.461187214611872,Iztapalapa,007
836,090070001166A,0.194061,3498,18025.260098628783,60.357723577235774,78.0,103.0,242.0,144.0,154.0,339.0,1727.0,711.0,20.32590051457976,20.61177815894797,198,1020.2977414318178,56.60377358490566,484.38377623530744,432.85358727410454,46,Retail trade,58,16.580903373356204,29.292929292929294,Iztapalapa,007
837,0900700011674,0.18683,3237,17325.911256222233,62.55411255411256,93.0,115.0,257.0,124.0,139.0,315.0,1597.0,597.0,18.443002780352177,22.48995983935743,174,931.3279451908152,53.75347544022243,390.7295402237328,465.6639725954076,46,Retail trade,59,18.226753166512204,33.9080459770115,Iztapalapa,007
838,0900700011689,0.191092,2788,14589.83107613087,65.25840853158327,74.0,68.0,208.0,123.0,118.0,297.0,1372.0,528.0,18.938307030129124,21.197991391678624,131,685.5336696460344,46.987087517934,277.35331672702154,313.9848868607791,46,Retail trade,53,19.010043041606888,40.458015267175576,Iztapalapa,007
839,0900700011693,0.136361,2012,14754.951929070628,62.02387720295623,48.0,67.0,138.0,79.0,104.0,246.0,957.0,373.0,18.53876739562624,21.669980119284293,132,968.0187150284905,65.60636182902584,491.3428326280975,418.0080814895755,46,Retail trade,46,22.86282306163022,34.84848484848485,Iztapalapa,007
840,0900700011706,0.464239,7319,15765.58626052529,62.241838774150565,253.0,302.0,760.0,373.0,363.0,854.0,3569.0,845.0,11.545293072824157,28.022953955458394,553,1191.1967757986727,75.55677005055335,538.5157214279714,467.43164619947913,46,Retail trade,92,12.570023227216833,16.636528028933093,Iztapalapa,007
841,0900700011710,0.563215,7600,13493.958790160063,64.75228778794572,263.0,309.0,690.0,359.0,338.0,947.0,3756.0,938.0,12.342105263157896,25.776315789473685,452,802.5354438358354,59.473684210526315,429.6760562129915,268.10365490975914,46,Retail trade,159,20.92105263157895,35.176991150442475,Iztapalapa,007
842,0900700011759,0.274561,3567,12991.648486128766,63.670284938941656,138.0,139.0,342.0,176.0,203.0,422.0,1706.0,441.0,12.363330529857024,27.97869358003925,259,943.3240700609336,72.61003644519204,367.8599655449973,440.7035230786601,46,Retail trade,74,20.745724698626297,28.571428571428573,Iztapalapa,007
843,0900700011763,0.445195,6474,14541.942294949404,64.97301321421925,239.0,297.0,563.0,299.0,317.0,830.0,3069.0,860.0,13.283904850169911,26.490577695396972,409,918.6985478273566,63.17578004324992,417.79444962319883,379.6089354103258,46,Retail trade,94,14.519616929255484,22.982885085574573,Iztapalapa,007
844,0900700011778,0.364414,6931,19019.576635365273,67.8941116578992,196.0,283.0,559.0,295.0,304.0,814.0,3553.0,927.0,13.374693406434858,23.618525465300824,350,960.4460860449927,50.49776367046602,524.1291498131246,345.7605909761974,46,Retail trade,108,15.582167075458086,30.857142857142858,Iztapalapa,007
845,0900700011814,0.153547,3694,24057.780353898153,59.474849731097756,108.0,120.0,305.0,162.0,173.0,393.0,1798.0,635.0,17.190037899296154,23.49756361667569,209,1361.1467498550933,56.578234975636164,586.1397487414278,514.5004461174755,46,Retail trade,35,9.474824038982133,16.74641148325359,Iztapalapa,007
846,0900700011833,0.214691,3848,17923.434144887302,60.666666666666664,101.0,143.0,304.0,159.0,174.0,409.0,1917.0,641.0,16.658004158004157,22.895010395010395,130,605.5214238137603,33.78378378378378,284.12928348184136,209.60356978168625,46,Retail trade,55,14.293139293139292,42.30769230769231,Iztapalapa,007
847,0900700011848,0.162635,3531,21711.193777477172,61.914191419141915,102.0,117.0,282.0,149.0,157.0,417.0,1762.0,545.0,15.434721042197678,22.854715378079863,105,645.617487010791,29.73661852166525,282.8419466904418,276.69320871891045,46,Retail trade,35,9.912206173888418,33.333333333333336,Iztapalapa,007
848,0900700011852,0.244054,5424,22224.589639997706,62.696871628910465,176.0,174.0,439.0,209.0,273.0,635.0,2744.0,774.0,14.269911504424778,23.432890855457227,215,880.9525760692305,39.63864306784661,450.71992264007145,311.40649200586756,46,Retail trade,79,14.564896755162241,36.74418604651163,Iztapalapa,007
849,0900700011867,0.631453,11278,17860.39499376834,63.306451612903224,332.0,491.0,1027.0,473.0,532.0,1280.0,5622.0,1521.0,13.486433764851924,25.314772122716793,582,921.6837991109394,51.604894484837736,479.8456892278602,349.98645979985844,46,Retail trade,129,11.43819826210321,22.164948453608247,Iztapalapa,007
850,0900700011890,0.266886,5546,20780.40811432597,62.44568590937306,122.0,165.0,426.0,243.0,215.0,567.0,2795.0,1013.0,18.265416516408223,21.114316624594302,391,1465.0450004870993,70.50126217093401,595.7599874103549,674.4452687664397,46,Retail trade,92,16.588532275513884,23.529411764705884,Iztapalapa,007
851,0900700011918,0.206821,4953,23948.24510083599,58.96706941483061,147.0,154.0,431.0,202.0,209.0,560.0,2402.0,848.0,17.120936805976175,23.076923076923077,244,1179.7641438732044,49.26307288512013,594.7171708869022,439.99400447730164,46,Retail trade,85,17.1613163739148,34.83606557377049,Iztapalapa,007
852,0900700011941,0.382542,4248,11104.663017394168,55.86577868852459,63.0,91.0,188.0,115.0,153.0,419.0,2132.0,1087.0,25.588512241054612,14.35969868173258,130,339.83196616319253,30.602636534839924,86.26503756450272,214.3555478875522,81,Other services (except government),64,15.065913370998118,49.23076923076923,Iztapalapa,007
853,0900700011960,0.341145,3765,11036.362836916855,63.56335514574658,83.0,95.0,225.0,148.0,120.0,420.0,2039.0,635.0,16.865869853917662,17.822045152722442,321,940.9488633865366,85.2589641434263,310.71831625848245,466.07747438772367,46,Retail trade,127,33.731739707835324,39.56386292834891,Iztapalapa,007
854,0900700011975,0.241546,3499,14485.853626224403,64.68426328098897,94.0,127.0,285.0,147.0,135.0,376.0,1939.0,396.0,11.317519291226064,22.520720205773078,74,306.3598652016593,21.148899685624464,95.21995810321843,161.45992895763126,46,Retail trade,64,18.290940268648185,86.48648648648648,Iztapalapa,007
855,090070001198A,0.259859,6035,23224.13308755902,62.783485171544875,175.0,193.0,506.0,250.0,253.0,742.0,3037.0,879.0,14.565037282518642,22.816901408450704,354,1362.277234962037,58.657829328914666,592.6290796162534,638.8079689370004,46,Retail trade,158,26.180613090306544,44.632768361581924,Iztapalapa,007
856,0900700011994,0.598085,13946,23317.755837380973,52.368064952638704,126.0,158.0,360.0,187.0,185.0,1155.0,10838.0,937.0,6.718772407858884,7.285243080453177,178,297.6165595191319,12.763516420478991,98.64818545858866,128.74424203917502,46,Retail trade,275,19.718915818155743,154.4943820224719,Iztapalapa,007
857,0900700012047,0.362779,9950,27427.166401583334,62.119760479041915,349.0,386.0,865.0,477.0,492.0,1144.0,4938.0,1299.0,13.055276381909549,25.819095477386934,365,1006.1221845806951,36.68341708542714,443.79636086984084,421.7443677831407,46,Retail trade,123,12.361809045226131,33.6986301369863,Iztapalapa,007
858,0900700012051,1.036683,11206,10809.475992178901,68.42341836161367,498.0,579.0,1228.0,651.0,642.0,1396.0,5211.0,1001.0,8.932714617169374,32.107799393182226,328,316.39372884478666,29.27003391040514,155.3030193414959,116.71841826286338,46,Retail trade,135,12.04711761556309,41.15853658536585,Iztapalapa,007
859,0900700012070,0.148139,4041,27278.434443326874,63.22252171308775,153.0,171.0,378.0,230.0,221.0,504.0,1901.0,483.0,11.952487008166296,28.532541450136105,314,2119.630887207285,77.70353872803761,1073.316277280122,823.5508542652509,46,Retail trade,60,14.847809948032666,19.10828025477707,Iztapalapa,007
860,0900700012085,0.20504,5799,28282.28638314475,62.54914132009104,193.0,216.0,557.0,281.0,287.0,707.0,2768.0,790.0,13.623038454906018,26.452836695982064,235,1146.1178306671868,40.524228315226765,468.2013265704253,516.9722980881779,46,Retail trade,53,9.139506811519228,22.5531914893617,Iztapalapa,007
861,090070001209A,0.266658,3734,14002.955096040621,68.11036252807186,127.0,156.0,334.0,171.0,156.0,409.0,1887.0,494.0,13.229780396357793,25.281199785752545,444,1665.0541142587133,118.90733797536154,948.7808353771497,607.5197443916927,46,Retail trade,59,15.800749866095341,13.288288288288289,Iztapalapa,007
862,0900700012102,0.182704,3577,19578.115421665643,61.735900033772374,131.0,150.0,335.0,191.0,177.0,421.0,1754.0,418.0,11.685770198490355,27.509085826111267,407,2227.6469042823364,113.7824993010903,1193.1867939399247,821.0000875733426,46,Retail trade,134,37.461559966452334,32.923832923832926,Iztapalapa,007
863,0900700012117,0.157943,3108,19677.985095889024,61.05585309869931,116.0,119.0,258.0,130.0,135.0,384.0,1567.0,399.0,12.837837837837839,24.38867438867439,206,1304.2679954160678,66.28056628056628,538.168833060028,620.4770075280322,46,Retail trade,58,18.661518661518663,28.155339805825243,Iztapalapa,007
864,0900700012121,1.062619,146,137.39637631173545,95.6043956043956,17.0,16.0,22.0,7.0,9.0,27.0,,,,48.63013698630137,110,103.51781776911574,753.4246575342465,18.821421412566497,50.81783781392954,31-33,Manufacturing,100,684.931506849315,90.9090909090909,Iztapalapa,007
865,0900700012140,0.315407,7841,24859.94286746965,64.45966514459666,238.0,276.0,757.0,362.0,388.0,1010.0,3811.0,999.0,12.740721846703227,25.774773625813033,299,947.9814969230233,38.132891212855505,431.18890829943535,374.1197880833336,46,Retail trade,89,11.350593036602474,29.765886287625417,Iztapalapa,007
866,0900700012155,0.22548,3769,16715.45148128437,61.77485105048605,129.0,135.0,316.0,177.0,186.0,458.0,1888.0,480.0,12.735473600424516,25.019899177500662,299,1326.0599609721482,79.33138763597772,549.9379102359411,580.9827922653894,46,Retail trade,45,11.939506500397984,15.050167224080267,Iztapalapa,007
867,090070001216A,0.188928,3673,19441.268631436313,63.66004558775643,116.0,128.0,358.0,193.0,166.0,409.0,1824.0,479.0,13.041110808603321,26.16389872039205,182,963.329945799458,49.55077593248026,407.56266937669375,412.8556910569106,46,Retail trade,49,13.340593520283146,26.923076923076923,Iztapalapa,007
868,0900700012174,0.151491,2349,15505.871635938769,68.60873932697137,57.0,88.0,213.0,103.0,102.0,250.0,1208.0,328.0,13.963388676032354,23.967645806726267,146,963.753622327399,62.15410813111963,369.658923632427,435.66944570964614,46,Retail trade,62,26.39421030225628,42.465753424657535,Iztapalapa,007
869,0900700012189,0.132438,2349,17736.601277578942,60.30953569645532,69.0,92.0,185.0,100.0,97.0,224.0,1204.0,378.0,16.091954022988507,23.116219667943806,79,596.5055346652773,33.631332481907194,256.72390099518265,241.62249505428954,46,Retail trade,27,11.494252873563218,34.177215189873415,Iztapalapa,007
870,0900700012193,0.120943,2575,21291.021390241684,69.58105646630237,68.0,98.0,213.0,118.0,121.0,270.0,1282.0,405.0,15.728155339805825,24.0,66,545.7116162159034,25.631067961165048,272.8558081079517,157.09879860760853,46,Retail trade,31,12.03883495145631,46.96969696969697,Iztapalapa,007
871,0900700012206,0.09659,1638,16958.27725437416,62.62203626220363,43.0,49.0,112.0,61.0,70.0,184.0,820.0,299.0,18.253968253968253,20.45177045177045,31,320.94419712185527,18.925518925518926,144.94254063567658,124.2364634020085,46,Retail trade,7,4.273504273504273,22.580645161290324,Iztapalapa,007
872,0900700012371,0.048954,1682,34358.78579891327,64.12525527569775,40.0,53.0,120.0,52.0,75.0,169.0,842.0,331.0,19.678953626634957,20.214030915576693,112,2287.8620746006454,66.58739595719382,1389.0591167218204,755.8115782162847,46,Retail trade,19,11.296076099881095,16.964285714285715,Iztapalapa,007
873,0900700012386,0.185665,3610,19443.6215764953,67.57861635220125,88.0,113.0,229.0,136.0,141.0,373.0,1858.0,672.0,18.614958448753463,19.58448753462604,186,1001.8043249939407,51.52354570637119,371.6370883042038,447.04171491665096,46,Retail trade,65,18.005540166204987,34.946236559139784,Iztapalapa,007
874,0900700012390,0.57048,3965,6950.287477212172,58.352337514253136,82.0,115.0,260.0,151.0,153.0,400.0,1964.0,840.0,21.185372005044137,19.19293820933165,714,1251.5776188472864,180.07566204287517,576.70733417473,588.9777029869583,46,Retail trade,279,70.36569987389659,39.075630252100844,Iztapalapa,007
875,0900700012403,0.981505,293,298.521148644174,92.91666666666667,6.0,14.0,33.0,15.0,15.0,38.0,151.0,21.0,7.167235494880546,28.32764505119454,636,647.9844728248964,2170.6484641638226,358.6329157773012,153.84537012037637,46,Retail trade,206,703.0716723549488,32.38993710691824,Iztapalapa,007
876,0900700012437,0.158159,5076,32094.28486523056,63.49614395886889,148.0,187.0,462.0,218.0,272.0,618.0,2358.0,813.0,16.016548463356973,25.354609929078013,207,1308.8094891849341,40.780141843971634,802.9893967463123,417.3015762618631,46,Retail trade,63,12.411347517730496,30.434782608695652,Iztapalapa,007
877,0900700012441,0.285762,4457,15596.895318481815,61.38189608998393,145.0,191.0,387.0,208.0,217.0,526.0,2115.0,668.0,14.987659860892977,25.757235808840026,162,566.9053268104227,36.34731882432129,265.95558541723534,244.95909183166413,46,Retail trade,77,17.276194749831724,47.53086419753087,Iztapalapa,007
878,0900700012456,0.199917,4606,23039.561417988465,69.48568398727465,186.0,210.0,438.0,198.0,227.0,567.0,2231.0,549.0,11.91923577941815,27.333912288319585,190,950.3944136816779,41.25054277029961,360.1494620267411,385.15984133415367,46,Retail trade,102,22.14502822405558,53.68421052631579,Iztapalapa,007
879,0900700012460,0.40791,4473,10965.654188423918,66.50393273664226,179.0,185.0,419.0,211.0,231.0,553.0,2182.0,513.0,11.46881287726358,27.386541471048513,227,556.4953053369616,50.748938072881735,201.02473584859405,223.0884263685617,46,Retail trade,125,27.945450480661748,55.06607929515418,Iztapalapa,007
880,0900700012475,2.264929,68,30.023016174016934,48.529411764705884,0.0,0.0,0.0,0.0,0.0,7.0,53.0,8.0,11.764705882352942,0.0,7325,3234.0969628628536,107720.58823529411,2219.9371371023108,320.5398491520043,46,Retail trade,581,8544.117647058823,7.931740614334471,Iztapalapa,007
881,0900700012494,0.164712,1941,11784.205158094128,60.40268456375839,48.0,83.0,171.0,91.0,89.0,240.0,918.0,301.0,15.507470376094796,24.832560535806284,89,540.3370731944242,45.85265327150953,285.3465442712128,218.5633105056098,46,Retail trade,37,19.0623390005152,41.57303370786517,Iztapalapa,007
882,0900700012507,0.117143,2181,18618.269977719538,58.34207764952781,51.0,65.0,159.0,80.0,102.0,240.0,1126.0,358.0,16.414488766620817,20.953690967446125,95,810.9746207626577,43.558000917010546,460.97504759140537,281.70697352808105,46,Retail trade,25,11.462631820265933,26.31578947368421,Iztapalapa,007
883,0900700012511,0.079363,996,12549.928808134773,59.15492957746479,13.0,17.0,43.0,25.0,36.0,91.0,511.0,260.0,26.104417670682732,13.453815261044177,11,138.60363141514307,11.04417670682731,50.40132051459748,37.80099038594811,46,Retail trade,23,23.092369477911646,209.0909090909091,Iztapalapa,007
884,0900700012526,0.091748,1056,11509.787679295461,61.934156378600825,19.0,27.0,38.0,22.0,27.0,104.0,527.0,292.0,27.651515151515152,12.594696969696969,27,294.2843440728953,25.568181818181817,76.29594105593583,207.08898286611154,81,Other services (except government),15,14.204545454545455,55.55555555555556,Iztapalapa,007
885,0900700012530,0.419746,10096,24052.641359298243,63.95570373898547,353.0,397.0,948.0,488.0,498.0,1147.0,4971.0,1294.0,12.816957210776545,26.584786053882727,442,1053.0177774177716,43.7797147385103,545.5680340015152,402.62444430679506,46,Retail trade,119,11.786846275752774,26.923076923076923,Iztapalapa,007
886,0900700012545,0.407642,6946,17039.4610957654,61.98881509961552,254.0,298.0,672.0,318.0,349.0,806.0,3399.0,850.0,12.2372588540167,27.224301756406565,292,716.3148056382806,42.03858335732796,409.67319363559204,228.14135933000034,46,Retail trade,122,17.56406564929456,41.78082191780822,Iztapalapa,007
887,090070001255A,0.308777,4901,15872.296187863732,62.34961075725407,131.0,160.0,371.0,192.0,184.0,539.0,2509.0,815.0,16.629259334829626,21.179351152825955,207,670.3867192180765,42.23627831054887,275.27957069341306,281.7567370626698,46,Retail trade,139,28.361558865537646,67.14975845410628,Iztapalapa,007
888,0900700012564,0.341288,6800,19924.52122547526,63.69164729028796,281.0,297.0,631.0,378.0,366.0,852.0,3260.0,735.0,10.808823529411764,28.720588235294116,407,1192.5411968777103,59.85294117647059,615.3160966690889,424.86111436675185,46,Retail trade,82,12.058823529411764,20.147420147420146,Iztapalapa,007
889,0900700012579,0.251562,4417,17558.295768041276,60.96634093376765,156.0,165.0,412.0,236.0,226.0,514.0,2083.0,625.0,14.149875481095766,27.054561919855104,208,826.8339415332999,47.09078560108671,337.8888703381274,377.64050214261295,46,Retail trade,95,21.507810731265565,45.67307692307692,Iztapalapa,007
890,0900700012600,0.293349,4667,15909.377567334472,61.07467204843592,127.0,183.0,393.0,220.0,222.0,509.0,2260.0,753.0,16.134561817013072,24.53396185986715,328,1118.122100296916,70.280694236126,542.0165059366147,490.88287330108506,46,Retail trade,117,25.069637883008358,35.670731707317074,Iztapalapa,007
891,0900700012615,0.279781,7690,27485.783523541628,60.622419815814546,303.0,335.0,754.0,435.0,436.0,964.0,3557.0,906.0,11.7815344603381,29.42782834850455,237,847.0911176956262,30.81924577373212,486.09448104052814,260.9183611467541,46,Retail trade,61,7.932379713914174,25.738396624472575,Iztapalapa,007
892,090070001262A,0.193352,5432,28093.839215524018,62.21622836592493,213.0,232.0,538.0,297.0,297.0,648.0,2534.0,673.0,12.389543446244478,29.031664212076585,237,1225.7437212958748,43.630338733431515,630.9735611734039,465.4722992262816,46,Retail trade,67,12.334315169366716,28.270042194092827,Iztapalapa,007
893,0900700012634,0.149841,4200,28029.711494183834,62.027890761185354,147.0,206.0,405.0,200.0,198.0,499.0,1988.0,557.0,13.261904761904763,27.523809523809526,214,1428.1805380369858,50.95238095238095,734.1114915143386,520.5517848919854,46,Retail trade,25,5.9523809523809526,11.682242990654206,Iztapalapa,007
894,0900700012649,0.192325,4309,22404.783569478746,59.3619972260749,149.0,154.0,392.0,229.0,234.0,516.0,2028.0,607.0,14.08679508006498,26.873984683221163,214,1112.6998570128687,49.663495010443256,603.1457168854803,395.1644352008319,46,Retail trade,16,3.7131585054537015,7.4766355140186915,Iztapalapa,007
895,0900700012653,0.160237,3427,21387.070401967085,64.33666191155493,121.0,134.0,368.0,191.0,183.0,404.0,1581.0,445.0,12.98511817916545,29.092500729501023,344,2146.8200228411665,100.37934053107675,1216.9473966686844,730.1684380012107,46,Retail trade,26,7.5868106215348705,7.558139534883721,Iztapalapa,007
896,0900700012668,0.17791,3460,19448.03552357934,61.77633944624236,137.0,167.0,375.0,162.0,170.0,386.0,1597.0,466.0,13.468208092485549,29.21965317919075,100,562.0819515485358,28.90173410404624,275.4201562587825,219.21196110392896,46,Retail trade,22,6.358381502890174,22.0,Iztapalapa,007
897,0900700012672,1.34035,1034,771.4402954452195,63.58173076923077,43.0,52.0,107.0,48.0,53.0,152.0,484.0,95.0,9.18762088974855,29.3036750483559,22,16.413623307345098,21.27659574468085,9.698959227067556,3.730368933487522,46,Retail trade,14,13.539651837524177,63.63636363636363,Iztapalapa,007
898,0900700012687,0.200412,4656,23232.14178791689,62.27937468482098,132.0,170.0,388.0,204.0,230.0,549.0,2260.0,723.0,15.528350515463918,24.140893470790378,100,498.97211743807753,21.477663230240548,254.47577989341954,164.6607987545656,46,Retail trade,40,8.59106529209622,40.0,Iztapalapa,007
899,0900700012691,0.385078,7217,18741.657534317725,62.369511184755595,263.0,250.0,669.0,346.0,376.0,848.0,3505.0,960.0,13.301926008036581,26.38215324927255,344,893.3255080788828,47.66523486213108,405.1127304078654,399.91897745391844,46,Retail trade,118,16.350284051544964,34.30232558139535,Iztapalapa,007
900,0900700012704,0.204491,5016,24529.196883970442,61.91051995163241,156.0,197.0,528.0,277.0,263.0,554.0,2411.0,630.0,12.559808612440191,28.329346092503986,228,1114.9634947259292,45.45454545454545,591.7130827273572,405.885833606369,46,Retail trade,46,9.170653907496012,20.17543859649123,Iztapalapa,007
901,0900700012719,0.19569,4678,23905.156114262354,62.588235294117645,179.0,203.0,469.0,237.0,250.0,558.0,2144.0,638.0,13.638306968790081,28.601966652415562,189,965.813276099954,40.4018811457888,424.14022177934487,388.3693597015688,46,Retail trade,46,9.83326207781103,24.33862433862434,Iztapalapa,007
902,0900700012723,0.246112,3252,13213.496294370043,60.03056935422239,126.0,156.0,353.0,186.0,167.0,388.0,1509.0,367.0,11.285362853628536,30.38130381303813,73,296.6129241971135,22.447724477244773,154.40124821219607,89.39019633337668,46,Retail trade,36,11.07011070110701,49.31506849315068,Iztapalapa,007
903,0900700012738,0.266618,6698,25122.084780472436,63.279696257457964,226.0,310.0,631.0,367.0,337.0,747.0,3144.0,936.0,13.974320692744103,27.933711555688266,483,1811.5806134619568,72.11107793371156,1023.9368684784973,558.8519904882642,46,Retail trade,89,13.28754852194685,18.426501035196686,Iztapalapa,007
904,0900700012757,0.235836,5483,23249.207076103732,59.31649978232477,174.0,218.0,497.0,260.0,272.0,636.0,2546.0,880.0,16.049607878898414,25.91646908626664,324,1373.836055564036,59.091738099580525,631.7949761698808,606.3535677335097,46,Retail trade,98,17.87342695604596,30.246913580246915,Iztapalapa,007
905,0900700012776,0.317841,7954,25025.091161933167,65.10046834869316,300.0,291.0,741.0,359.0,372.0,894.0,3896.0,1101.0,13.842092029167715,25.936635655016342,429,1349.7314695083392,53.93512698013578,695.3162115649019,509.6888066674847,46,Retail trade,109,13.703796831782752,25.407925407925408,Iztapalapa,007
906,0900700012780,0.266535,6872,25782.73022304763,62.48018319534965,231.0,301.0,655.0,324.0,330.0,810.0,3252.0,969.0,14.10069848661234,26.78987194412107,370,1388.1854165494212,53.84167636786962,679.0852983660683,547.7704616654473,46,Retail trade,56,8.149010477299186,15.135135135135135,Iztapalapa,007
907,0900700012795,0.180165,4830,26808.758637915245,61.93368767400658,175.0,206.0,498.0,233.0,229.0,562.0,2299.0,628.0,13.00207039337474,27.763975155279503,295,1637.387949934782,61.076604554865426,987.9832375877668,510.64302167457606,46,Retail trade,138,28.571428571428573,46.779661016949156,Iztapalapa,007
908,0900700012808,0.199336,4320,21671.950876911345,62.21445847890352,137.0,144.0,318.0,163.0,171.0,464.0,2173.0,750.0,17.36111111111111,21.59722222222222,188,943.1311955692901,43.51851851851852,321.06593891720513,391.29911305534375,46,Retail trade,46,10.648148148148149,24.46808510638298,Iztapalapa,007
909,0900700012812,0.166977,3581,21446.067422459382,66.81701030927834,94.0,108.0,275.0,145.0,144.0,410.0,1851.0,554.0,15.470538955598995,21.39067299636973,166,994.1488947579606,46.35576654565764,323.39783323451735,521.029842433389,46,Retail trade,38,10.611561016475845,22.89156626506024,Iztapalapa,007
910,0900700012831,0.494698,4795,9692.782263118104,63.96860436595536,167.0,163.0,386.0,212.0,219.0,523.0,2420.0,705.0,14.70281543274244,23.92075078206465,279,563.9804486777791,58.18561001042753,280.9795066889294,190.01491819251342,46,Retail trade,114,23.774765380604798,40.86021505376344,Iztapalapa,007
911,0900700012846,0.198556,4936,24859.485485203168,62.986857825567505,149.0,167.0,435.0,264.0,242.0,537.0,2373.0,769.0,15.579416531604538,25.465964343598056,164,825.9634561534277,33.22528363047002,387.79991538910934,322.3272024013377,46,Retail trade,39,7.901134521880064,23.78048780487805,Iztapalapa,007
912,0900700012850,0.197169,3639,18456.248193174382,61.453242098403386,120.0,151.0,298.0,158.0,196.0,411.0,1794.0,511.0,14.042319318494092,25.364111019510855,272,1379.5272076239166,74.745809288266,735.4097246524555,491.96374683647025,46,Retail trade,83,22.80846386369882,30.514705882352942,Iztapalapa,007
913,090070001287A,0.136734,2859,20909.21058405371,62.01550387596899,83.0,89.0,236.0,143.0,136.0,328.0,1419.0,425.0,14.865337530605107,24.029380902413433,285,2084.3389354513142,99.68520461699894,1067.766612546989,782.5412845378619,46,Retail trade,38,13.29136061559986,13.333333333333334,Iztapalapa,007
914,0900700012884,0.143775,3464,24093.20118240306,61.29791526563551,94.0,119.0,277.0,134.0,151.0,382.0,1750.0,557.0,16.079676674364897,22.3729792147806,136,945.9224482698661,39.260969976905315,382.5421665797253,452.09528777603896,46,Retail trade,32,9.237875288683602,23.529411764705884,Iztapalapa,007
915,0900700012899,0.303793,6559,21590.359224866934,63.38736724427054,242.0,287.0,663.0,328.0,290.0,725.0,3144.0,880.0,13.416679371855466,27.595670071657263,299,984.2228096104914,45.58621741119073,401.58924004173895,477.29868693485366,46,Retail trade,63,9.6051227321238,21.070234113712374,Iztapalapa,007
916,0900700012901,0.273837,7668,28002.059619408625,63.69647355163728,244.0,303.0,769.0,358.0,337.0,850.0,3732.0,1075.0,14.019300991131978,26.22587376108503,281,1026.1578968510464,36.64580073030777,518.5566596186783,383.43978352085367,46,Retail trade,79,10.302556077203965,28.11387900355872,Iztapalapa,007
917,0900700012920,0.194395,5442,27994.54718485558,67.88272157564906,184.0,250.0,540.0,274.0,269.0,663.0,2550.0,712.0,13.083425211319367,27.875780962881294,280,1440.3662645644179,51.45167217934583,792.2014455104298,416.67738367756374,46,Retail trade,73,13.414185961043733,26.071428571428573,Iztapalapa,007
918,0900700012935,0.176342,5663,32113.733540506517,61.09059309146209,210.0,235.0,609.0,326.0,330.0,647.0,2539.0,767.0,13.544057919830479,30.196009182412148,246,1395.0165020244751,43.43987285890871,748.545440110694,510.37189098456406,46,Retail trade,34,6.003884866678439,13.821138211382113,Iztapalapa,007
919,090070001294A,0.143975,3012,20920.29866296232,63.764044943820224,114.0,130.0,276.0,141.0,152.0,409.0,1384.0,406.0,13.47941567065073,26.992031872509962,323,2243.445042542108,107.23771580345286,1264.1083521444696,757.0758812293801,46,Retail trade,32,10.624169986719787,9.907120743034056,Iztapalapa,007
920,0900700012954,0.140709,1974,14028.953371852547,60.53130929791271,86.0,89.0,218.0,106.0,116.0,210.0,894.0,255.0,12.917933130699089,31.15501519756839,73,518.8012138527031,36.9807497467072,291.38150367069625,177.67164857969283,46,Retail trade,23,11.651469098277609,31.506849315068493,Iztapalapa,007
921,0900700012969,0.156732,2472,15772.146083760816,62.63399693721286,93.0,113.0,279.0,133.0,136.0,272.0,1147.0,299.0,12.09546925566343,30.501618122977348,44,280.73399178215044,17.79935275080906,197.78985784651508,63.80317995048873,46,Retail trade,20,8.090614886731391,45.45454545454545,Iztapalapa,007
922,0900700012973,0.137104,3752,27366.087057999768,63.98181227671322,149.0,178.0,344.0,188.0,213.0,469.0,1731.0,480.0,12.79317697228145,28.571428571428573,132,962.7727856225931,35.18123667377399,481.38639281129656,328.21799509861125,46,Retail trade,23,6.130063965884862,17.424242424242426,Iztapalapa,007
923,0900700012988,0.297236,7510,25266.11850516088,63.565891472868216,235.0,308.0,646.0,314.0,336.0,814.0,3700.0,1157.0,15.40612516644474,24.487350199733687,277,931.9194175671856,36.88415446071904,497.92084404311726,339.79733275915436,46,Retail trade,90,11.984021304926765,32.49097472924188,Iztapalapa,007
924,0900700013026,0.094167,2493,26474.242569052854,61.3986013986014,81.0,74.0,190.0,105.0,108.0,283.0,1254.0,398.0,15.96470116325712,22.382671480144403,137,1454.8621066828082,54.95387083834737,647.7853175740971,679.6436118810199,46,Retail trade,35,14.039310068190934,25.547445255474454,Iztapalapa,007
925,0900700013030,0.230792,5682,24619.57086900759,61.101871101871104,162.0,211.0,499.0,243.0,273.0,644.0,2748.0,902.0,15.874692009855684,24.42801830341429,220,953.2392803910014,38.71876099964801,389.9615237963188,389.9615237963188,46,Retail trade,53,9.327701513551567,24.09090909090909,Iztapalapa,007
926,0900700013045,0.310632,6787,21849.004609956475,67.3851590106007,218.0,286.0,617.0,306.0,307.0,761.0,3269.0,1023.0,15.072933549432738,25.54884337704435,324,1043.03484509001,47.73832326506557,412.06314867753485,392.74768858327536,46,Retail trade,64,9.429792249889495,19.753086419753085,Iztapalapa,007
927,090070001305A,0.257555,6494,25214.03195433985,63.10100633619083,234.0,289.0,605.0,303.0,317.0,676.0,3200.0,870.0,13.396981829380968,26.917154296273484,355,1378.3463726194404,54.665845395749926,640.6398633301625,535.8078856943177,46,Retail trade,101,15.552817985833077,28.450704225352112,Iztapalapa,007
928,0900700013064,0.228895,7629,33329.692653836915,67.17678941495298,267.0,327.0,762.0,388.0,357.0,908.0,3654.0,966.0,12.66220998820291,27.5396513304496,307,1341.2263264815745,40.241184952156246,659.6911247515236,546.1019244631818,46,Retail trade,113,14.811901953073797,36.807817589576544,Iztapalapa,007
929,0900700013079,0.279011,6741,24160.3377644609,65.07510729613733,215.0,302.0,632.0,367.0,340.0,781.0,3225.0,879.0,13.039608366711171,27.533006972259308,483,1731.1145438710303,71.65109034267913,853.0129636465946,713.2335284271946,46,Retail trade,137,20.323394155169858,28.36438923395445,Iztapalapa,007
930,0900700013083,0.197061,5621,28524.16256895073,62.88659793814433,187.0,238.0,540.0,298.0,303.0,626.0,2617.0,812.0,14.44582814445828,27.85981142145526,357,1811.6217820877798,63.51183063511831,1065.6598718163411,583.5756440899011,46,Retail trade,37,6.582458637253158,10.364145658263306,Iztapalapa,007
931,0900700013100,0.229937,5076,22075.612015465107,64.76396917148362,156.0,228.0,540.0,270.0,266.0,573.0,2395.0,648.0,12.76595744680851,28.76280535855004,273,1187.2817336922722,53.78250591016548,595.8153755159021,452.2978033113418,46,Retail trade,52,10.24428684003152,19.047619047619047,Iztapalapa,007
932,0900700013115,0.213038,5980,28070.109557919244,63.658940397350996,221.0,285.0,642.0,306.0,278.0,732.0,2842.0,674.0,11.270903010033445,28.963210702341136,259,1215.7455477426563,43.31103678929766,657.159755536571,431.8478393526038,46,Retail trade,44,7.357859531772576,16.98841698841699,Iztapalapa,007
933,0900700013134,0.356777,1927,5401.132920563826,71.21019108280255,80.0,84.0,193.0,111.0,107.0,219.0,913.0,220.0,11.41670991177997,29.83912817851583,95,266.27276982540917,49.29942916450441,165.36940441788568,78.4803953169627,46,Retail trade,32,16.60612350804359,33.68421052631579,Iztapalapa,007
934,0900700013149,0.156819,3862,24627.117887500877,61.37820512820513,147.0,175.0,418.0,211.0,201.0,496.0,1765.0,449.0,11.626100466079752,29.829104091144483,147,937.3864136361028,38.063179699637494,491.0119309522443,350.72280782303164,46,Retail trade,33,8.544795442775763,22.448979591836736,Iztapalapa,007
935,0900700013153,0.158766,3560,22422.936900847788,63.575693712680014,136.0,179.0,398.0,169.0,191.0,445.0,1642.0,400.0,11.235955056179776,30.140449438202246,168,1058.1610672310192,47.19101123595506,610.9620447702908,352.72035574367305,46,Retail trade,29,8.146067415730338,17.261904761904763,Iztapalapa,007
936,0900700013204,0.209422,6595,31491.43833981148,62.38701346615016,245.0,261.0,668.0,350.0,341.0,758.0,3095.0,877.0,13.297952994692949,28.278999241849885,250,1193.7618779306854,37.90750568612585,573.005701406729,448.8544661019377,46,Retail trade,55,8.339651250947687,22.0,Iztapalapa,007
937,0900700013219,0.243215,7613,31301.523343543777,64.583666293751,287.0,345.0,724.0,388.0,408.0,878.0,3680.0,903.0,11.861289898857217,28.26743727833968,397,1632.3006393520136,52.147642190989096,719.527989638797,678.41210451658,46,Retail trade,72,9.457506896098778,18.1360201511335,Iztapalapa,007
938,0900700013223,0.276227,7231,26177.745115430425,63.276740237691,291.0,315.0,735.0,356.0,346.0,841.0,3453.0,894.0,12.36343520951459,28.253353616373946,299,1082.443063132858,41.34974415710137,582.853957071539,358.40088043529414,46,Retail trade,80,11.063476697552206,26.755852842809364,Iztapalapa,007
939,0900700013238,0.204379,6000,29357.22358950773,60.653777157663946,189.0,240.0,554.0,298.0,312.0,710.0,2834.0,863.0,14.383333333333333,26.55,200,978.5741196502576,33.333333333333336,523.5371540128879,332.7152006810876,46,Retail trade,55,9.166666666666666,27.5,Iztapalapa,007
940,0900700013242,0.272215,8092,29726.502948037396,61.400304414003045,309.0,368.0,843.0,428.0,478.0,903.0,3734.0,1029.0,12.716262975778546,29.980227385071675,264,969.8216483294455,32.62481463173505,528.9936263615157,319.6003159267491,46,Retail trade,49,6.055363321799308,18.560606060606062,Iztapalapa,007
941,0900700013257,0.153405,4049,26394.185326423518,60.10378510378511,166.0,195.0,412.0,211.0,209.0,514.0,1898.0,444.0,10.965670535934798,29.464065201284267,114,743.1309279358561,28.155100024697457,443.27107982138784,215.1168475603794,46,Retail trade,38,9.38503334156582,33.333333333333336,Iztapalapa,007
942,0900700013276,0.233559,6422,27496.264327214965,61.82835820895522,237.0,270.0,555.0,328.0,339.0,776.0,3030.0,887.0,13.811896605418873,26.923076923076923,259,1108.92750868089,40.33011522890065,612.2649951404142,355.3705915849957,46,Retail trade,64,9.965742759265027,24.71042471042471,Iztapalapa,007
943,0900700013295,0.180725,5190,28717.66496057546,63.5834109972041,177.0,213.0,508.0,277.0,255.0,572.0,2418.0,770.0,14.836223506743737,27.552986512524086,318,1759.5794715728316,61.27167630057804,730.391478766081,758.0578226587356,46,Retail trade,66,12.716763005780347,20.754716981132077,Iztapalapa,007
944,0900700013327,0.289635,7178,24782.916429298944,60.40357260999008,211.0,271.0,648.0,347.0,373.0,810.0,3413.0,1105.0,15.394260239621065,25.77319587628866,219,756.1240872132166,30.509891334633604,407.409325530409,238.23087679320525,46,Retail trade,97,13.513513513513514,44.29223744292237,Iztapalapa,007
945,0900700013346,0.972447,6680,6869.268967871771,59.98512458162886,294.0,324.0,680.0,391.0,359.0,789.0,3118.0,725.0,10.853293413173652,30.65868263473054,327,336.26511264881276,48.952095808383234,191.27006407547145,122.37170766118874,46,Retail trade,69,10.32934131736527,21.10091743119266,Iztapalapa,007
946,0900700013365,0.126253,2467,19540.129739491338,61.46926536731634,95.0,115.0,256.0,153.0,129.0,303.0,1130.0,286.0,11.593027969193352,30.320226996351845,73,578.2040822792329,29.59059586542359,308.9035508067135,213.8563044046478,46,Retail trade,18,7.29631130928253,24.65753424657534,Iztapalapa,007
947,090070001337A,0.311822,7522,24122.736689521586,64.33211852321344,231.0,299.0,681.0,366.0,339.0,868.0,3634.0,1104.0,14.676947620313745,25.471948949747407,371,1189.781349616127,49.32198883275724,567.63153337481,474.6297567201801,46,Retail trade,75,9.970752459452273,20.21563342318059,Iztapalapa,007
948,0900700013401,0.232446,7248,31181.435688288893,64.22297297297297,248.0,300.0,780.0,368.0,360.0,819.0,3463.0,910.0,12.555187637969095,28.36644591611479,295,1269.111965789904,40.700883002207505,787.2796262357709,361.3742546655998,46,Retail trade,69,9.519867549668874,23.389830508474578,Iztapalapa,007
949,0900700013420,1.163291,4302,3698.1288430839745,61.77424108458591,189.0,211.0,509.0,284.0,256.0,511.0,1953.0,389.0,9.04230590423059,33.68200836820084,55,47.27965745458359,12.784751278475127,30.08705474382592,9.455931490916718,46,Retail trade,31,7.205950720595072,56.36363636363637,Iztapalapa,007
950,0900700013488,0.157985,4965,31427.034212108745,62.8180508881421,160.0,198.0,441.0,260.0,234.0,611.0,2411.0,650.0,13.091641490433032,26.042296072507554,224,1417.8561255815425,45.115810674723065,620.3120549419249,563.3446213248093,46,Retail trade,59,11.88318227593152,26.339285714285715,Iztapalapa,007
951,0900700013492,0.181892,5625,30924.944472544146,62.40034475328593,208.0,263.0,513.0,251.0,285.0,673.0,2704.0,728.0,12.942222222222222,27.022222222222222,203,1116.0468849647043,36.08888888888889,566.2700943416972,368.35044971741473,46,Retail trade,100,17.77777777777778,49.26108374384236,Iztapalapa,007
952,0900700013505,0.19304,5709,29574.181516784087,67.96907647304639,201.0,211.0,511.0,283.0,292.0,677.0,2690.0,844.0,14.783674899281836,26.239271325976528,156,808.1226688769167,27.325275880189174,404.06133443845835,305.6361375880646,46,Retail trade,75,13.137151865475564,48.07692307692308,Iztapalapa,007
953,090070001351A,0.214239,5705,26629.138485523177,61.89290161892902,188.0,221.0,478.0,272.0,259.0,687.0,2789.0,811.0,14.215600350569675,24.855390008764243,303,1414.3083192135887,53.11130587204207,625.4696857248214,616.1343172811673,46,Retail trade,68,11.919368974583698,22.442244224422442,Iztapalapa,007
954,0900700013539,0.189709,4545,23957.745810689004,63.69109947643979,151.0,166.0,408.0,218.0,199.0,519.0,2248.0,636.0,13.993399339933994,25.126512651265127,143,753.7860618104571,31.463146314631462,279.37525367800157,337.35879689419056,46,Retail trade,52,11.441144114411442,36.36363636363637,Iztapalapa,007
955,0900700013558,0.16387,1463,8927.808628791116,59.12698412698413,28.0,50.0,125.0,70.0,77.0,177.0,722.0,214.0,14.627477785372522,23.923444976076556,73,445.47507170317937,49.89747095010253,128.15036309269544,286.8127173979374,72,Accommodation and food services,54,36.91045796308954,73.97260273972603,Iztapalapa,007
956,0900700013562,0.110601,1809,16356.090812922124,64.21536441234406,58.0,72.0,156.0,86.0,85.0,184.0,894.0,274.0,15.146489773355444,25.262576008844665,59,533.449064655835,32.6147042564953,235.0792488313849,262.2037775426985,46,Retail trade,31,17.136539524599225,52.54237288135593,Iztapalapa,007
957,0900700013577,0.127843,2169,16966.122509640732,64.40677966101696,71.0,90.0,177.0,104.0,118.0,262.0,988.0,359.0,16.551406177962196,25.818349469801753,129,1009.0501630906659,59.47441217150761,602.3012601393897,336.3500543635553,46,Retail trade,33,15.214384508990317,25.58139534883721,Iztapalapa,007
958,0900700013581,0.167371,3942,23552.46727330302,66.64654391789918,138.0,137.0,354.0,192.0,177.0,434.0,1914.0,596.0,15.119228817858955,25.317097919837646,56,334.5860393975061,14.205986808726534,179.24252110580687,131.4445154775917,46,Retail trade,42,10.654490106544902,75.0,Iztapalapa,007
959,0900700013596,0.778006,4594,5904.838780163649,64.05128205128206,149.0,203.0,342.0,195.0,213.0,542.0,2312.0,638.0,13.88767958206356,23.987810187200697,72,92.54427343747992,15.67261645624728,50.12814811196829,32.13342827690275,46,Retail trade,154,33.52198519808446,213.88888888888889,Iztapalapa,007
960,0900700013613,0.121033,1441,11905.843860765246,59.98439937597504,27.0,37.0,95.0,56.0,50.0,149.0,707.0,320.0,22.206800832755032,18.39000693962526,89,735.336643725265,61.76266481609993,239.60407492171558,462.6837308833128,46,Retail trade,43,29.840388619014572,48.31460674157304,Iztapalapa,007
961,0900700013628,0.037324,1158,31025.613546243705,62.95585412667946,20.0,30.0,60.0,52.0,48.0,125.0,610.0,213.0,18.39378238341969,18.134715025906736,5,133.96206194405744,4.317789291882556,26.79241238881149,107.16964955524595,62,Health care and social assistance,3,2.5906735751295336,60.0,Iztapalapa,007
962,0900700013632,0.236033,6682,28309.600776162653,69.1806650668495,188.0,203.0,457.0,243.0,273.0,704.0,3530.0,1084.0,16.222687818018557,20.41304998503442,119,504.1667902369584,17.80903920981742,249.96504726034073,160.99443721852452,46,Retail trade,70,10.475905417539659,58.8235294117647,Iztapalapa,007
963,0900700013647,0.11208,2443,21796.930763740187,65.09656146961846,58.0,83.0,177.0,101.0,125.0,250.0,1257.0,392.0,16.045845272206304,22.26770364306181,79,704.853675945753,32.33729021694638,240.89935760171306,356.8879371877231,46,Retail trade,21,8.595988538681949,26.582278481012658,Iztapalapa,007
964,0900700013651,0.68699,2692,3918.543210235957,65.8156642146257,89.0,94.0,198.0,126.0,143.0,294.0,1361.0,387.0,14.37592867756315,24.14561664190193,161,234.35566747696473,59.806835066864785,61.13626108094732,93.16001688525306,46,Retail trade,129,47.919762258543834,80.12422360248448,Iztapalapa,007
965,0900700013666,0.260184,1770,6802.877963287519,62.016487000634115,36.0,45.0,112.0,48.0,50.0,177.0,953.0,349.0,19.717514124293785,16.440677966101696,21,80.71211142883497,11.864406779661017,19.21716938781785,34.59090489807213,46,Retail trade,20,11.299435028248588,95.23809523809524,Iztapalapa,007
966,0900700013670,0.38742,4143,10693.82065974911,61.2549240292628,132.0,121.0,333.0,193.0,189.0,410.0,2140.0,625.0,15.085686700458606,23.364711561670287,77,198.75070982396366,18.585566014965,74.8541634401941,95.50358783748904,46,Retail trade,32,7.723871590634806,41.55844155844156,Iztapalapa,007
967,090070001369A,0.135648,2858,21069.238027836753,60.69246435845214,77.0,97.0,229.0,125.0,110.0,279.0,1419.0,522.0,18.264520643806858,22.32330300909727,84,619.2498230714791,29.391182645206438,309.62491153573956,258.0207596131163,46,Retail trade,37,12.946116165150455,44.04761904761905,Iztapalapa,007
968,0900700013702,0.094686,2668,28177.34406353632,60.0087221979939,60.0,84.0,231.0,120.0,123.0,291.0,1289.0,470.0,17.616191904047977,23.163418290854572,71,749.8468622605243,26.611694152923537,411.88771307268235,285.1530321272416,46,Retail trade,36,13.493253373313344,50.70422535211268,Iztapalapa,007
969,0900700013717,0.090047,2261,25109.10968716337,63.60776088096487,70.0,85.0,199.0,85.0,90.0,251.0,1077.0,404.0,17.868199911543567,23.39672711189739,88,977.267427010339,38.92083149049093,588.5815185403178,288.7381034348729,46,Retail trade,25,11.057054400707651,28.40909090909091,Iztapalapa,007
970,0900700013721,0.221963,4549,20494.40672544523,59.3170007423905,98.0,107.0,303.0,182.0,206.0,488.0,2289.0,876.0,19.256979555946362,19.696636623433722,95,427.9992611381176,20.883710705649595,180.21021521604953,166.6944490748458,46,Retail trade,63,13.849197625851836,66.3157894736842,Iztapalapa,007
971,0900700013740,0.234467,4482,19115.69645195273,62.10687803630785,115.0,136.0,320.0,191.0,181.0,475.0,2327.0,737.0,16.44355198572066,21.03971441320839,253,1079.0431062793484,56.44801427933958,435.0292365236899,511.7991017925764,46,Retail trade,65,14.502454261490406,25.691699604743082,Iztapalapa,007
972,0900700013755,0.171854,3456,20110.093451418063,66.43449419568823,83.0,107.0,251.0,140.0,145.0,394.0,1856.0,480.0,13.88888888888889,21.006944444444443,41,238.57460402434626,11.863425925925926,98.92117727838747,87.28339171622423,46,Retail trade,47,13.599537037037036,114.63414634146342,Iztapalapa,007
973,090070001376A,0.128253,1613,12576.703858779132,72.21022318214543,45.0,53.0,126.0,55.0,75.0,178.0,803.0,278.0,17.23496590204588,21.94668319900806,114,888.8680966527098,70.67575945443274,343.0718969536775,467.825314027742,46,Retail trade,40,24.798512089274645,35.08771929824562,Iztapalapa,007
974,0900700013774,0.349526,3474,9939.174768114532,60.96505823627288,99.0,124.0,246.0,125.0,160.0,367.0,1757.0,596.0,17.15601611974669,21.704087507196316,134,383.376343962967,38.57225100748417,171.66104953565687,163.07799705887402,46,Retail trade,76,21.876799078871617,56.71641791044776,Iztapalapa,007
975,0900700013789,0.172998,3719,21497.358350963594,64.94325346784363,122.0,135.0,290.0,143.0,167.0,472.0,1920.0,470.0,12.637805861790804,23.043828986286638,60,346.8248187840322,16.133369185264858,167.63199574561557,127.1691002208118,46,Retail trade,29,7.797795106211347,48.333333333333336,Iztapalapa,007
976,0900700013793,0.191805,4417,23028.596751909492,62.23645583133173,132.0,157.0,374.0,211.0,192.0,443.0,2313.0,595.0,13.47068145800317,24.13402762055694,197,1027.0847996663279,44.60040751641385,563.0718698678345,349.3131044550455,46,Retail trade,51,11.546298392574146,25.888324873096447,Iztapalapa,007
977,0900700013806,0.179646,2080,11578.32626387451,67.28813559322033,57.0,83.0,170.0,81.0,86.0,219.0,1083.0,301.0,14.471153846153847,22.932692307692307,136,757.0444095610255,65.38461538461539,289.4581565968627,350.6896897231221,46,Retail trade,53,25.48076923076923,38.970588235294116,Iztapalapa,007
978,0900700013810,0.121402,5245,43203.571605080644,66.64380429812529,172.0,225.0,474.0,237.0,267.0,565.0,2612.0,693.0,13.212583412774071,26.215443279313632,81,667.2048236437621,15.443279313632031,387.1435396451459,205.92741470486482,46,Retail trade,40,7.626310772163966,49.382716049382715,Iztapalapa,007
979,0900700013825,0.16088,3400,21133.764296369965,63.89556853315012,102.0,124.0,263.0,139.0,136.0,361.0,1744.0,531.0,15.617647058823529,22.470588235294116,130,808.0556936847339,38.23529411764706,441.32272501243165,292.14321233217305,46,Retail trade,42,12.352941176470589,32.30769230769231,Iztapalapa,007
980,090070001383A,0.260085,3575,13745.506276794125,63.24253363964555,116.0,121.0,291.0,130.0,160.0,437.0,1778.0,542.0,15.16083916083916,22.88111888111888,176,676.7018474729415,49.23076923076923,299.90195513005364,284.5223676874868,46,Retail trade,111,31.04895104895105,63.06818181818182,Iztapalapa,007
981,0900700013844,0.045281,1550,34230.69278505333,67.32522796352583,51.0,48.0,135.0,65.0,67.0,153.0,793.0,238.0,15.35483870967742,23.612903225806452,23,507.9393122943398,14.838709677419354,198.75886133256773,242.92749718424946,46,Retail trade,5,3.225806451612903,21.73913043478261,Iztapalapa,007
982,0900700013859,0.079812,2090,26186.53836515812,66.19718309859155,60.0,72.0,183.0,76.0,102.0,230.0,1040.0,327.0,15.645933014354068,23.588516746411482,165,2067.3582919861674,78.94736842105263,1190.2971984162782,701.6488748559113,46,Retail trade,17,8.133971291866029,10.303030303030303,Iztapalapa,007
983,0900700013863,0.257433,4153,16132.352884051385,62.09093541847669,140.0,183.0,371.0,182.0,224.0,510.0,2013.0,530.0,12.76185889718276,26.48687695641705,308,1196.4278084006323,74.16325547796774,466.140704571675,501.10125741455056,46,Retail trade,38,9.150012039489525,12.337662337662337,Iztapalapa,007
984,0900700013897,0.178417,3937,22066.282921470487,63.00765155974102,115.0,131.0,293.0,141.0,129.0,394.0,2025.0,709.0,18.008636017272035,20.548641097282193,266,1490.8893210848742,67.56413512827025,779.073742972923,594.1137896052506,46,Retail trade,145,36.83007366014732,54.51127819548872,Iztapalapa,007
985,090070001390A,0.244805,4006,16364.044852025081,62.16060080878105,116.0,128.0,296.0,137.0,141.0,369.0,2064.0,755.0,18.846729905142286,20.419370943584624,269,1098.8337656502115,67.1492760858712,669.9209574967831,396.2337370560242,46,Retail trade,74,18.472291562656014,27.509293680297397,Iztapalapa,007
986,0900700013914,0.191314,5355,27990.63319987037,64.16197488090083,137.0,176.0,424.0,187.0,200.0,514.0,2765.0,952.0,17.77777777777778,20.989729225023343,83,433.84174707548846,15.49953314659197,224.76138703910848,177.71830603092297,46,Retail trade,75,14.005602240896359,90.36144578313252,Iztapalapa,007
987,0900700013967,0.214827,3638,16934.55664325248,62.56377551020408,109.0,128.0,265.0,160.0,135.0,429.0,1867.0,545.0,14.980758658603628,21.907641561297417,60,279.2945020877264,16.492578339747112,116.37270920321933,139.6472510438632,46,Retail trade,36,9.895547003848268,60.0,Iztapalapa,007
988,0900700013971,0.185113,4809,25978.72650759266,66.8859649122807,152.0,186.0,367.0,214.0,218.0,561.0,2522.0,589.0,12.247868579746308,23.64316905801622,70,378.14740185724395,14.55604075691412,210.68212389189307,118.84632629799096,46,Retail trade,20,4.158868787689748,28.571428571428573,Iztapalapa,007
989,0900700013986,0.069333,2232,32192.462463761844,66.38566912539515,64.0,75.0,195.0,71.0,81.0,227.0,1160.0,359.0,16.084229390681003,21.774193548387096,10,144.23146265126275,4.480286738351254,28.846292530252548,100.96202385588393,61,Educational services,30,13.440860215053764,300.0,Iztapalapa,007
990,0900700013990,0.118476,3618,30537.830446672742,68.61910994764398,106.0,139.0,317.0,135.0,143.0,395.0,1885.0,498.0,13.764510779436153,23.217247097844112,102,860.9338600222829,28.192371475953564,514.872210405483,270.0968972618927,46,Retail trade,34,9.39745715865119,33.333333333333336,Iztapalapa,007
991,090070001401A,0.10602,2883,27192.98245614035,67.3360655737705,89.0,101.0,253.0,145.0,131.0,371.0,1482.0,311.0,10.787374262920569,24.939299340964272,46,433.88039992454253,15.955601803676725,188.64365214110546,188.64365214110546,46,Retail trade,11,3.815469996531391,23.91304347826087,Iztapalapa,007
992,0900700014024,0.583776,8391,14373.663871073837,67.66012322682333,303.0,352.0,757.0,391.0,400.0,1029.0,4228.0,931.0,11.095221070194256,26.25432010487427,183,313.47640190758096,21.809081158383982,164.446637066272,104.49213396919366,46,Retail trade,61,7.269693719461328,33.333333333333336,Iztapalapa,007
993,0900700014039,0.168286,5385,31999.096775727037,61.26008284281666,166.0,180.0,452.0,257.0,270.0,613.0,2660.0,787.0,14.614670380687095,24.605385329619313,147,873.5129481953342,27.298050139275766,380.3049570374244,308.9977775929073,46,Retail trade,42,7.7994428969359335,28.571428571428573,Iztapalapa,007
994,0900700014043,0.195124,4417,22636.88731268322,65.00794070937003,135.0,156.0,348.0,216.0,190.0,463.0,2128.0,781.0,17.681684401177268,23.65859180439212,177,907.1154752875095,40.07244736246321,394.62085648100697,399.74580266907196,46,Retail trade,46,10.414308354086485,25.98870056497175,Iztapalapa,007
995,0900700014058,0.12955,3227,24909.30142802007,62.9615952732644,91.0,115.0,310.0,153.0,137.0,317.0,1547.0,557.0,17.260613572978,24.976758599318252,210,1620.9957545349287,65.0759219088937,964.8784253184099,563.4890003859514,46,Retail trade,37,11.465757669662224,17.61904761904762,Iztapalapa,007
996,0900700014062,0.097879,2990,30547.921413173408,64.03785488958991,112.0,112.0,224.0,110.0,143.0,351.0,1491.0,447.0,14.949832775919733,23.444816053511705,95,970.5861318566801,31.77257525083612,490.40141399074366,378.0177566178649,46,Retail trade,28,9.364548494983278,29.473684210526315,Iztapalapa,007
997,0900700014077,0.156281,4751,30400.368566876332,60.131061598951504,193.0,230.0,513.0,264.0,268.0,584.0,2202.0,497.0,10.460955588297201,30.898758156177646,100,639.8730491870413,21.048200378867605,390.3225600040952,179.16445377237156,46,Retail trade,26,5.472532098505578,26.0,Iztapalapa,007
998,0900700014081,0.168364,5245,31152.740490841272,65.21739130434783,228.0,250.0,549.0,301.0,296.0,630.0,2484.0,507.0,9.666348903717827,30.962821734985702,112,665.2253450856477,21.353670162059103,380.1287686203701,172.24584828110522,46,Retail trade,30,5.719733079122975,26.785714285714285,Iztapalapa,007
999,0900700014096,0.219223,6341,28924.884706440473,64.59832717370162,267.0,289.0,644.0,321.0,364.0,776.0,3059.0,621.0,9.79340797981391,29.7271723702886,229,1044.5984226107662,36.11417757451506,665.9885139789164,232.63982337619683,46,Retail trade,72,11.354675918624823,31.441048034934497,Iztapalapa,007
1000,0900700014109,0.228184,7678,33648.283841110686,67.32334744382938,315.0,417.0,801.0,400.0,440.0,1016.0,3717.0,572.0,7.4498567335243555,30.906486064079186,194,850.1910738702101,25.266996613701483,517.1265294674473,232.2686954387687,46,Retail trade,70,9.11695754102631,36.08247422680412,Iztapalapa,007
1001,0900700014113,0.156416,2033,12997.391571194763,60.04489337822671,55.0,60.0,136.0,86.0,84.0,188.0,1037.0,387.0,19.035907525823905,20.70831283817019,66,421.9517184942717,32.46433841613379,204.58265139116202,166.22340425531914,46,Retail trade,30,14.756517461878996,45.45454545454545,Iztapalapa,007
1002,0900700014128,0.134707,1861,13815.169219120016,63.71411117898595,48.0,60.0,116.0,63.0,45.0,178.0,991.0,360.0,19.34443847393874,17.83987103707684,8,59.388153548070996,4.29876410531972,7.4235191935088745,44.54111516105325,61,Educational services,14,7.522837184309511,175.0,Iztapalapa,007
1003,0900700014147,0.012929,508,39291.515198391215,60.90047393364929,16.0,20.0,50.0,24.0,20.0,67.0,238.0,73.0,14.37007874015748,25.590551181102363,12,928.1460283084539,23.62204724409449,386.7275117951891,464.07301415422694,46,Retail trade,3,5.905511811023622,25.0,Iztapalapa,007
1004,0900700014151,0.099283,1449,14594.643594573088,69.71947194719472,51.0,53.0,133.0,78.0,62.0,166.0,739.0,167.0,11.525189786059352,26.017943409247756,52,523.7553256851626,35.88681849551415,171.22770262784164,241.73322723930582,46,Retail trade,15,10.351966873706004,28.846153846153847,Iztapalapa,007
1005,0900700014166,0.104896,2650,25263.117754728493,59.64912280701754,65.0,69.0,179.0,112.0,115.0,271.0,1259.0,580.0,21.88679245283019,20.37735849056604,55,524.3288590604027,20.754716981132077,190.66503965832825,276.46430750457597,46,Retail trade,38,14.339622641509434,69.0909090909091,Iztapalapa,007
1006,0900700014170,0.139497,4478,32101.048768073866,64.00537634408602,168.0,202.0,388.0,242.0,216.0,556.0,2132.0,574.0,12.818222420723536,27.15497990174185,168,1204.326974773651,37.516748548459134,602.1634873868255,451.62261554011917,46,Retail trade,51,11.389012952210809,30.357142857142858,Iztapalapa,007
1007,0900700014185,0.109908,3902,35502.420205990464,65.35987748851454,118.0,151.0,368.0,166.0,180.0,464.0,2011.0,444.0,11.378780112762685,25.192209123526396,158,1437.5659642610183,40.492055356227574,655.0933508024893,636.896313280198,46,Retail trade,29,7.43208610968734,18.354430379746834,Iztapalapa,007
1008,090070001419A,0.081618,3319,40665.04937636306,66.18323310930315,117.0,114.0,261.0,129.0,151.0,333.0,1754.0,460.0,13.85959626393492,23.26001807773426,22,269.54838393491633,6.628502561012353,134.77419196745817,122.52199269768923,46,Retail trade,10,3.0129557095510697,45.45454545454545,Iztapalapa,007
1009,0900700014202,0.118591,3513,29622.821293352783,64.34398368456831,115.0,141.0,315.0,195.0,203.0,425.0,1669.0,450.0,12.809564474807857,27.58326216908625,218,1838.2507947483368,62.05522345573584,935.9900835645201,683.0197907092444,46,Retail trade,40,11.38627953316254,18.34862385321101,Iztapalapa,007
1010,0900700014217,0.086888,3246,37358.43844949821,69.77825464949929,87.0,109.0,254.0,154.0,184.0,376.0,1639.0,443.0,13.647566235366606,24.276032039433147,85,978.2708774514317,26.18607516943931,575.4534573243716,310.74486695516066,46,Retail trade,38,11.70671595810228,44.705882352941174,Iztapalapa,007
1011,0900700014236,0.190217,8000,42057.22937487186,64.4307982994804,350.0,418.0,879.0,437.0,392.0,979.0,3842.0,703.0,8.7875,30.95,249,1309.0312642928866,31.125,667.6585163260908,452.11521577987247,46,Retail trade,53,6.625,21.285140562248998,Iztapalapa,007
1012,0900700014240,0.176434,5046,28599.92971876169,65.22277227722772,189.0,261.0,555.0,265.0,282.0,659.0,2391.0,444.0,8.799048751486326,30.757035275465714,205,1161.9075688359387,40.626238604835514,685.8088577031638,323.06698255438295,46,Retail trade,62,12.286959968291717,30.24390243902439,Iztapalapa,007
1013,090070001426A,0.266124,5157,19378.184605672544,65.28123444499751,252.0,284.0,600.0,278.0,282.0,686.0,2353.0,422.0,8.183052162109753,32.887337599379485,427,1604.5151884084112,82.80007756447547,928.1387623814462,537.343494010311,46,Retail trade,53,10.27729299980609,12.412177985948478,Iztapalapa,007
1014,0900700014274,0.249942,6175,24705.731729761304,60.452335658423166,317.0,328.0,799.0,387.0,312.0,807.0,2841.0,384.0,6.218623481781377,34.70445344129555,142,568.1318065791263,22.995951417004047,356.08261116579047,156.03620039849244,46,Retail trade,35,5.668016194331984,24.647887323943664,Iztapalapa,007
1015,0900700014289,0.190483,3047,15996.178136631615,60.603555188094255,113.0,143.0,372.0,176.0,147.0,390.0,1442.0,264.0,8.664259927797834,31.211027239908105,96,503.9819826441205,31.506399737446667,278.2400529181082,152.24455725707807,46,Retail trade,25,8.204791598293403,26.041666666666668,Iztapalapa,007
1016,0900700014293,0.376691,5256,13953.080907162635,68.71061560833738,238.0,273.0,619.0,295.0,269.0,690.0,2507.0,365.0,6.944444444444445,32.22983257229833,240,637.1269820622208,45.662100456621005,366.34801468577695,220.3397479631847,46,Retail trade,46,8.751902587519027,19.166666666666668,Iztapalapa,007
1017,0900700014306,0.06867,1814,26416.193388670454,64.09591704471808,56.0,73.0,142.0,73.0,71.0,223.0,878.0,298.0,16.427783902976845,22.877618522601985,84,1223.2415902140672,46.30650496141124,582.495995340032,509.683995922528,46,Retail trade,10,5.512679162072767,11.904761904761905,Iztapalapa,007
1018,0900700014310,0.107111,2911,27177.414084454445,64.12736799677549,78.0,101.0,251.0,132.0,127.0,309.0,1439.0,474.0,16.283064239093097,23.668842322226038,71,662.8637581574254,24.390243902439025,326.7638244438013,270.74716882486393,46,Retail trade,40,13.740982480247338,56.33802816901409,Iztapalapa,007
1019,0900700014325,0.103031,1681,16315.477865885025,62.98342541436464,38.0,59.0,136.0,77.0,49.0,158.0,847.0,317.0,18.85782272456871,21.356335514574656,31,300.8803175743223,18.441403926234383,106.76398365540469,135.88143374324233,46,Retail trade,11,6.543723973825104,35.483870967741936,Iztapalapa,007
1020,090070001433A,0.227978,4019,17628.89401608927,71.71091445427729,110.0,175.0,344.0,188.0,204.0,467.0,1946.0,585.0,14.555859666583727,25.40432943518288,302,1324.6892243988455,75.14307041552625,627.2535069173341,535.1393555518515,46,Retail trade,45,11.19681512814133,14.900662251655628,Iztapalapa,007
1021,0900700014344,0.200223,2790,13934.463073672856,66.44039032668647,83.0,96.0,254.0,152.0,118.0,271.0,1386.0,430.0,15.412186379928315,25.197132616487455,64,319.64359738891136,22.939068100358423,139.8440738576487,134.84964264844697,46,Retail trade,29,10.394265232974911,45.3125,Iztapalapa,007
1022,0900700014359,0.104855,2616,24948.738734442803,65.32001815705856,85.0,92.0,236.0,115.0,117.0,255.0,1310.0,406.0,15.519877675840979,24.655963302752294,84,801.1062896380716,32.11009174311926,343.331266987745,391.01616518048735,46,Retail trade,24,9.174311926605505,28.571428571428573,Iztapalapa,007
1023,0900700014363,0.197659,6175,31240.67206653884,66.79207920792079,240.0,284.0,601.0,346.0,316.0,753.0,3006.0,629.0,10.186234817813766,28.939271255060728,186,941.0145756074857,30.12145748987854,490.74416039745216,333.90839779620455,46,Retail trade,58,9.392712550607287,31.182795698924732,Iztapalapa,007
1024,0900700014382,0.102093,2196,21509.799888337104,68.44396082698586,63.0,94.0,201.0,88.0,89.0,259.0,1123.0,279.0,12.704918032786885,24.36247723132969,306,2997.2671975551702,139.34426229508196,1665.1484430862058,1067.6540017435084,46,Retail trade,19,8.652094717668488,6.209150326797386,Iztapalapa,007
1025,0900700014397,0.112976,1640,14516.357456450927,68.46910112359551,41.0,49.0,126.0,68.0,65.0,174.0,800.0,317.0,19.329268292682926,21.28048780487805,40,354.0574989378275,24.390243902439025,194.73162441580513,115.06868715479393,46,Retail trade,20,12.195121951219512,50.0,Iztapalapa,007
1026,090070001440A,0.048844,1408,28826.467938743757,65.51724137931035,43.0,55.0,150.0,64.0,62.0,135.0,672.0,227.0,16.12215909090909,26.5625,27,552.7802800753419,19.176136363636363,245.68012447792972,225.2067807714356,46,Retail trade,13,9.232954545454545,48.148148148148145,Iztapalapa,007
1027,0900700014414,0.763836,8028,10510.109499945014,65.52763819095478,195.0,229.0,639.0,330.0,349.0,776.0,4270.0,1240.0,15.445939212755356,21.699053313403088,271,354.78820060850757,33.756851021425014,125.6814289978477,153.1742415911269,46,Retail trade,102,12.705530642750373,37.638376383763834,Iztapalapa,007
1028,0900700014429,0.102956,2049,19901.705582967483,64.59143968871595,48.0,67.0,135.0,52.0,75.0,169.0,1094.0,409.0,19.960956564177646,18.39921913128355,74,718.7536423326469,36.11517813567594,281.67372469792923,369.08970822487277,46,Retail trade,39,19.03367496339678,52.7027027027027,Iztapalapa,007
1029,0900700014433,0.238185,3751,15748.262904884858,64.29429429429429,67.0,113.0,241.0,140.0,144.0,351.0,1976.0,719.0,19.168221807517995,18.794988003199148,75,314.8812897537628,19.99466808850973,96.56359552448727,201.5240254424082,46,Retail trade,56,14.929352172753932,74.66666666666667,Iztapalapa,007
1030,0900700014448,0.196949,2475,12566.705086088277,63.22787712058689,58.0,85.0,151.0,87.0,103.0,242.0,1281.0,468.0,18.90909090909091,19.555555555555557,77,390.9641582338575,31.11111111111111,142.16878481231183,208.175720618028,46,Retail trade,26,10.505050505050505,33.76623376623377,Iztapalapa,007
1031,0900700014452,0.103012,1960,19026.909486273446,59.093484419263454,40.0,49.0,106.0,55.0,58.0,170.0,981.0,501.0,25.56122448979592,15.714285714285714,50,485.38034403758786,25.510204081632654,242.69017201879393,213.56735137653865,46,Retail trade,10,5.1020408163265305,20.0,Iztapalapa,007
1032,0900700014467,0.073891,2193,29678.851280940846,62.2792937399679,57.0,73.0,194.0,102.0,102.0,236.0,1080.0,349.0,15.914272685818514,24.076607387140903,23,311.26930208009094,10.487916096671226,162.4013749983083,94.73413541567986,46,Retail trade,2,0.9119927040583675,8.695652173913043,Iztapalapa,007
1033,0900700014471,0.06718,2274,33849.35992855016,66.51234567901234,63.0,76.0,191.0,98.0,83.0,212.0,1234.0,317.0,13.94019349164468,22.47141600703606,13,193.5099732063114,5.716798592788039,133.9684429889848,44.65614766299494,46,Retail trade,24,10.554089709762533,184.6153846153846,Iztapalapa,007
1034,0900700014503,0.094453,4051,42889.055932580224,62.52178965717606,131.0,128.0,350.0,185.0,172.0,416.0,2073.0,596.0,14.712416687237718,23.84596395951617,50,529.363810572454,12.342631449024932,296.44373392057423,158.8091431717362,46,Retail trade,9,2.2216736608244876,18.0,Iztapalapa,007
1035,0900700014522,0.020716,749,36155.62849971037,65.0,32.0,23.0,74.0,27.0,41.0,89.0,375.0,88.0,11.748998664886516,26.30173564753004,5,241.35933577910794,6.675567423230975,193.08746862328636,48.27186715582159,46,Retail trade,8,10.68090787716956,160.0,Iztapalapa,007
1036,0900700014537,0.022369,829,37060.21726496491,61.80758017492711,22.0,39.0,82.0,48.0,40.0,80.0,442.0,76.0,9.16767189384801,27.864897466827504,9,402.34252760516785,10.856453558504223,134.11417586838928,268.22835173677856,72,Accommodation and food services,1,1.2062726176115801,11.11111111111111,Iztapalapa,007
1037,0900700014541,0.021766,1011,46448.58954332445,67.90419161676647,32.0,49.0,95.0,37.0,34.0,118.0,513.0,133.0,13.155291790306627,24.431256181998023,4,183.77285674905818,3.9564787339268053,137.82964256179363,45.943214187264545,46,Retail trade,6,5.9347181008902075,150.0,Iztapalapa,007
1038,0900700014556,0.02385,1063,44570.230607966456,66.19099890230515,32.0,48.0,72.0,53.0,51.0,113.0,544.0,150.0,14.111006585136407,24.082784571966133,4,167.71488469601678,3.762935089369708,83.85744234800839,83.85744234800839,46,Retail trade,5,4.703668861712136,125.0,Iztapalapa,007
1039,0900700014560,0.023647,969,40977.713874910136,62.141967621419674,26.0,36.0,104.0,46.0,57.0,124.0,493.0,83.0,8.565531475748195,27.760577915376675,13,549.7526113249038,13.415892672858616,380.5979616864719,169.15464963843195,46,Retail trade,6,6.191950464396284,46.15384615384615,Iztapalapa,007
1040,0900700014575,0.019665,528,26849.73302822273,68.45794392523365,21.0,31.0,48.0,21.0,19.0,58.0,252.0,78.0,14.772727272727273,26.515151515151516,48,2440.884820747521,90.9090909090909,1271.2941774726671,813.628273582507,46,Retail trade,4,7.575757575757576,8.333333333333334,Iztapalapa,007
1041,0900700014594,0.03764,1164,30924.548352816153,67.57344940152339,40.0,67.0,138.0,52.0,55.0,115.0,565.0,132.0,11.34020618556701,30.240549828178693,18,478.2146652497343,15.463917525773196,212.53985122210415,212.53985122210415,46,Retail trade,2,1.718213058419244,11.11111111111111,Iztapalapa,007
1042,0900700014611,0.021676,751,34646.61376637756,66.29746835443038,31.0,25.0,63.0,29.0,39.0,71.0,391.0,102.0,13.581890812250332,24.900133155792275,5,230.66986528879866,6.657789613848203,230.66986528879866,0.0,46,Retail trade,3,3.9946737683089215,60.0,Iztapalapa,007
1043,0900700014645,0.054798,1184,21606.627979123325,60.82164328657315,38.0,48.0,100.0,56.0,51.0,138.0,606.0,147.0,12.41554054054054,24.74662162162162,16,291.98145917734223,13.513513513513514,182.4884119858389,91.24420599291945,46,Retail trade,22,18.58108108108108,137.5,Iztapalapa,007
1044,090070001465A,0.088828,2794,31454.046021524744,68.6699072028281,118.0,141.0,272.0,119.0,125.0,322.0,1378.0,319.0,11.417322834645669,27.73801002147459,139,1564.8219030035575,49.74946313528991,754.2666726707795,562.8855766199847,46,Retail trade,35,12.526843235504654,25.179856115107913,Iztapalapa,007
1045,0900700014664,0.149617,3439,22985.355942172348,62.34632946961714,117.0,157.0,318.0,161.0,164.0,396.0,1690.0,436.0,12.678104100029078,26.66472811863914,70,467.8612724489864,20.354754289037512,207.1957063702654,187.14450897959458,46,Retail trade,27,7.851119511485897,38.57142857142857,Iztapalapa,007
1046,0900700014679,0.014962,440,29407.8331773827,62.19178082191781,22.0,15.0,38.0,28.0,17.0,57.0,213.0,50.0,11.363636363636363,27.272727272727273,6,401.0159069643096,13.636363636363637,334.17992247025796,66.8359844940516,46,Retail trade,4,9.090909090909092,66.66666666666667,Iztapalapa,007
1047,0900700014683,0.083712,2771,33101.58639143731,60.85825747724317,105.0,111.0,248.0,122.0,124.0,320.0,1424.0,317.0,11.439913388668352,25.622518946228798,85,1015.3860856269113,30.67484662576687,609.2316513761468,334.480122324159,46,Retail trade,10,3.608805485384338,11.764705882352942,Iztapalapa,007
1048,0900700014698,1.17111,3320,2834.917300680551,64.23330887747616,137.0,143.0,314.0,183.0,179.0,440.0,1679.0,245.0,7.379518072289157,28.795180722891565,91,77.70405854275005,27.40963855421687,29.88617636259617,35.00952088189837,46,Retail trade,47,14.156626506024097,51.64835164835165,Iztapalapa,007
1049,0900700014715,1.517298,32,21.090122045900014,48.148148148148145,,,3.0,3.0,,4.0,,0.0,0.0,,29,19.11292310409689,906.25,3.9543978836062528,10.545061022950007,31-33,Manufacturing,39,1218.75,134.48275862068965,Iztapalapa,007
1050,090070001472A,0.275644,5525,20043.96975809377,63.136842105263156,168.0,182.0,425.0,220.0,279.0,639.0,2702.0,910.0,16.470588235294116,23.058823529411764,101,366.41465078144273,18.28054298642534,192.27699496451945,141.48684535125017,46,Retail trade,88,15.927601809954751,87.12871287128714,Iztapalapa,007
1051,0900700014734,0.376733,11587,30756.530487108907,63.34036780223093,314.0,419.0,900.0,504.0,538.0,1383.0,5746.0,1783.0,15.387934754466212,23.086217312505394,308,817.5551385198536,26.58151376542677,363.6527726533115,395.5055702579811,46,Retail trade,138,11.909899024769137,44.8051948051948,Iztapalapa,007
1052,0900700014749,0.283081,6128,21647.51431569056,62.47297031649302,213.0,266.0,561.0,341.0,310.0,657.0,2943.0,837.0,13.658616187989557,27.594647519582246,279,985.5836315400892,45.52872062663185,462.7650743073537,392.11391792455163,46,Retail trade,87,14.197127937336814,31.182795698924732,Iztapalapa,007
1053,0900700014768,0.144695,3740,25847.47226925602,62.042875157629254,102.0,149.0,314.0,160.0,172.0,450.0,1835.0,558.0,14.919786096256685,23.983957219251337,143,988.2857044127302,38.23529411764706,352.4655309444003,483.7762189432945,46,Retail trade,52,13.903743315508022,36.36363636363637,Iztapalapa,007
1054,0900700014772,0.154928,4280,27625.735825673863,59.68882602545969,158.0,163.0,422.0,202.0,226.0,456.0,2047.0,606.0,14.158878504672897,27.35981308411215,274,1768.563461737065,64.01869158878505,903.6455643912011,697.0980068160694,46,Retail trade,31,7.242990654205608,11.313868613138686,Iztapalapa,007
1055,0900700014791,0.084163,2135,25367.44174993762,67.92553191489361,46.0,61.0,148.0,83.0,71.0,222.0,1191.0,313.0,14.660421545667447,19.156908665105387,19,225.7524090158383,8.899297423887587,130.6987631144327,95.0536459014056,46,Retail trade,8,3.747072599531616,42.10526315789474,Iztapalapa,007
1056,0900700014804,0.07751,2676,34524.57747387434,63.88646288209607,94.0,96.0,196.0,127.0,116.0,255.0,1354.0,438.0,16.367713004484305,23.50523168908819,28,361.24371048896916,10.46337817638266,219.32653851115984,64.50780544445878,46,Retail trade,21,7.8475336322869955,75.0,Iztapalapa,007
1057,0900700014838,0.058855,1560,26505.819386628154,62.2152395915161,56.0,73.0,158.0,80.0,78.0,186.0,726.0,203.0,13.012820512820513,28.525641025641026,105,1784.0455356384334,67.3076923076923,866.5364030243819,764.590943845043,46,Retail trade,20,12.820512820512821,19.047619047619047,Iztapalapa,007
1058,0900700014842,0.418471,1895,4528.390258823192,65.30880420499344,85.0,80.0,208.0,114.0,104.0,228.0,910.0,166.0,8.759894459102902,31.187335092348285,36,86.02746665838254,18.99736147757256,47.793037032434746,33.45512592270432,46,Retail trade,23,12.137203166226913,63.888888888888886,Iztapalapa,007
1059,0900700014857,0.542527,5508,10152.49010648318,65.12055109070035,261.0,306.0,586.0,287.0,313.0,752.0,2654.0,349.0,6.336238198983297,31.82643427741467,178,328.09426996260095,32.316630355846044,210.1277908749242,77.41550190128787,46,Retail trade,37,6.7175018155410315,20.786516853932586,Iztapalapa,007
1060,0900700014861,0.595524,3584,6018.229324091052,63.46018322762509,162.0,165.0,419.0,221.0,224.0,457.0,1700.0,236.0,6.584821428571429,33.231026785714285,83,139.37305633358184,23.158482142857142,87.31805938971394,23.508708297230672,46,Retail trade,19,5.301339285714286,22.89156626506024,Iztapalapa,007
1061,0900700014876,0.172403,5532,32087.608684303636,66.28095348299004,253.0,279.0,679.0,300.0,257.0,669.0,2588.0,507.0,9.164859002169198,31.959508315256688,193,1119.4700788269345,34.887924801156906,696.0435723276277,313.2196075474325,46,Retail trade,42,7.592190889370933,21.761658031088082,Iztapalapa,007
1062,0900700014880,0.169005,5581,33022.69163634212,63.91614629794826,214.0,264.0,619.0,318.0,275.0,667.0,2682.0,542.0,9.711521232753986,30.281311592904498,178,1053.2232774178278,31.893925819745565,662.7022869145883,260.3473270021597,46,Retail trade,47,8.421429851281133,26.40449438202247,Iztapalapa,007
1063,0900700014895,0.206814,3426,16565.609678261626,69.56521739130434,84.0,111.0,241.0,114.0,137.0,362.0,1913.0,464.0,13.543490951546994,20.052539404553414,56,270.7747057742706,16.34559252772913,87.03472685601555,164.39892850580716,46,Retail trade,58,16.929363689433742,103.57142857142857,Iztapalapa,007
1064,0900700014908,0.365979,5488,14995.39591069433,61.94539249146758,169.0,174.0,457.0,222.0,258.0,640.0,2729.0,839.0,15.287900874635568,23.323615160349853,292,797.8599865019578,53.20699708454811,338.81725454192724,314.2256796154971,46,Retail trade,104,18.950437317784257,35.61643835616438,Iztapalapa,007
1065,0900700014912,0.392892,6803,17315.190943058144,63.88699795779442,180.0,249.0,498.0,308.0,300.0,747.0,3465.0,1056.0,15.522563574893429,22.56357489342937,328,834.8350182747422,48.214023225047775,313.0631318530283,404.69136556610977,46,Retail trade,118,17.34528884315743,35.97560975609756,Iztapalapa,007
1066,0900700014927,0.27522,6812,24751.108204345615,67.41476786020216,212.0,223.0,540.0,279.0,261.0,663.0,3781.0,853.0,12.522019964768056,22.240164415736935,209,759.3924860111911,30.681150910158543,305.2103771528232,366.97914395756123,46,Retail trade,101,14.826776277157956,48.32535885167464,Iztapalapa,007
1067,0900700014931,0.210878,5485,26010.299794193797,60.66725197541703,194.0,223.0,509.0,316.0,300.0,658.0,2565.0,720.0,13.126709206927986,28.1130355515041,217,1029.0310037083052,39.56244302643574,450.497444019765,445.7553656616622,46,Retail trade,54,9.84503190519599,24.88479262672811,Iztapalapa,007
1068,0900700014946,0.177374,5350,30162.256023994498,61.6386925795053,188.0,184.0,450.0,280.0,296.0,646.0,2603.0,703.0,13.14018691588785,26.130841121495326,214,1206.4902409597798,40.0,608.882925344188,479.21341346533313,46,Retail trade,41,7.663551401869159,19.1588785046729,Iztapalapa,007
1069,0900700014965,0.48164,4114,8541.649364670708,61.85338865836791,82.0,112.0,305.0,165.0,161.0,447.0,2051.0,791.0,19.227029654837143,20.053475935828878,72,149.48924507931235,17.50121536217793,64.36342496470392,72.66838302466573,46,Retail trade,43,10.452114730189596,59.72222222222222,Iztapalapa,007
1070,090070001497A,0.205354,1927,9383.795786787694,65.0631389055923,55.0,67.0,142.0,85.0,97.0,204.0,1030.0,247.0,12.817851582771146,23.144784639335754,125,608.7049680064669,64.86766995329528,267.83018592284543,258.09090643474195,46,Retail trade,73,37.88271925272444,58.4,Iztapalapa,007
1071,0900700014984,0.12417,4002,32230.007248127567,67.15158568519057,120.0,141.0,304.0,154.0,185.0,473.0,2105.0,520.0,12.993503248375813,22.58870564717641,185,1489.8928887815093,46.22688655672164,781.1870822259805,571.7967302891198,46,Retail trade,24,5.997001499250374,12.972972972972974,Iztapalapa,007
1072,0900700014999,0.274352,3431,12505.831923951711,65.78140960163432,109.0,122.0,263.0,149.0,180.0,417.0,1651.0,540.0,15.738851646750218,23.987175750510055,249,907.5931649851286,72.57359370445934,320.75581734414186,510.29334577477107,46,Retail trade,128,37.30690760711163,51.40562248995984,Iztapalapa,007
1073,0900700015003,0.14608,3643,24938.389923329683,69.3532661683458,88.0,139.0,339.0,131.0,157.0,446.0,1862.0,481.0,13.203403788086742,23.44221795223717,138,944.6878422782037,37.880867416964044,438.1161007667032,431.27053669222346,46,Retail trade,28,7.685973099094153,20.28985507246377,Iztapalapa,007
1074,0900700015018,0.117515,2989,25435.050844573034,62.45105716523101,108.0,90.0,237.0,140.0,132.0,368.0,1501.0,413.0,13.817330210772834,23.653395784543324,120,1021.1462366506404,40.14720642355303,416.9680466323448,459.51580649278816,46,Retail trade,51,17.062562730010036,42.5,Iztapalapa,007
1075,0900700015037,0.137158,2646,19291.619883637846,64.7444913267698,100.0,125.0,288.0,116.0,128.0,302.0,1272.0,315.0,11.904761904761905,28.609221466364325,210,1531.080943145861,79.36507936507937,831.1582262791817,575.9780690882048,46,Retail trade,33,12.471655328798185,15.714285714285714,Iztapalapa,007
1076,0900700015041,0.205126,3291,16043.79747082281,61.52683295540439,160.0,153.0,332.0,175.0,156.0,431.0,1591.0,293.0,8.903068975995138,29.65663931935582,87,424.1295593927635,26.43573381950775,243.75262034066867,131.62641498396107,46,Retail trade,21,6.381039197812215,24.137931034482758,Iztapalapa,007
1077,0900700015056,0.023373,806,34484.23394515039,69.53937592867756,29.0,33.0,71.0,38.0,31.0,78.0,415.0,111.0,13.771712158808933,25.062034739454095,21,898.4725965858041,26.054590570719604,385.0596842510589,470.62850297351645,46,Retail trade,8,9.925558312655086,38.095238095238095,Iztapalapa,007
1078,0900700015060,0.274191,5931,21630.906922546692,63.70633510953227,169.0,216.0,477.0,257.0,295.0,654.0,2946.0,917.0,15.461136401955825,23.840836283931882,239,871.6551600891349,40.29674591131344,401.18019920420437,339.1796229635546,46,Retail trade,95,16.017534985668522,39.7489539748954,Iztapalapa,007
1079,0900700015075,0.132747,3792,28565.617302085924,65.21881123448726,146.0,194.0,390.0,191.0,192.0,466.0,1782.0,431.0,11.36603375527426,29.35126582278481,222,1672.3541774955365,58.54430379746835,956.7071195582574,542.3851386472011,46,Retail trade,33,8.70253164556962,14.864864864864865,Iztapalapa,007
1080,090070001508A,0.126034,3945,31301.07748702731,63.57636706473916,159.0,194.0,405.0,231.0,186.0,509.0,1876.0,385.0,9.759188846641319,29.784537389100127,97,769.6335909357792,24.58808618504436,396.71834584318515,301.50594284082075,46,Retail trade,28,7.097591888466413,28.8659793814433,Iztapalapa,007
1081,0900700015094,0.036661,1516,41351.84528518044,69.16030534351145,48.0,57.0,101.0,71.0,62.0,190.0,893.0,94.0,6.200527704485488,22.361477572559366,5,136.38471400125474,3.2981530343007917,109.10777120100379,27.276942800250946,46,Retail trade,10,6.596306068601583,200.0,Iztapalapa,007
1082,0900700015107,0.45183,4853,10740.76533209393,67.52095808383234,149.0,176.0,353.0,209.0,248.0,589.0,2535.0,594.0,12.239851638161962,23.38759530187513,234,517.8938981475334,48.21759736245621,272.22627979549833,210.25606976075073,46,Retail trade,81,16.690706779311768,34.61538461538461,Iztapalapa,007
1083,0900700015111,0.189481,7653,40389.273858592685,67.67511177347242,179.0,231.0,533.0,291.0,323.0,948.0,4311.0,837.0,10.936887495099961,20.344962759702078,28,147.7720721338815,3.6586959362341567,89.71875808128519,58.0533140525963,46,Retail trade,40,5.226708480334509,142.85714285714286,Iztapalapa,007
1084,0900700015126,0.10627,4853,45666.698033311375,65.71022053592601,110.0,155.0,371.0,183.0,178.0,476.0,2641.0,739.0,15.227694209767154,20.543993406140533,48,451.67968382422134,9.890789202555121,235.24983532511527,188.19986826009222,46,Retail trade,22,4.53327838450443,45.833333333333336,Iztapalapa,007
1085,0900700015130,0.143268,2592,18091.967501465784,63.448585541086665,66.0,89.0,210.0,93.0,110.0,308.0,1327.0,389.0,15.007716049382717,21.91358024691358,88,614.2334645559371,33.95061728395062,251.277326409247,265.2371778764274,46,Retail trade,24,9.25925925925926,27.272727272727273,Iztapalapa,007
1086,0900700015145,0.184904,4478,24217.972569549605,65.97883597883597,164.0,162.0,372.0,167.0,170.0,487.0,2372.0,584.0,13.041536400178652,23.11299687360429,176,951.8452818760005,39.30326038410004,443.47336996495477,351.5337688746593,46,Retail trade,51,11.389012952210809,28.977272727272727,Iztapalapa,007
1087,090070001515A,0.100265,1634,16296.813444372414,69.94931209268645,52.0,66.0,135.0,71.0,67.0,189.0,829.0,225.0,13.769889840881273,23.929008567931458,48,478.73136189098886,29.37576499388005,179.52426070912082,269.28639106368126,46,Retail trade,29,17.74785801713586,60.416666666666664,Iztapalapa,007
1088,0900700015179,0.06178,1573,25461.31434121075,67.28252501924557,58.0,62.0,154.0,92.0,67.0,213.0,771.0,156.0,9.917355371900827,27.527018436109344,35,566.5263839430237,22.25047679593134,339.9158303658142,161.86468112657818,46,Retail trade,11,6.993006993006993,31.428571428571427,Iztapalapa,007
1089,0900700015183,0.066515,3932,59114.48545440878,66.624,191.0,181.0,432.0,243.0,213.0,540.0,1818.0,314.0,7.985757884028485,32.044760935910475,100,1503.4202811395926,25.4323499491353,917.0863714951515,496.1286927760656,46,Retail trade,21,5.340793489318413,21.0,Iztapalapa,007
1090,0900700015198,0.597487,5541,9273.84194133094,66.22455979876516,267.0,305.0,596.0,310.0,304.0,752.0,2554.0,453.0,8.175419599350297,32.16025988088793,260,435.1559113420041,46.92293809781628,207.53589617849426,137.24147973093974,46,Retail trade,107,19.310593755639776,41.15384615384615,Iztapalapa,007
1091,0900700015200,0.300772,4699,15623.129812615536,67.38428417653391,194.0,276.0,513.0,236.0,246.0,589.0,2259.0,386.0,8.21451372632475,31.17684613747606,187,621.7334060351362,39.795701213024046,305.8795366589975,202.81143191520488,46,Retail trade,70,14.896786550329857,37.4331550802139,Iztapalapa,007
1092,0900700015215,0.390071,5858,15017.778814626055,65.64404713531084,200.0,252.0,484.0,244.0,263.0,704.0,3027.0,684.0,11.676340047797883,24.632980539433255,234,599.8907891127512,39.9453738477296,261.49085679273776,171.76360201091597,46,Retail trade,76,12.97371116421987,32.47863247863248,Iztapalapa,007
1093,090070001522A,0.132137,2314,17512.127564573133,66.91616766467065,61.0,79.0,170.0,92.0,89.0,253.0,1208.0,362.0,15.64390665514261,21.21866897147796,57,431.37047155603653,24.63267070008643,174.06176922436563,158.92596320485558,46,Retail trade,42,18.15038893690579,73.6842105263158,Iztapalapa,007
1094,0900700015249,0.247017,3208,12986.960411631588,68.39059674502712,74.0,125.0,244.0,125.0,130.0,388.0,1843.0,279.0,8.697007481296758,21.758104738154614,53,214.56013148892586,16.521197007481298,68.8211742511649,60.72456551573374,46,Retail trade,27,8.41645885286783,50.943396226415096,Iztapalapa,007
1095,0900700015253,0.27372,4458,16286.716352476984,68.07862679955703,186.0,212.0,448.0,212.0,220.0,594.0,2248.0,338.0,7.5818752803947955,28.667563930013458,57,208.2419991231916,12.78600269179004,138.82799941546105,51.14715767938039,46,Retail trade,46,10.31852848811126,80.70175438596492,Iztapalapa,007
1096,0900700015268,0.201976,5103,25265.37806472056,63.161711385061636,227.0,236.0,503.0,256.0,304.0,686.0,2449.0,442.0,8.661571624534588,29.9039780521262,51,252.50524814829484,9.994121105232216,168.33683209886323,69.31516615835545,46,Retail trade,58,11.36586321771507,113.72549019607843,Iztapalapa,007
1097,0900700015272,0.218837,3347,15294.48859196571,64.9,76.0,93.0,178.0,127.0,109.0,347.0,1761.0,656.0,19.59964146997311,17.418583806393787,235,1073.8586253695673,70.21213026590976,557.4925629578179,374.7081160864022,46,Retail trade,41,12.249775918733194,17.4468085106383,Iztapalapa,007
1098,0900700015287,0.090069,2360,26202.133919550568,60.1528905876732,53.0,59.0,155.0,71.0,92.0,208.0,1252.0,470.0,19.915254237288135,18.220338983050848,21,233.15458148752623,8.898305084745763,66.61559471072178,133.23118942144356,46,Retail trade,46,19.491525423728813,219.04761904761904,Iztapalapa,007
1099,0900700015291,0.127591,3411,26733.86053875273,61.28560993425858,139.0,148.0,386.0,189.0,180.0,414.0,1654.0,301.0,8.824391673995896,30.54822632659044,115,901.3174910456066,33.7144532395192,493.7652342249845,274.3140190138803,46,Retail trade,40,11.726766344180593,34.78260869565217,Iztapalapa,007
1100,0900700015304,0.169651,5300,31240.60571408362,64.25266080518278,189.0,236.0,553.0,281.0,287.0,633.0,2449.0,672.0,12.679245283018869,29.169811320754718,219,1290.8854059215685,41.320754716981135,772.173461989614,400.82286576560114,46,Retail trade,41,7.735849056603773,18.72146118721461,Iztapalapa,007
1101,0900700015319,0.188309,3414,18129.77605956168,63.38896952104499,143.0,134.0,381.0,217.0,193.0,408.0,1552.0,386.0,11.30638547158758,31.282952548330403,113,600.077532141321,33.09900410076157,339.8669208588012,180.55430170623816,46,Retail trade,21,6.151142355008787,18.58407079646018,Iztapalapa,007
1102,0900700015323,0.496479,3240,6525.955780607034,63.78711916698804,148.0,163.0,335.0,189.0,199.0,425.0,1526.0,255.0,7.87037037037037,31.91358024691358,55,110.78011355968732,16.97530864197531,72.5106197845226,30.212758243551086,46,Retail trade,29,8.950617283950617,52.72727272727273,Iztapalapa,007
1103,0900700015338,1.150604,6974,6061.164397134027,63.78835201175822,309.0,382.0,838.0,353.0,414.0,899.0,3228.0,551.0,7.900774304559794,32.922282764554055,192,166.86887930165375,27.530828792658447,108.63859329534749,33.026132361785635,46,Retail trade,53,7.599655864640092,27.604166666666668,Iztapalapa,007
1104,0900700015342,0.359828,5210,14479.140033571595,65.65238558909445,283.0,256.0,563.0,262.0,270.0,833.0,2385.0,358.0,6.871401151631478,31.362763915547024,124,344.6090910101493,23.80038387715931,197.3164956590371,72.25674488922485,46,Retail trade,44,8.445297504798464,35.483870967741936,Iztapalapa,007
1105,0900700015357,0.17852,3042,17040.10755097468,71.10600841944125,91.0,101.0,237.0,115.0,120.0,321.0,1575.0,482.0,15.844838921762,21.82774490466798,96,537.7548734035403,31.558185404339252,224.06453058480844,162.44678467398612,46,Retail trade,47,15.450361604207759,48.958333333333336,Iztapalapa,007
1106,0900700015361,0.362265,2123,5860.350848136033,54.56204379562044,68.0,111.0,300.0,170.0,150.0,244.0,1047.0,33.0,1.5544041450777202,37.63542157324541,9,24.843691772597406,4.239284032030146,2.7604101969552675,11.04164078782107,61,Educational services,22,10.362694300518134,244.44444444444446,Iztapalapa,007
1107,0900700015376,0.058061,961,16551.55784433613,59.887005649717516,38.0,56.0,159.0,66.0,63.0,115.0,454.0,10.0,1.040582726326743,39.75026014568158,3,51.669795559842235,3.121748178980229,34.44653037322816,0.0,46,Retail trade,2,2.081165452653486,66.66666666666667,Iztapalapa,007
1108,0900700015380,0.296986,8787,29587.25327119797,66.0067396798652,373.0,454.0,831.0,425.0,417.0,1211.0,4260.0,816.0,9.286445885967908,28.451120974166383,431,1451.2468601213525,49.04973255946284,713.8383627511062,548.847420417124,46,Retail trade,105,11.949470809149881,24.361948955916475,Iztapalapa,007
1109,0900700015395,0.092191,3565,38669.71830222039,67.7007928300586,125.0,174.0,365.0,175.0,206.0,520.0,1764.0,236.0,6.6199158485273495,29.312762973352033,34,368.7995574405311,9.537166900420758,238.63500775563776,86.77636645659554,46,Retail trade,13,3.6465638148667603,38.23529411764706,Iztapalapa,007
1110,0900700015408,0.064699,2285,35317.39284996677,66.52631578947368,89.0,105.0,191.0,97.0,105.0,301.0,1166.0,231.0,10.109409190371991,25.689277899343544,65,1004.6523130187484,28.446389496717725,386.40473577644167,432.77330406961465,46,Retail trade,20,8.752735229759299,30.76923076923077,Iztapalapa,007
1111,0900700015412,0.049271,2677,54332.16293560107,68.29919857524487,89.0,102.0,240.0,126.0,142.0,362.0,1383.0,233.0,8.703772880089653,26.11131864026896,53,1075.6834649185118,19.79828165857303,608.8774329727426,324.73463091879603,46,Retail trade,11,4.109077325364214,20.754716981132077,Iztapalapa,007
1112,0900700015427,0.091483,4283,46817.44149186188,66.90081483562798,157.0,192.0,374.0,183.0,234.0,566.0,2178.0,399.0,9.31590007004436,26.61685734298389,129,1410.0980510040117,30.119075414429137,612.1355880327493,590.2736027458653,46,Retail trade,28,6.537473733364465,21.705426356589147,Iztapalapa,007
1113,0900700015431,0.154645,2463,15926.800090529923,61.67883211678832,42.0,65.0,164.0,101.0,93.0,249.0,1285.0,464.0,18.838814453917987,18.879415347137638,57,368.5861165896085,23.142509135200974,109.92919266707621,161.66057745158267,46,Retail trade,41,16.64636622005684,71.9298245614035,Iztapalapa,007
1114,0900700015446,0.232474,4124,17739.618193862538,62.45865490628445,97.0,132.0,267.0,144.0,128.0,383.0,2062.0,911.0,22.090203685741997,18.622696411251212,189,812.9941412803153,45.82929194956353,262.3949344872975,464.5680807316087,46,Retail trade,83,20.126091173617848,43.91534391534392,Iztapalapa,007
1115,0900700015450,0.137925,3458,25071.596882363603,61.238453643516934,99.0,136.0,300.0,164.0,170.0,392.0,1670.0,527.0,15.240023134759976,25.130133024869867,115,833.7864781584194,33.256217466743784,442.2693492840312,275.5120536523473,46,Retail trade,43,12.434933487565067,37.391304347826086,Iztapalapa,007
1116,0900700015465,0.060735,1777,29258.253066600806,66.00265604249668,48.0,59.0,164.0,73.0,66.0,213.0,919.0,235.0,13.224535734383792,23.072594259988744,30,493.9491232403062,16.882386043894204,214.04462007079937,214.04462007079937,46,Retail trade,9,5.064715813168261,30.0,Iztapalapa,007
1117,090070001547A,0.334594,3413,10200.422003980944,63.8664323374341,127.0,148.0,293.0,155.0,160.0,483.0,1812.0,235.0,6.885438031057721,25.871667154995606,79,236.10704316275846,23.14679167887489,98.62699271355733,113.57047645803571,46,Retail trade,103,30.178728391444476,130.37974683544303,Iztapalapa,007
1118,0900700015484,0.152685,4151,27186.691554507644,65.43072205185392,114.0,135.0,315.0,162.0,155.0,528.0,2239.0,503.0,12.117562033245001,21.223801493615998,246,1611.160231849887,59.262828234160445,877.6238661296132,609.0971608212988,46,Retail trade,46,11.081667068176342,18.69918699186992,Iztapalapa,007
1119,0900700015499,0.122046,4474,36658.3091621192,67.45743790120011,192.0,211.0,488.0,204.0,220.0,541.0,2154.0,464.0,10.371032632990612,29.392042914617793,193,1581.3709584910607,43.13813142601699,950.4613014764925,426.0688592825656,46,Retail trade,45,10.05811354492624,23.316062176165804,Iztapalapa,007
1120,0900700015501,0.119892,6014,50161.81229773463,67.46116194935092,292.0,327.0,696.0,338.0,361.0,904.0,2737.0,359.0,5.969404722314599,33.48852677086798,175,1459.647015647416,29.098769537745262,959.1966102825877,417.0420044706903,46,Retail trade,38,6.318589956767543,21.714285714285715,Iztapalapa,007
1121,0900700015516,0.147823,4913,33235.69403949318,68.39938239835307,218.0,248.0,561.0,284.0,270.0,717.0,2271.0,344.0,7.001831874618359,32.17993079584775,142,960.6082950555732,28.90291064522695,575.0120076036882,270.5938859311474,46,Retail trade,68,13.84083044982699,47.88732394366197,Iztapalapa,007
1122,0900700015520,0.074181,3557,47950.283765384665,62.69559032716928,188.0,153.0,404.0,202.0,218.0,520.0,1622.0,250.0,7.028394714647175,32.75231937025583,142,1914.236799180383,39.92128197919595,1145.8459713403702,606.6243377684312,46,Retail trade,31,8.715209446162497,21.830985915492956,Iztapalapa,007
1123,0900700015535,0.151655,4112,27114.173617750817,62.18793828892006,109.0,135.0,303.0,147.0,182.0,480.0,2183.0,573.0,13.934824902723735,21.30350194552529,55,362.66525996505226,13.375486381322958,112.09653489828888,151.6600178035673,46,Retail trade,35,8.511673151750973,63.63636363636363,Iztapalapa,007
1124,090070001554A,0.124844,2658,21290.570632148923,66.8856767411301,79.0,109.0,187.0,117.0,136.0,333.0,1479.0,218.0,8.20165537998495,23.626787057938298,58,464.57979558488995,21.8209179834462,144.1799365608279,240.29989426804653,46,Retail trade,25,9.405568096313017,43.10344827586207,Iztapalapa,007
1125,0900700015554,0.098633,2894,29341.092737724695,63.25503355704698,90.0,126.0,294.0,150.0,157.0,314.0,1362.0,401.0,13.856254319281271,28.230822391154113,146,1480.2348098506584,50.449205252246024,689.4244319852382,659.0086482211835,46,Retail trade,30,10.366275051831375,20.54794520547945,Iztapalapa,007
1126,0900700015569,0.163953,4114,25092.557013290392,63.868506017023776,150.0,155.0,402.0,184.0,196.0,484.0,2130.0,413.0,10.038891589693728,26.421973748176956,185,1128.3721554347892,44.96840058337384,646.5267485193928,396.4550816392503,46,Retail trade,22,5.347593582887701,11.891891891891891,Iztapalapa,007
1127,0900700015573,0.148161,3451,23292.22939909963,64.03260099220411,123.0,172.0,331.0,193.0,189.0,446.0,1644.0,353.0,10.228919153868445,29.20892494929006,162,1093.4051471034888,46.94291509707331,627.695547411262,357.7189678795365,46,Retail trade,28,8.113590263691684,17.28395061728395,Iztapalapa,007
1128,0900700015588,0.153628,4157,27058.86947691827,64.56599286563615,173.0,209.0,411.0,214.0,213.0,526.0,1921.0,490.0,11.787346644214578,29.3480875631465,158,1028.4583539458952,38.00817897522251,624.8860884734554,312.4430442367277,46,Retail trade,34,8.178975222516238,21.518987341772153,Iztapalapa,007
1129,0900700015592,0.182195,1833,10060.649304316803,60.31055900621118,40.0,69.0,114.0,62.0,73.0,204.0,906.0,365.0,19.912711402073104,19.530823786142935,107,587.2828562803589,58.37424986361157,246.98811712725376,290.8971157276544,46,Retail trade,39,21.27659574468085,36.44859813084112,Iztapalapa,007
1130,0900700015605,0.397359,4180,10519.454699654469,67.92345044273065,155.0,177.0,347.0,204.0,191.0,538.0,2220.0,348.0,8.325358851674642,25.69377990430622,264,664.386612609756,63.1578947368421,118.2809499721914,188.7461967641352,48-49,Transportation and warehousing,57,13.636363636363637,21.59090909090909,Iztapalapa,007
1131,090070001561A,0.025981,1261,48535.46822678111,66.39194139194139,31.0,36.0,102.0,37.0,57.0,134.0,688.0,176.0,13.957176843774782,20.856463124504362,0,0.0,0.0,0.0,0.0,,,3,2.379064234734338,,Iztapalapa,007
1132,0900700015624,0.416599,3644,8747.020516131819,64.99205087440382,100.0,135.0,264.0,131.0,141.0,376.0,1922.0,575.0,15.779363336992317,21.158068057080133,76,182.4296265713552,20.856201975850713,79.21286416914107,86.41403363906298,46,Retail trade,34,9.330406147091109,44.73684210526316,Iztapalapa,007
1133,0900700015639,0.037659,1737,46124.43240659603,63.79066478076379,74.0,74.0,175.0,95.0,91.0,224.0,832.0,172.0,9.902130109383995,29.303396660909613,18,477.97339281446665,10.362694300518134,318.6489285429778,132.7703868929074,46,Retail trade,7,4.029936672423719,38.888888888888886,Iztapalapa,007
1134,0900700015643,0.019667,836,42507.75410586261,69.1771269177127,28.0,29.0,62.0,34.0,32.0,94.0,440.0,117.0,13.995215311004785,22.129186602870814,1,50.846595820409824,1.1961722488038278,0.0,50.846595820409824,81,Other services (except government),8,9.569377990430622,800.0,Iztapalapa,007
1135,0900700015658,0.459408,7959,17324.469752376972,69.70398544732926,428.0,491.0,993.0,450.0,472.0,1062.0,3641.0,422.0,5.3021736399045105,35.607488377936924,149,324.33044265663636,18.720944842316875,174.13715041967052,119.7192909135235,46,Retail trade,64,8.04121120743812,42.95302013422819,Iztapalapa,007
1136,0900700015662,0.318036,2312,7269.617276031644,67.21138639957829,108.0,99.0,208.0,116.0,127.0,288.0,1108.0,258.0,11.15916955017301,28.46020761245675,70,220.10086908400308,30.27681660899654,106.90613641223007,78.60745324428682,46,Retail trade,82,35.46712802768166,117.14285714285714,Iztapalapa,007
1137,0900700015677,0.231528,5416,23392.41905946581,65.05388168022873,183.0,230.0,456.0,240.0,230.0,662.0,2765.0,650.0,12.001477104874446,24.72304283604136,278,1200.7187035693307,51.32939438700148,617.6358798935765,457.8279948861477,46,Retail trade,82,15.140324963072379,29.496402877697843,Iztapalapa,007
1138,0900700015681,0.159509,6838,42869.05441072291,70.14350717535876,265.0,290.0,566.0,287.0,312.0,893.0,3606.0,619.0,9.052354489616848,25.153553670663936,61,382.42356230682907,8.920737057619187,206.8848779692682,137.92325197951212,46,Retail trade,44,6.434630008774495,72.1311475409836,Iztapalapa,007
1139,0900700015696,0.179648,1765,9824.768436052726,70.44982698961938,69.0,74.0,177.0,97.0,114.0,238.0,837.0,159.0,9.008498583569406,30.084985835694052,17,94.62949768436053,9.63172804532578,38.96508728179551,22.265764161026006,46,Retail trade,56,31.728045325779036,329.4117647058824,Iztapalapa,007
1140,0900700015709,0.127752,2911,22786.336026050474,64.44972288202692,83.0,92.0,204.0,117.0,116.0,318.0,1501.0,480.0,16.489178976296806,21.023703194778427,163,1275.9095748011773,55.9945036070079,508.798296699856,610.5579560398272,46,Retail trade,47,16.14565441429062,28.834355828220858,Iztapalapa,007
1141,0900700015713,0.129895,3338,25697.678894491706,65.41695865451997,91.0,118.0,275.0,128.0,131.0,381.0,1760.0,454.0,13.60095865787897,22.25883762732175,70,538.8968012625583,20.97064110245656,230.9557719696678,207.86019477270102,46,Retail trade,42,12.582384661473936,60.0,Iztapalapa,007
1142,0900700015728,0.067724,1591,23492.410371507885,69.30846930846931,73.0,72.0,159.0,70.0,78.0,200.0,797.0,142.0,8.925204274041484,28.4098051539912,89,1314.1574626424901,55.93966059082338,693.9932667887307,472.5060539838167,46,Retail trade,16,10.056568196103079,17.97752808988764,Iztapalapa,007
1143,0900700015732,0.076937,2692,34989.666870296474,65.92228673514963,101.0,100.0,252.0,120.0,128.0,340.0,1380.0,271.0,10.066864784546805,26.040118870728083,56,727.8682558456919,20.802377414561665,311.94353821958225,324.9411856453982,46,Retail trade,12,4.457652303120357,21.428571428571427,Iztapalapa,007
1144,0900700015747,0.051381,1979,38516.18302485355,64.75458308693081,51.0,72.0,165.0,103.0,103.0,208.0,985.0,292.0,14.754926730672057,24.96210207175341,21,408.7113913703509,10.611419909044972,194.62447208111948,175.16202487300754,46,Retail trade,12,6.06366851945427,57.142857142857146,Iztapalapa,007
1145,0900700015751,0.050442,1984,39332.30244637405,58.2010582010582,57.0,64.0,162.0,107.0,88.0,212.0,1000.0,294.0,14.818548387096774,24.092741935483872,16,317.1959874707585,8.064516129032258,218.07224138614646,79.29899686768962,46,Retail trade,11,5.544354838709677,68.75,Iztapalapa,007
1146,0900700015766,0.104422,2047,19603.148761755187,66.74418604651163,74.0,73.0,180.0,100.0,85.0,223.0,1044.0,268.0,13.092330239374695,25.01221299462628,259,2480.3202390300894,126.5266243282853,1484.3615330102853,842.7342897090651,46,Retail trade,30,14.655593551538837,11.583011583011583,Iztapalapa,007
1147,0900700015770,0.078146,1531,19591.533795715713,63.89513108614232,38.0,38.0,120.0,63.0,66.0,164.0,807.0,235.0,15.34944480731548,21.22795558458524,38,486.269290814629,24.8203788373612,153.558723415146,230.338085122719,46,Retail trade,9,5.878510777269758,23.68421052631579,Iztapalapa,007
1148,0900700015785,0.014793,500,33799.7701615629,62.91079812206573,9.0,25.0,40.0,22.0,34.0,51.0,241.0,78.0,15.6,26.0,3,202.7986209693774,6.0,202.7986209693774,0.0,46,Retail trade,10,20.0,333.3333333333333,Iztapalapa,007
1149,090070001579A,0.016129,364,22568.045136090273,63.389830508474574,19.0,10.0,40.0,15.0,19.0,39.0,175.0,47.0,12.912087912087912,28.296703296703296,4,248.000496000992,10.989010989010989,0.0,248.000496000992,61,Educational services,3,8.241758241758243,75.0,Iztapalapa,007
1150,0900700015802,0.01111,463,41674.16741674167,66.15384615384616,17.0,17.0,39.0,22.0,19.0,38.0,242.0,69.0,14.902807775377969,24.622030237580994,6,540.0540054005401,12.958963282937365,450.04500450045003,90.00900090009002,46,Retail trade,0,0.0,0.0,Iztapalapa,007
1151,0900700015817,0.010688,504,47155.68862275449,69.9530516431925,21.0,20.0,37.0,32.0,14.0,43.0,281.0,56.0,11.11111111111111,24.603174603174605,5,467.81437125748505,9.920634920634921,374.251497005988,93.562874251497,46,Retail trade,3,5.9523809523809526,60.0,Iztapalapa,007
1152,0900700015821,0.011059,468,42318.47364137806,62.62135922330097,12.0,13.0,31.0,15.0,20.0,48.0,260.0,69.0,14.743589743589743,19.444444444444443,4,361.6963559092142,8.547008547008547,271.2722669319107,90.42408897730355,46,Retail trade,1,2.1367521367521367,25.0,Iztapalapa,007
1153,0900700015836,0.010199,492,48240.0235317188,69.21241050119332,10.0,18.0,45.0,18.0,18.0,52.0,263.0,68.0,13.821138211382113,22.15447154471545,1,98.04882831650161,2.032520325203252,98.04882831650161,0.0,46,Retail trade,1,2.032520325203252,100.0,Iztapalapa,007
1154,0900700015840,0.01763,755,42824.73057288712,63.46749226006192,22.0,32.0,55.0,33.0,39.0,95.0,380.0,99.0,13.112582781456954,23.973509933774835,8,453.7719795802609,10.596026490066226,170.16449234259784,283.60748723766307,81,Other services (except government),7,9.271523178807946,87.5,Iztapalapa,007
1155,0900700015855,0.014704,560,38084.87486398259,63.69565217391305,24.0,25.0,51.0,32.0,26.0,67.0,256.0,79.0,14.107142857142858,28.214285714285715,12,816.1044613710555,21.428571428571427,340.0435255712731,408.0522306855278,81,Other services (except government),1,1.7857142857142858,8.333333333333334,Iztapalapa,007
1156,090070001586A,0.094981,2523,26563.20737831777,63.53104726598703,57.0,85.0,220.0,133.0,131.0,264.0,1404.0,229.0,9.0764962346413,24.811732065001983,35,368.49475158189534,13.872374157748713,84.2273717901475,168.454743580295,81,Other services (except government),7,2.7744748315497425,20.0,Iztapalapa,007
1157,0900700015874,0.081552,1628,19962.723170492445,62.95518207282913,36.0,49.0,115.0,65.0,62.0,185.0,862.0,254.0,15.601965601965603,20.085995085995087,24,294.2907592701589,14.742014742014742,98.09691975671964,147.14537963507945,46,Retail trade,9,5.528255528255528,37.5,Iztapalapa,007
1158,0900700015889,0.065698,2195,33410.45389509574,68.39546191247975,74.0,72.0,198.0,109.0,123.0,284.0,1179.0,156.0,7.1070615034168565,26.24145785876993,32,487.0772321836281,14.578587699316628,243.53861609181405,136.9904715516454,46,Retail trade,13,5.922551252847381,40.625,Iztapalapa,007
1159,0900700015893,0.201149,5778,28724.97501851861,67.0842594463528,175.0,188.0,466.0,221.0,282.0,675.0,3122.0,649.0,11.232260297680858,23.052959501557634,81,402.68656568016746,14.018691588785046,263.4862713709738,124.28597706178007,46,Retail trade,58,10.038075458636206,71.60493827160494,Iztapalapa,007
1160,0900700015906,0.08615,3780,43876.95879280325,63.964241676942045,102.0,153.0,281.0,135.0,174.0,460.0,2011.0,464.0,12.275132275132275,22.354497354497354,32,371.445153801509,8.465608465608465,150.89959373186304,162.5072547881602,46,Retail trade,44,11.640211640211641,137.5,Iztapalapa,007
1161,0900700015910,0.097608,3698,37886.238832882555,69.84429615506832,107.0,138.0,306.0,136.0,135.0,479.0,2070.0,327.0,8.842617631151974,22.22823147647377,57,583.9685271699041,15.413737155219037,245.88148512417015,235.6364232439964,46,Retail trade,40,10.81665765278529,70.17543859649123,Iztapalapa,007
1162,0900700015925,0.096582,3653,37822.782713134955,67.0701427684668,96.0,121.0,214.0,156.0,173.0,426.0,2087.0,380.0,10.402408978921434,20.804817957842868,31,320.97078130500506,8.486175745962223,176.01623490919633,103.53896171129196,46,Retail trade,20,5.474952094169176,64.51612903225806,Iztapalapa,007
1163,090070001593A,0.077247,3627,46953.27973901899,68.22651746354697,136.0,177.0,365.0,198.0,180.0,457.0,1818.0,296.0,8.161014612627516,29.114971050454923,46,595.4923815811617,12.682657843948167,258.90973112224424,310.6916773466931,46,Retail trade,18,4.962779156327543,39.130434782608695,Iztapalapa,007
1164,0900800010014,0.186996,1704,9112.49438490663,59.516231699554424,23.0,28.0,82.0,50.0,53.0,121.0,897.0,450.0,26.408450704225352,13.849765258215962,63,336.90560225887185,36.971830985915496,85.56332755780872,203.2129029497957,46,Retail trade,31,18.1924882629108,49.20634920634921,La Magdalena Contreras,008
1165,0900800010029,0.070352,1293,18379.00841482829,54.73595976529757,17.0,18.0,65.0,31.0,42.0,118.0,653.0,349.0,26.991492652745553,13.379737045630318,8,113.71389583807141,6.187161639597835,28.428473959517852,85.28542187855356,46,Retail trade,24,18.561484918793504,300.0,La Magdalena Contreras,008
1166,0900800010033,0.055216,594,10757.751376412634,57.971014492753625,7.0,9.0,26.0,20.0,24.0,64.0,293.0,151.0,25.420875420875422,14.478114478114477,15,271.66038829324833,25.252525252525253,90.55346276441611,126.77484787018255,46,Retail trade,23,38.72053872053872,153.33333333333334,La Magdalena Contreras,008
1167,0900800010048,0.138921,2569,18492.52452832905,61.141883255219426,46.0,54.0,122.0,71.0,61.0,200.0,1346.0,669.0,26.041261191124953,13.779680809653561,38,273.5367583014807,14.79174776177501,79.18169319253388,151.16505064029195,46,Retail trade,37,14.402491241728299,97.36842105263158,La Magdalena Contreras,008
1168,0900800010052,0.421068,2382,5657.043517911597,59.35513169845595,34.0,36.0,110.0,93.0,101.0,271.0,1096.0,641.0,26.910159529806887,15.701091519731317,30,71.24739946991934,12.594458438287154,7.124739946991935,56.99791957593548,62,Health care and social assistance,42,17.632241813602015,140.0,La Magdalena Contreras,008
1169,0900800010067,0.032055,771,24052.409920449227,58.06896551724138,8.0,14.0,24.0,23.0,22.0,77.0,384.0,219.0,28.404669260700388,11.802853437094683,0,0.0,0.0,0.0,0.0,,,11,14.267185473411155,,La Magdalena Contreras,008
1170,0900800010071,0.042883,1074,25044.889583284752,60.38306451612903,19.0,17.0,46.0,28.0,29.0,86.0,537.0,312.0,29.050279329608937,12.942271880819368,9,209.87337639624093,8.379888268156424,46.63852808805354,139.91558426416063,72,Accommodation and food services,8,7.4487895716946,88.88888888888889,La Magdalena Contreras,008
1171,0900800010086,0.902111,3234,3584.924693302709,68.52617079889806,63.0,67.0,200.0,99.0,122.0,336.0,1586.0,761.0,23.531230674087816,17.037724180581325,267,295.97244684966705,82.56029684601113,62.076618065847775,193.98943145577428,46,Retail trade,182,56.277056277056275,68.16479400749064,La Magdalena Contreras,008
1172,0900800010090,0.260257,6182,23753.443711408338,61.94255479969765,174.0,204.0,512.0,277.0,284.0,663.0,3021.0,1047.0,16.936266580394694,23.471368489162085,187,718.5205393130636,30.249110320284696,341.96966844311584,299.7037543658768,46,Retail trade,87,14.073115496603041,46.524064171122994,La Magdalena Contreras,008
1173,0900800010103,0.187454,5677,30284.763195237232,65.07420207359219,145.0,175.0,438.0,226.0,237.0,594.0,2892.0,970.0,17.08648934296283,21.507838647172804,105,560.1374203804667,18.49568434032059,320.07852593169525,186.71247346015556,46,Retail trade,46,8.102871234807116,43.80952380952381,La Magdalena Contreras,008
1174,0900800010118,0.85544,5588,6532.310857570373,57.72146847565842,94.0,135.0,347.0,206.0,215.0,640.0,2755.0,1196.0,21.403006442376523,17.841803865425913,50,58.44945291312073,8.94774516821761,16.365846815673805,36.23866080613485,46,Retail trade,52,9.305654974946313,104.0,La Magdalena Contreras,008
1175,0900800010122,0.263814,1839,6970.820350701631,63.32737030411449,30.0,43.0,89.0,47.0,65.0,196.0,911.0,458.0,24.90483958673192,14.899401848830886,79,299.4534027761984,42.958129418162045,94.76373505575899,185.7369207092876,46,Retail trade,51,27.732463295269167,64.55696202531645,La Magdalena Contreras,008
1176,0900800010137,0.275525,7781,28240.631521640506,60.10590015128593,218.0,281.0,672.0,397.0,414.0,873.0,3886.0,1040.0,13.365891273615217,25.472304331062844,186,675.0748570910081,23.904382470119522,355.6846021232193,243.17212594138462,46,Retail trade,101,12.980336717645546,54.30107526881721,La Magdalena Contreras,008
1177,0900800010141,0.225574,4742,21021.926285830814,65.38648517258143,105.0,148.0,375.0,177.0,241.0,468.0,2474.0,754.0,15.900463939266132,22.05820328975116,356,1578.1960686958603,75.07380851961197,660.5371186395595,784.6648993235036,46,Retail trade,89,18.768452129902993,25.0,La Magdalena Contreras,008
1178,0900800010156,0.137707,3779,27442.323193446955,63.336416897934015,104.0,119.0,311.0,158.0,154.0,407.0,1940.0,586.0,15.506747816882774,22.386874834612332,117,849.630011546254,30.96057157978301,493.80205799269464,304.99538876019375,46,Retail trade,66,17.46493781423657,56.41025641025641,La Magdalena Contreras,008
1179,0900800010160,0.453531,4021,8865.98711003217,63.04470854555744,101.0,133.0,252.0,165.0,173.0,412.0,2093.0,692.0,17.20964934095996,20.492414822183537,93,205.0576476580432,23.128574981347924,81.58207487470537,110.24604712798022,46,Retail trade,69,17.15991047003233,74.19354838709677,La Magdalena Contreras,008
1180,0900800010175,0.214135,1415,6607.980946599108,63.722397476340696,34.0,38.0,75.0,36.0,50.0,151.0,686.0,345.0,24.381625441696112,16.46643109540636,28,130.75863357227917,19.78798586572438,37.359609592079764,93.3990239801994,81,Other services (except government),23,16.25441696113074,82.14285714285714,La Magdalena Contreras,008
1181,090080001018A,0.171227,2321,13555.105211210848,63.97454723445913,53.0,64.0,161.0,102.0,81.0,231.0,1177.0,452.0,19.47436449806118,19.86212839293408,114,665.7828496674006,49.11676001723395,245.288418298516,332.8914248337003,46,Retail trade,44,18.95734597156398,38.59649122807018,La Magdalena Contreras,008
1182,0900800010194,0.328368,3249,9894.386785557666,62.93103448275862,72.0,93.0,184.0,84.0,122.0,286.0,1670.0,738.0,22.714681440443215,17.08217913204063,344,1047.6051259562441,105.87873191751308,280.17346391853044,636.4810212931833,46,Retail trade,92,28.316405047706986,26.74418604651163,La Magdalena Contreras,008
1183,0900800010207,0.227554,5197,22838.53502904805,62.91245050593929,147.0,143.0,359.0,179.0,215.0,584.0,2589.0,981.0,18.876274773908023,20.06927073311526,214,940.4361162625136,41.1776024629594,540.531038786398,316.4084129481354,46,Retail trade,71,13.661727919953819,33.177570093457945,La Magdalena Contreras,008
1184,0900800010211,0.421274,5516,13093.616031371506,61.66320166320166,160.0,167.0,375.0,234.0,226.0,570.0,2803.0,981.0,17.78462654097172,21.065989847715738,171,405.9115919805162,31.00072516316171,185.15265599111268,185.15265599111268,46,Retail trade,112,20.304568527918782,65.49707602339181,La Magdalena Contreras,008
1185,0900800010226,0.185764,3917,21085.893929932605,61.497484462858836,90.0,115.0,333.0,162.0,166.0,390.0,1986.0,675.0,17.232575950982895,22.108756701557315,120,645.9809220301028,30.635690579525146,290.6914149135462,328.3736353653022,46,Retail trade,58,14.807250446770487,48.333333333333336,La Magdalena Contreras,008
1186,0900800010230,0.293732,4286,14591.53241730557,62.77391769107429,111.0,154.0,279.0,158.0,174.0,481.0,2168.0,761.0,17.755482967802145,20.438637424171723,240,817.0713439461822,55.99626691553897,347.2553211771274,411.9401359062002,46,Retail trade,83,19.365375641623892,34.583333333333336,La Magdalena Contreras,008
1187,0900800010245,0.214635,2847,13264.37906212873,60.956663941128376,104.0,95.0,201.0,120.0,113.0,309.0,1376.0,529.0,18.580962416578856,22.233930453108535,139,647.611060637827,48.823322795925534,274.8852703426748,340.1122836443264,46,Retail trade,52,18.264840182648403,37.410071942446045,La Magdalena Contreras,008
1188,090080001025A,0.343321,3734,10876.118850871342,62.56931608133087,84.0,124.0,280.0,134.0,166.0,368.0,1831.0,747.0,20.005356186395286,21.10337439742903,39,113.59631365398563,10.444563470808784,34.95271189353404,69.90542378706807,46,Retail trade,63,16.87198714515265,161.53846153846155,La Magdalena Contreras,008
1189,0900800010264,0.441481,5201,11780.801438793515,62.697529490318274,125.0,162.0,421.0,236.0,221.0,578.0,2626.0,832.0,15.996923668525284,22.39953855027879,137,310.31913038160195,26.34108825225918,115.52026021504889,147.23170419565054,46,Retail trade,88,16.919823110940204,64.23357664233576,La Magdalena Contreras,008
1190,0900800010283,0.420545,4642,11038.057758384954,61.124459394521864,114.0,118.0,240.0,177.0,176.0,489.0,2314.0,1014.0,21.844032744506677,17.77251184834123,484,1150.8875387889525,104.26540284360189,168.82854391325543,936.8795253777836,62,Health care and social assistance,143,30.805687203791468,29.545454545454547,La Magdalena Contreras,008
1191,0900800010298,0.106314,2262,21276.59574468085,61.298701298701296,61.0,78.0,198.0,108.0,108.0,251.0,1128.0,330.0,14.588859416445624,24.447391688771,133,1251.0111556333127,58.797524314765695,743.0818142483587,460.89884681227306,46,Retail trade,37,16.357206012378427,27.81954887218045,La Magdalena Contreras,008
1192,0900800010300,0.530104,6547,12350.406712645066,63.39811018006775,181.0,232.0,525.0,326.0,314.0,664.0,3283.0,1022.0,15.610203146479304,24.102642431648082,303,571.5859529450825,46.28073926989461,258.43985331180295,256.5534310248555,46,Retail trade,125,19.09271422025355,41.254125412541256,La Magdalena Contreras,008
1193,0900800010315,0.366473,4031,10999.44607106117,60.989479670173445,96.0,129.0,289.0,185.0,153.0,435.0,2045.0,699.0,17.340610270404365,21.136194492681717,189,515.7269430490104,46.88662862813198,182.823836953882,253.77040054792576,46,Retail trade,127,31.505829818903496,67.19576719576719,La Magdalena Contreras,008
1194,090080001032A,0.278623,5394,19359.492934897695,62.84013605442177,131.0,158.0,401.0,211.0,256.0,550.0,2701.0,986.0,18.27956989247312,21.449758991472006,268,961.8732121899484,49.68483500185391,534.7727933444116,369.6751524461369,46,Retail trade,117,21.690767519466075,43.656716417910445,La Magdalena Contreras,008
1195,0900800010334,0.155288,2848,18340.116428829013,63.115738886664,78.0,69.0,204.0,88.0,92.0,299.0,1449.0,569.0,19.978932584269664,18.644662921348313,146,940.1885528823863,51.264044943820224,470.09427644119313,367.05991448147955,46,Retail trade,78,27.3876404494382,53.42465753424658,La Magdalena Contreras,008
1196,0900800010349,0.883914,9652,10919.614351622444,62.672529620129474,283.0,377.0,805.0,408.0,445.0,1104.0,4820.0,1410.0,14.608371322005802,24.015748031496063,237,268.1256321316327,24.55449647741401,145.9417997678507,100.68852852200554,46,Retail trade,158,16.369664318276005,66.66666666666667,La Magdalena Contreras,008
1197,0900800010353,0.445085,4361,9798.12844737522,62.88391462779802,79.0,113.0,327.0,195.0,179.0,472.0,2204.0,792.0,18.160972254070167,20.47695482687457,196,440.36532347753797,44.943820224719104,220.18266173876899,173.00066279474706,46,Retail trade,91,20.86677367576244,46.42857142857143,La Magdalena Contreras,008
1198,0900800010387,0.530574,9890,18640.189681363958,61.89437984496124,298.0,422.0,910.0,464.0,461.0,1160.0,4851.0,1324.0,13.38725985844287,25.83417593528817,291,548.4626084203146,29.42366026289181,309.09920199632853,179.05136701006833,46,Retail trade,167,16.885743174924166,57.38831615120275,La Magdalena Contreras,008
1199,0900800010404,0.484773,8605,17750.576042807665,60.11758271807493,250.0,318.0,723.0,440.0,360.0,957.0,4214.0,1343.0,15.607205113306218,24.29982568274259,374,771.4951121452722,43.46310284718187,391.936019539042,288.79496176560986,46,Retail trade,142,16.502033701336433,37.967914438502675,La Magdalena Contreras,008
1200,0900800010423,0.475458,8887,18691.4511902208,64.64894342194955,326.0,377.0,843.0,435.0,471.0,1065.0,4381.0,989.0,11.128614830651513,27.59086305839991,288,605.7317365571722,32.40688646337347,338.6208666170303,193.49763806687446,46,Retail trade,162,18.228873635647574,56.25,La Magdalena Contreras,008
1201,0900800010438,0.405179,6170,15227.83757302328,66.00510905875417,227.0,264.0,590.0,313.0,306.0,738.0,3078.0,654.0,10.59967585089141,27.55267423014587,82,202.37968897697067,13.290113452188006,130.80638433877374,49.360899750480655,46,Retail trade,84,13.614262560777957,102.4390243902439,La Magdalena Contreras,008
1202,0900800010457,0.711821,7657,10756.917820631872,66.15433877681717,301.0,364.0,744.0,375.0,410.0,973.0,3774.0,716.0,9.35092072613295,28.653519655217448,168,236.0143912584765,21.940707849027035,155.93807993863626,49.16966484551594,46,Retail trade,136,17.761525401593314,80.95238095238095,La Magdalena Contreras,008
1203,0900800010461,0.918262,9520,10367.411479512382,66.92882929345024,383.0,438.0,938.0,477.0,473.0,1234.0,4691.0,886.0,9.306722689075631,28.455882352941178,239,260.2743007986827,25.105042016806724,165.5300992527187,67.51885627413527,46,Retail trade,146,15.336134453781513,61.08786610878661,La Magdalena Contreras,008
1204,0900800010476,0.681039,6192,9091.990326545176,67.29407002631046,284.0,318.0,649.0,333.0,354.0,777.0,2986.0,491.0,7.929586563307494,31.2984496124031,104,152.70784786186988,16.795865633074936,96.91074960464819,35.240272583508435,46,Retail trade,64,10.335917312661499,61.53846153846154,La Magdalena Contreras,008
1205,0900800010495,0.28543,4250,14889.815366289458,62.12891147365606,109.0,112.0,290.0,177.0,158.0,446.0,2131.0,827.0,19.458823529411763,19.905882352941177,198,693.6902217706618,46.588235294117645,234.73355989209264,409.9078583190274,46,Retail trade,89,20.941176470588236,44.94949494949495,La Magdalena Contreras,008
1206,0900800010508,0.098826,1233,12476.473802440652,59.686346863468636,36.0,31.0,82.0,40.0,40.0,82.0,532.0,390.0,31.630170316301705,18.572587185725872,8,80.95035719345111,6.488240064882401,10.118794649181389,70.83156254426973,62,Health care and social assistance,10,8.110300081103,125.0,La Magdalena Contreras,008
1207,0900800010512,0.271515,8047,29637.404931587575,56.83485551729301,267.0,353.0,744.0,393.0,387.0,959.0,3923.0,1021.0,12.687958245308812,26.643469616005966,159,585.6030053588199,19.75891636634771,342.5225125683664,169.41973739940704,46,Retail trade,104,12.924071082390952,65.40880503144655,La Magdalena Contreras,008
1208,0900800010527,0.573493,8287,14450.045597766668,65.09883133746933,267.0,355.0,734.0,416.0,410.0,963.0,4051.0,1091.0,13.165198503680463,26.330397007360926,136,237.1432606849604,16.411246530710752,148.21453792810024,57.54211472502716,46,Retail trade,99,11.946422106914444,72.79411764705883,La Magdalena Contreras,008
1209,0900800010531,0.132761,4235,31899.42829596041,62.30899830220713,135.0,190.0,376.0,202.0,193.0,517.0,2072.0,550.0,12.987012987012987,25.87957497048406,59,444.40761970759485,13.931523022432113,308.82563403409137,90.38799044900234,46,Retail trade,61,14.403778040141676,103.38983050847457,La Magdalena Contreras,008
1210,0900800010546,0.284438,5931,20851.64429506606,65.58704453441295,178.0,261.0,552.0,280.0,292.0,705.0,2996.0,667.0,11.245995616253582,26.35306019221042,219,769.9393189376947,36.92463328275164,446.49449089080923,263.6778489512653,46,Retail trade,122,20.569887034226944,55.70776255707763,La Magdalena Contreras,008
1211,0900800010550,0.500656,6008,12000.255664568087,66.0295566502463,154.0,238.0,540.0,301.0,251.0,681.0,3031.0,812.0,13.515312916111851,24.70039946737683,362,723.0513566201145,60.25299600532623,393.483749320891,263.65408583937875,46,Retail trade,116,19.30758988015979,32.04419889502763,La Magdalena Contreras,008
1212,0900800010565,0.268915,4313,16038.525184537864,60.34953577280175,125.0,180.0,346.0,176.0,200.0,488.0,2179.0,619.0,14.351959193137027,23.811731973104568,141,524.3292490192068,32.69186181312312,260.3053009315211,215.68153505754606,46,Retail trade,74,17.157431022490147,52.4822695035461,La Magdalena Contreras,008
1213,090080001057A,0.5516,9341,16934.37273386512,66.30578294164246,350.0,446.0,969.0,464.0,452.0,1186.0,4668.0,806.0,8.628626485387004,28.701423830425007,155,281.0007251631617,16.593512471898084,188.54242204496012,61.63886874546773,46,Retail trade,149,15.951182956856867,96.12903225806451,La Magdalena Contreras,008
1214,0900800010584,0.258584,5314,20550.382080871204,61.840888066605,195.0,230.0,564.0,277.0,261.0,672.0,2648.0,467.0,8.788106887467068,28.735415882574333,176,680.629892027349,33.12006021829131,359.6510224917242,216.56405655415648,46,Retail trade,60,11.290929619872037,34.09090909090909,La Magdalena Contreras,008
1215,0900800010599,0.258564,1898,7340.542380223078,68.03441429516876,90.0,75.0,222.0,102.0,128.0,215.0,898.0,168.0,8.851422550052687,32.50790305584826,21,81.21780294240497,11.06427818756586,77.35028851657617,3.867514425828808,46,Retail trade,22,11.591148577449948,104.76190476190476,La Magdalena Contreras,008
1216,0900900010026,0.763744,3378,4422.948003519504,65.87219343696027,109.0,112.0,262.0,145.0,166.0,397.0,1639.0,548.0,16.222616933096507,23.505032563647127,383,501.47693467968327,113.38069863824748,201.63824527590396,233.06238739682408,46,Retail trade,177,52.39786856127886,46.21409921671018,Milpa Alta,009
1217,0900900010308,0.846378,3177,3753.641989749261,69.3293142426526,102.0,130.0,291.0,144.0,139.0,355.0,1543.0,473.0,14.888259364180044,25.369845766446332,177,209.1264186923573,55.712936732766764,95.7019204185364,86.24987889571798,46,Retail trade,52,16.367642429965375,29.37853107344633,Milpa Alta,009
1218,0900900010312,0.950426,4448,4680.006649649736,72.82579246816582,155.0,217.0,385.0,212.0,244.0,519.0,2127.0,589.0,13.241906474820144,27.27068345323741,126,132.57213081291968,28.327338129496404,65.23390563810334,49.45150911275575,46,Retail trade,79,17.760791366906474,62.698412698412696,Milpa Alta,009
1219,0900900010327,0.405876,2324,5725.886724024086,68.99742930591259,79.0,98.0,202.0,118.0,110.0,262.0,1093.0,362.0,15.576592082616179,26.118760757314973,576,1419.152647606658,247.8485370051635,850.0133045560713,465.65946249593475,46,Retail trade,84,36.144578313253014,14.583333333333334,Milpa Alta,009
1220,0900900010331,0.573265,2761,4816.271706802264,69.27472527472527,80.0,126.0,280.0,132.0,132.0,320.0,1308.0,383.0,13.871785584932995,27.164070988772185,225,392.48863963437503,81.49221296631656,204.09409260987502,136.06272840658335,46,Retail trade,60,21.731256791017746,26.666666666666668,Milpa Alta,009
1221,0900900010492,0.306654,416,1356.5777716905698,67.15542521994135,14.0,16.0,45.0,27.0,26.0,32.0,209.0,47.0,11.298076923076923,30.76923076923077,6,19.566025553229373,14.423076923076923,6.522008517743124,9.783012776614687,46,Retail trade,7,16.826923076923077,116.66666666666667,Milpa Alta,009
1222,0900900010505,0.170057,722,4245.635286992008,73.40241796200345,27.0,35.0,81.0,29.0,32.0,87.0,358.0,73.0,10.110803324099724,28.25484764542936,9,52.923431555302045,12.465373961218837,41.162668987457145,0.0,46,Retail trade,5,6.925207756232687,55.55555555555556,Milpa Alta,009
1223,0900900010562,0.20024,987,4929.085097882541,69.39281288723667,49.0,46.0,85.0,42.0,50.0,127.0,480.0,108.0,10.94224924012158,27.558257345491388,19,94.88613663603675,19.250253292806484,54.93407910507391,29.96404314822213,46,Retail trade,16,16.210739614994935,84.21052631578948,Milpa Alta,009
1224,0900900110401,1.150663,10423,9058.255979378846,64.42929759704252,378.0,397.0,992.0,545.0,544.0,1299.0,5108.0,1160.0,11.129233426076945,27.40094022834117,687,597.0470937190124,65.91192554926604,350.23286574783407,205.96821137031432,46,Retail trade,147,14.103425117528543,21.397379912663755,Milpa Alta,009
1225,0900900110416,0.968357,3231,3336.5793813645173,65.19174041297936,107.0,137.0,275.0,164.0,175.0,386.0,1576.0,411.0,12.720519962859795,26.555246053853296,303,312.90113047151,93.77901578458682,145.607456754069,117.72517780116218,46,Retail trade,82,25.37913958526772,27.062706270627064,Milpa Alta,009
1226,0900900110420,0.923713,7426,8039.293590108616,64.65404699738903,273.0,287.0,738.0,384.0,336.0,884.0,3656.0,868.0,11.688661459736062,27.174791273902503,488,528.3026221347973,65.71505521141934,276.0597718122404,191.61795925790804,46,Retail trade,135,18.179369781847562,27.66393442622951,Milpa Alta,009
1227,0900900110435,0.890569,5442,6110.700013137668,67.9890560875513,208.0,275.0,573.0,279.0,280.0,669.0,2584.0,574.0,10.547592796765896,29.6765894891584,314,352.58357297413227,57.699375229694965,188.64344031737014,126.88517116585015,46,Retail trade,96,17.640573318632857,30.573248407643312,Milpa Alta,009
1228,090090011051A,0.180807,971,5370.367297726305,63.98963730569948,37.0,60.0,102.0,48.0,45.0,136.0,474.0,69.0,7.106076210092688,30.07209062821833,26,143.7997422666158,26.776519052523174,88.49214908714818,27.653796589733805,46,Retail trade,11,11.328527291452112,42.30769230769231,Milpa Alta,009
1229,0900900110543,0.042736,275,6434.855859228754,70.3056768558952,3.0,11.0,32.0,17.0,27.0,33.0,141.0,11.0,4.0,32.72727272727273,8,187.19580681392736,29.09090909090909,163.79633096218646,23.39947585174092,46,Retail trade,4,14.545454545454545,50.0,Milpa Alta,009
1230,090090015012A,1.338312,4933,3685.986526310756,58.95741556534508,159.0,195.0,493.0,267.0,263.0,572.0,2370.0,614.0,12.446786945063856,27.914048246503143,233,174.09991093257776,47.232921143320496,103.11496870684863,53.051904189755454,46,Retail trade,86,17.433610379079667,36.90987124463519,Milpa Alta,009
1231,0900900170365,1.43995,4952,3439.008298899267,69.5351137487636,198.0,228.0,482.0,266.0,290.0,626.0,2352.0,510.0,10.29886914378029,29.563812600969307,273,189.58991631653876,55.12924071082391,86.11410118406889,74.30813569915622,46,Retail trade,111,22.41518578352181,40.65934065934066,Milpa Alta,009
1232,090090017037A,1.048553,3368,3212.045552299216,73.7789203084833,119.0,170.0,349.0,195.0,173.0,426.0,1614.0,322.0,9.560570071258907,29.86935866983373,160,152.59123763891762,47.50593824228029,77.24931405470205,61.03649505556705,46,Retail trade,55,16.33016627078385,34.375,Milpa Alta,009
1233,0900900170384,1.168038,3799,3252.4626767279833,74.07766990291262,140.0,190.0,379.0,187.0,191.0,476.0,1833.0,403.0,10.608054751250329,28.61279284022111,197,168.65889637152216,51.8557515135562,83.90137992085874,55.648874437304265,46,Retail trade,43,11.318768096867597,21.82741116751269,Milpa Alta,009
1234,0900900170399,0.604392,1635,2705.1979509986895,70.14814814814815,50.0,79.0,156.0,62.0,87.0,249.0,767.0,185.0,11.314984709480122,26.54434250764526,53,87.69143205072204,32.415902140672785,39.709327721081685,38.054772399369945,46,Retail trade,37,22.629969418960243,69.81132075471699,Milpa Alta,009
1235,0900900170558,0.034397,165,4796.929964822513,69.92481203007519,8.0,12.0,12.0,13.0,8.0,26.0,76.0,10.0,6.0606060606060606,32.121212121212125,2,58.14460563421228,12.121212121212121,29.07230281710614,0.0,22,Utilities,0,0.0,0.0,Milpa Alta,009
1236,0900900240191,1.036993,5998,5784.031329044651,65.59868556171699,235.0,282.0,612.0,318.0,326.0,726.0,2838.0,661.0,11.020340113371123,29.559853284428144,276,266.15415918911697,46.01533844614872,158.1495728515043,90.64670639049636,46,Retail trade,83,13.837945981993999,30.07246376811594,Milpa Alta,009
1237,0900900240204,0.761093,4866,6393.436807328408,61.53055983564458,226.0,255.0,491.0,280.0,270.0,547.0,2253.0,544.0,11.17961364570489,31.278257295519936,189,248.32707698007997,38.840937114673245,143.21508672396146,78.83399269208888,46,Retail trade,50,10.275380189066995,26.455026455026456,Milpa Alta,009
1238,0900900240219,0.858352,4502,5244.9344790948235,63.11610076670318,160.0,216.0,474.0,248.0,248.0,551.0,2092.0,513.0,11.394935584184807,29.89782318969347,336,391.447797640129,74.6334962239005,236.4997110742446,117.66734393349115,46,Retail trade,49,10.884051532652155,14.583333333333334,Milpa Alta,009
1239,0900900240577,0.323737,1152,3558.4440456296315,66.34408602150538,53.0,48.0,121.0,69.0,67.0,166.0,540.0,88.0,7.638888888888889,31.07638888888889,14,43.24497972119344,12.152777777777779,30.889271229423883,3.0889271229423882,46,Retail trade,12,10.416666666666666,85.71428571428571,Milpa Alta,009
1240,0900900240581,0.07607,382,5021.690548179308,65.82278481012658,15.0,19.0,32.0,21.0,22.0,50.0,201.0,22.0,5.7591623036649215,28.534031413612567,7,92.02050742736952,18.32460732984293,92.02050742736952,0.0,46,Retail trade,5,13.089005235602095,71.42857142857143,Milpa Alta,009
1241,0900900240596,0.176438,681,3859.7127602897335,59.19117647058823,26.0,28.0,83.0,49.0,39.0,86.0,304.0,66.0,9.691629955947137,33.03964757709251,10,56.67713304390211,14.684287812041116,22.670853217560843,17.00313991317063,46,Retail trade,4,5.873715124816447,40.0,Milpa Alta,009
1242,0900900240651,0.028151,134,4760.044048168804,58.8235294117647,7.0,9.0,16.0,8.0,8.0,15.0,62.0,9.0,6.7164179104477615,35.82089552238806,1,35.52271677737913,7.462686567164179,35.52271677737913,0.0,46,Retail trade,0,0.0,0.0,Milpa Alta,009
1243,090090029044A,0.483165,1588,3286.6619063880867,71.6728624535316,53.0,63.0,127.0,65.0,61.0,184.0,757.0,278.0,17.506297229219143,23.2367758186398,247,511.2125257417238,155.54156171284635,250.4320470232736,200.75957488642595,46,Retail trade,53,33.37531486146096,21.45748987854251,Milpa Alta,009
1244,0900900290454,0.514444,1395,2711.665409646142,68.70095902353967,54.0,60.0,134.0,67.0,71.0,175.0,642.0,192.0,13.763440860215054,27.670250896057347,144,279.9138487376663,103.2258064516129,159.39538608672663,95.24846241767811,46,Retail trade,41,29.39068100358423,28.47222222222222,Milpa Alta,009
1245,0900900290469,0.699873,3035,4336.50105090495,75.96153846153847,111.0,137.0,291.0,130.0,162.0,371.0,1490.0,343.0,11.30148270181219,27.38056013179572,110,157.171372520443,36.24382207578254,81.443347578775,38.57842780047237,46,Retail trade,41,13.509060955518946,37.27272727272727,Milpa Alta,009
1246,0900900290473,0.590483,3057,5177.117715497313,74.1421568627451,143.0,133.0,333.0,148.0,164.0,352.0,1456.0,328.0,10.729473339875694,30.12757605495584,81,137.1758374076815,26.49656526005888,71.1282119891682,30.483519423929224,46,Retail trade,30,9.813542688910697,37.03703703703704,Milpa Alta,009
1247,0900900290609,0.024464,159,6499.345977763244,65.83333333333333,13.0,11.0,15.0,7.0,6.0,23.0,70.0,14.0,8.80503144654088,32.704402515723274,2,81.75277959450621,12.578616352201259,81.75277959450621,0.0,46,Retail trade,3,18.867924528301888,150.0,Milpa Alta,009
1248,0900900330346,1.123359,5875,5229.850831301481,63.76535366370182,236.0,293.0,624.0,310.0,302.0,760.0,2776.0,574.0,9.770212765957448,30.04255319148936,206,183.37859936137957,35.06382978723404,108.60285981596266,59.6425541612254,46,Retail trade,83,14.127659574468085,40.29126213592233,Milpa Alta,009
1249,0900900330350,1.591397,9142,5744.63820152985,64.81581070180155,340.0,409.0,948.0,448.0,530.0,1187.0,4412.0,868.0,9.494640122511486,29.26055567709473,390,245.0676983807309,42.6602493983811,148.92575516982876,71.63517337282903,46,Retail trade,109,11.922992780573178,27.94871794871795,Milpa Alta,009
1250,0900900330488,0.51995,1830,3519.5691893451294,69.01779828609097,70.0,75.0,168.0,100.0,92.0,273.0,856.0,196.0,10.710382513661202,27.595628415300546,19,36.541975189922105,10.382513661202186,26.92566592941629,5.769785556303491,46,Retail trade,20,10.92896174863388,105.26315789473684,Milpa Alta,009
1251,0900900360223,1.105027,3527,3191.7772144934015,65.45020463847203,143.0,128.0,324.0,177.0,175.0,397.0,1706.0,477.0,13.524241565069465,26.85001417635384,119,107.6896763608491,33.739722143464704,38.008121068534976,56.10722633926592,46,Retail trade,73,20.69747660901616,61.34453781512605,Milpa Alta,009
1252,0900900360238,0.852224,3357,3939.105211775308,67.73847802786709,107.0,133.0,318.0,188.0,155.0,410.0,1593.0,453.0,13.494191242180518,26.8394399761692,134,157.23565635325923,39.91659219541257,90.35183238209673,52.803018924601986,46,Retail trade,48,14.298480786416443,35.82089552238806,Milpa Alta,009
1253,0900900360242,1.201515,4831,4020.7571274599154,65.31289910600256,204.0,204.0,508.0,259.0,264.0,567.0,2325.0,500.0,10.3498240529911,29.786793624508384,151,125.6746690636405,31.25646864003312,79.06684477513805,28.29760760373362,46,Retail trade,59,12.212792382529496,39.0728476821192,Milpa Alta,009
1254,0900901520613,0.914382,2338,2556.918224549477,81.19658119658119,91.0,113.0,262.0,91.0,116.0,296.0,1120.0,249.0,10.650128314798973,28.78528656971771,64,69.99262890126883,27.37382378100941,34.996314450634415,27.34087066455814,46,Retail trade,38,16.253207869974336,59.375,Milpa Alta,009
1255,0900901520628,0.467816,1950,4168.305487627615,72.72727272727273,85.0,98.0,205.0,93.0,78.0,202.0,943.0,246.0,12.615384615384615,28.666666666666668,89,190.24573764043984,45.64102564102564,119.70518323443405,44.88944371291277,46,Retail trade,26,13.333333333333334,29.213483146067414,Milpa Alta,009
1256,0900903000632,0.294213,2109,7168.276044906242,61.935483870967744,87.0,95.0,222.0,140.0,119.0,237.0,997.0,212.0,10.052157420578473,31.43669985775249,135,458.85124042785327,64.01137980085349,220.92837502081824,166.54600578492452,46,Retail trade,29,13.75059269796112,21.48148148148148,Milpa Alta,009
1257,0900903000647,0.267745,1969,7354.012213113223,60.90273363000636,78.0,107.0,211.0,115.0,104.0,234.0,926.0,194.0,9.852717115286948,31.23412899949213,93,347.3454219499897,47.23209751142712,197.949541541392,119.51670432687818,46,Retail trade,12,6.094464195022854,12.903225806451612,Milpa Alta,009
1258,0901000010012,0.130413,1720,13188.869207824373,59.768637532133674,35.0,40.0,89.0,58.0,46.0,145.0,868.0,439.0,25.523255813953487,15.581395348837209,70,536.7563049695966,40.69767441860465,176.36278591858175,245.37431084324416,46,Retail trade,37,21.511627906976745,52.857142857142854,Álvaro Obregón,010
1259,0901000010027,0.240027,2510,10457.156903181725,61.41207815275311,54.0,72.0,132.0,84.0,89.0,233.0,1212.0,634.0,25.258964143426294,17.171314741035857,40,166.64791877580438,15.936254980079681,62.492969540926644,87.4901573572973,46,Retail trade,48,19.12350597609562,120.0,Álvaro Obregón,010
1260,0901000010031,0.316431,3440,10871.248392224528,63.97205588822355,69.0,103.0,262.0,109.0,114.0,361.0,1789.0,633.0,18.401162790697676,19.098837209302324,531,1678.0909582183795,154.36046511627907,195.93529079009326,1437.9122146692328,62,Health care and social assistance,98,28.488372093023255,18.455743879472692,Álvaro Obregón,010
1261,0901000010046,0.288017,5330,18505.852085119976,66.33165829145729,144.0,189.0,420.0,228.0,274.0,597.0,2620.0,858.0,16.097560975609756,23.545966228893057,81,281.2333994173955,15.196998123827392,142.35270834707674,97.21648374922313,46,Retail trade,101,18.94934333958724,124.69135802469135,Álvaro Obregón,010
1262,0901000010050,0.158423,4144,26157.817993599416,68.46218252860731,121.0,122.0,308.0,152.0,189.0,468.0,2157.0,627.0,15.13030888030888,21.525096525096526,71,448.167248442461,17.133204633204635,201.99087253744722,176.7420134702663,46,Retail trade,64,15.444015444015443,90.14084507042253,Álvaro Obregón,010
1263,0901000010065,0.209421,5548,26492.090096026663,68.16134316134315,135.0,165.0,364.0,188.0,235.0,622.0,2846.0,993.0,17.898341744772893,19.592645998558037,154,735.3608281881951,27.7577505407354,334.254921903725,319.92971096499394,46,Retail trade,117,21.088680605623647,75.97402597402598,Álvaro Obregón,010
1264,0901000010084,0.097584,2608,26725.692736514182,63.22552060256978,57.0,71.0,146.0,89.0,96.0,268.0,1410.0,471.0,18.059815950920246,17.599693251533743,162,1660.1082144613872,62.11656441717791,871.0444335136908,604.6073126742089,46,Retail trade,41,15.720858895705522,25.308641975308642,Álvaro Obregón,010
1265,0901000010099,0.195282,3822,19571.69631609672,63.67235079171742,92.0,130.0,267.0,130.0,170.0,434.0,1949.0,650.0,17.006802721088434,20.643642072213503,95,486.4759680871765,24.856096284667714,179.22798824264396,235.55678454747493,46,Retail trade,74,19.361590790162218,77.89473684210526,Álvaro Obregón,010
1266,0901000010101,0.043866,1491,33989.878265627136,74.52615617892343,35.0,40.0,97.0,45.0,51.0,133.0,763.0,327.0,21.93158953722334,17.974513749161638,36,820.6811653672548,24.14486921529175,250.7636894177723,524.324077873524,46,Retail trade,22,14.755197853789403,61.111111111111114,Álvaro Obregón,010
1267,0901000010116,0.317431,4232,13332.031213082528,65.06599269868015,140.0,166.0,363.0,188.0,174.0,444.0,2117.0,640.0,15.122873345935728,24.362003780718336,251,790.723023271199,59.31001890359168,362.2834568772426,333.93083851293665,46,Retail trade,66,15.59546313799622,26.294820717131476,Álvaro Obregón,010
1268,0901000010135,0.792484,21198,26748.805023192897,73.67739149211833,662.0,683.0,1323.0,626.0,718.0,1906.0,13489.0,1791.0,8.448910274554203,18.92631380318898,385,485.81422464049746,18.162090763279554,147.63705008555377,227.13392320854427,46,Retail trade,302,14.24662704028682,78.44155844155844,Álvaro Obregón,010
1269,090100001014A,0.168188,4198,24960.163626418056,65.90721932473237,121.0,143.0,291.0,160.0,174.0,450.0,2120.0,739.0,17.603620771796095,21.17675083373035,189,1123.7424786548386,45.021438780371604,386.47228101885986,636.1928318310462,46,Retail trade,99,23.58265840876608,52.38095238095238,Álvaro Obregón,010
1270,0901000010169,0.094973,2493,26249.565666031398,57.162726008344926,72.0,77.0,187.0,107.0,109.0,283.0,1240.0,418.0,16.76694745286803,22.14199759326113,53,558.0533414759984,21.25952667468913,242.17409158392385,294.820633232603,46,Retail trade,64,25.67188126754914,120.75471698113208,Álvaro Obregón,010
1271,0901000010173,0.151364,4303,28428.15993234851,62.854825628548255,128.0,149.0,327.0,176.0,158.0,443.0,2166.0,756.0,17.569137810829655,21.798745061584942,239,1578.9751856451996,55.542644666511734,640.8393012869639,739.9381623107212,46,Retail trade,107,24.866372298396467,44.76987447698745,Álvaro Obregón,010
1272,0901000010188,0.037121,675,18183.77737668705,54.72636815920398,14.0,17.0,41.0,28.0,18.0,56.0,338.0,163.0,24.14814814814815,17.48148148148148,28,754.2900245144258,41.48148148148148,350.2060828102691,323.26715336332535,46,Retail trade,7,10.37037037037037,25.0,Álvaro Obregón,010
1273,0901000010192,0.034302,654,19065.94367675354,64.44444444444444,14.0,15.0,40.0,21.0,20.0,45.0,355.0,144.0,22.01834862385321,16.819571865443425,7,204.06973354323364,10.703363914373089,29.152819077604804,174.91691446562882,72,Accommodation and food services,18,27.522935779816514,257.14285714285717,Álvaro Obregón,010
1274,0901000010205,0.025614,532,20769.891465604745,56.63900414937759,9.0,12.0,29.0,11.0,17.0,54.0,264.0,136.0,25.56390977443609,14.661654135338345,0,0.0,0.0,0.0,0.0,,,1,1.8796992481203008,,Álvaro Obregón,010
1275,090100001021A,0.024577,678,27586.768116531715,58.208955223880594,18.0,15.0,42.0,15.0,24.0,71.0,335.0,158.0,23.303834808259587,16.8141592920354,0,0.0,0.0,0.0,0.0,,,3,4.424778761061947,,Álvaro Obregón,010
1276,0901000010224,0.020239,499,24655.36834823855,59.307359307359306,5.0,9.0,23.0,18.0,10.0,47.0,252.0,135.0,27.054108216432866,13.026052104208416,0,0.0,0.0,0.0,0.0,,,13,26.052104208416832,,Álvaro Obregón,010
1277,0901000010239,0.072697,975,13411.832675351116,62.52821670428894,23.0,24.0,42.0,29.0,31.0,91.0,507.0,228.0,23.384615384615383,15.282051282051283,36,495.20612955142576,36.92307692307692,151.31298402960232,302.62596805920464,46,Retail trade,12,12.307692307692308,33.333333333333336,Álvaro Obregón,010
1278,0901000010243,0.268717,7522,27992.27440020542,61.55167030908523,205.0,251.0,564.0,289.0,309.0,786.0,3861.0,1257.0,16.71098112204201,21.510236639191703,400,1488.554873714726,53.177346450412124,733.1132753045025,599.1433366701772,46,Retail trade,169,22.467428875299124,42.25,Álvaro Obregón,010
1279,0901000010258,0.031453,734,23336.406702063396,55.357142857142854,9.0,11.0,42.0,27.0,19.0,63.0,355.0,208.0,28.337874659400544,14.713896457765667,5,158.9673481066989,6.8119891008174385,127.17387848535911,31.793469621339778,46,Retail trade,0,0.0,0.0,Álvaro Obregón,010
1280,0901000010262,0.036877,451,12229.845160940424,58.513189448441246,9.0,7.0,18.0,12.0,10.0,34.0,230.0,131.0,29.046563192904657,12.416851441241684,6,162.70303983512758,13.303769401330378,0.0,162.70303983512758,61,Educational services,3,6.651884700665189,50.0,Álvaro Obregón,010
1281,0901000010277,0.027181,456,16776.42470843604,55.687203791469194,5.0,6.0,23.0,15.0,18.0,55.0,206.0,128.0,28.07017543859649,14.692982456140351,3,110.37121518707922,6.578947368421052,36.79040506235974,73.58081012471948,46,Retail trade,2,4.385964912280702,66.66666666666667,Álvaro Obregón,010
1282,0901000010281,0.191502,237,1237.5849860575868,62.254901960784316,3.0,12.0,18.0,10.0,12.0,16.0,121.0,45.0,18.9873417721519,23.206751054852322,4,20.887510313208217,16.877637130801688,10.443755156604109,10.443755156604109,46,Retail trade,18,75.9493670886076,450.0,Álvaro Obregón,010
1283,0901000010296,0.177145,2489,14050.636484236078,61.7060732498841,60.0,73.0,171.0,104.0,100.0,257.0,1246.0,478.0,19.20449979911611,20.40980313378867,283,1597.561319822744,113.70028123744476,711.2817183663101,779.0228344011967,46,Retail trade,67,26.91844114102049,23.674911660777386,Álvaro Obregón,010
1284,0901000010309,0.236227,3842,16264.017237656999,64.12945759664369,82.0,112.0,311.0,159.0,157.0,392.0,1995.0,634.0,16.501821967725142,21.369078604893286,130,550.3181262091124,33.8365434669443,177.79508692909786,313.25801030364863,46,Retail trade,49,12.753774076002083,37.69230769230769,Álvaro Obregón,010
1285,0901000010313,0.170481,5423,31809.996421888656,66.73172847538495,172.0,193.0,447.0,221.0,257.0,650.0,2731.0,752.0,13.866863359763968,23.787571454914254,128,750.8168065649545,23.603171676193988,439.931722596653,258.0932772567031,46,Retail trade,55,10.141987829614605,42.96875,Álvaro Obregón,010
1286,0901000010328,0.250065,6914,27648.811309059645,62.87675820495647,179.0,243.0,519.0,332.0,286.0,759.0,3485.0,1111.0,16.06884582007521,22.548452415389065,179,715.8138883890189,25.889499566097772,387.8991462219823,279.92721892308,46,Retail trade,101,14.608041654613826,56.42458100558659,Álvaro Obregón,010
1287,0901000010332,0.129189,4719,36527.877760490446,63.837180441796974,170.0,155.0,365.0,196.0,197.0,551.0,2395.0,690.0,14.621741894469167,22.94977749523204,120,928.8716531593248,25.429116338207248,425.73284103135717,410.25164681203506,46,Retail trade,60,12.714558169103624,50.0,Álvaro Obregón,010
1288,0901000010347,0.088647,3737,42155.966924994646,66.04977664326739,129.0,157.0,317.0,179.0,168.0,428.0,1870.0,489.0,13.085362590313085,25.421461065025422,122,1376.2451069974168,32.646507894032645,778.3681342854242,473.7892991302582,46,Retail trade,50,13.37971635001338,40.98360655737705,Álvaro Obregón,010
1289,0901000010351,0.113626,4430,38987.55566507665,66.48677819751754,180.0,173.0,371.0,176.0,205.0,508.0,2217.0,600.0,13.544018058690744,24.943566591422123,114,1003.2915001848169,25.733634311512414,519.2473553588087,387.2353158608065,46,Retail trade,48,10.835214446952596,42.10526315789474,Álvaro Obregón,010
1290,0901000010370,0.071165,3343,46975.33900091337,64.34720229555236,115.0,145.0,295.0,176.0,159.0,397.0,1652.0,404.0,12.084953634460065,26.62279389769668,44,618.2814585821682,13.161830690996112,407.5036886109745,196.7259186397808,46,Retail trade,35,10.469638049655998,79.54545454545455,Álvaro Obregón,010
1291,0901000010385,0.066566,3058,45939.368446354,62.95275590551181,100.0,126.0,292.0,136.0,151.0,353.0,1558.0,342.0,11.18378024852845,26.324395029431,69,1036.5652134723432,22.563767168083714,630.9527386353394,375.56710633055917,46,Retail trade,39,12.753433616742969,56.52173913043478,Álvaro Obregón,010
1292,0901000010417,0.13411,1933,14413.541122958764,61.68384879725086,32.0,50.0,105.0,68.0,66.0,177.0,985.0,450.0,23.279875840662182,16.60631143300569,28,208.78383416598314,14.485256078634247,52.195958541495784,126.76161360077548,61,Educational services,32,16.554578375581997,114.28571428571429,Álvaro Obregón,010
1293,0901000010421,0.555973,5467,9833.211325010387,65.33390966068727,186.0,206.0,448.0,219.0,232.0,591.0,2702.0,883.0,16.151454179623194,23.614413755258827,204,366.92429308617506,37.31479787817816,140.29458265059634,163.6770130923624,46,Retail trade,168,30.729833546734955,82.3529411764706,Álvaro Obregón,010
1294,0901000010440,0.163798,4748,28986.922917251737,63.896560381621896,154.0,200.0,411.0,221.0,224.0,585.0,2335.0,618.0,13.016006739679865,25.48441449031171,159,970.7078230503425,33.48778433024432,445.67088731242137,463.98612925676747,46,Retail trade,57,12.005054759898904,35.84905660377358,Álvaro Obregón,010
1295,0901000010455,0.176425,3157,17894.289358084174,61.21343445287107,72.0,95.0,220.0,124.0,132.0,320.0,1626.0,568.0,17.99176433322775,20.36743744060817,179,1014.5954371545982,56.6993981628128,595.15374805158,345.7559869632988,46,Retail trade,39,12.353500158378207,21.787709497206706,Álvaro Obregón,010
1296,0901000010474,0.202669,9421,46484.66218316565,61.874294316898755,294.0,345.0,811.0,429.0,450.0,1052.0,4671.0,1369.0,14.531366097017301,24.721367158475747,185,912.8184379456158,19.636981212185542,621.7033685467437,226.9710710567477,46,Retail trade,153,16.240314191699394,82.70270270270271,Álvaro Obregón,010
1297,0901000010489,0.122251,3751,30682.77560101758,64.05413912496066,113.0,156.0,303.0,158.0,182.0,416.0,1888.0,535.0,14.262863236470274,24.313516395627833,50,408.99460945104744,13.329778725673155,229.03698129258657,130.87827502433518,46,Retail trade,61,16.26233004532125,122.0,Álvaro Obregón,010
1298,0901000010493,0.164205,4638,28245.181328217775,62.412236710130394,135.0,161.0,354.0,181.0,234.0,494.0,2238.0,841.0,18.132815868909013,22.96248382923674,139,846.5028470509424,29.969814575247952,347.12706677628574,395.84665509576445,46,Retail trade,84,18.111254851228978,60.431654676258994,Álvaro Obregón,010
1299,0901000010506,0.063681,2719,42697.19382547385,64.98696785403996,71.0,108.0,238.0,129.0,102.0,310.0,1344.0,417.0,15.336520779698418,23.83229128356013,60,942.1962594808499,22.06693637366679,565.3177556885099,266.95560685290747,46,Retail trade,32,11.769032732622287,53.333333333333336,Álvaro Obregón,010
1300,0901000010510,0.173872,3573,20549.599705530505,65.00473335437046,70.0,97.0,237.0,127.0,104.0,312.0,1904.0,722.0,20.207108872096278,17.772180240694095,131,753.4278089629153,36.66386789812483,230.0542928131039,419.8490843839146,46,Retail trade,53,14.833473271760425,40.458015267175576,Álvaro Obregón,010
1301,0901000010525,0.150216,2348,15630.82494541194,65.13849092645654,39.0,73.0,142.0,57.0,64.0,207.0,1252.0,514.0,21.890971039182283,15.971039182282794,91,605.7943228417745,38.756388415672916,153.1128508281408,319.5398625978591,46,Retail trade,39,16.609880749574106,42.857142857142854,Álvaro Obregón,010
1302,090100001053A,0.195935,4574,23344.476484548446,63.46250629089079,109.0,150.0,340.0,179.0,170.0,488.0,2342.0,796.0,17.40271097507652,20.725841714035855,167,852.3234746216858,36.5107127240927,331.7426697629316,423.6098706203588,46,Retail trade,58,12.680367293397463,34.73053892215569,Álvaro Obregón,010
1303,0901000010544,0.171751,2482,14451.153122834801,64.38356164383562,59.0,68.0,165.0,86.0,106.0,217.0,1282.0,499.0,20.104754230459307,19.50040290088638,148,861.7125955598511,59.6293311845286,355.16532654831707,419.2115329750627,46,Retail trade,35,14.101531023368251,23.64864864864865,Álvaro Obregón,010
1304,0901000010559,0.160849,2371,14740.533046521892,64.62459695992631,44.0,46.0,110.0,69.0,69.0,222.0,1272.0,539.0,22.733024040489244,14.255588359342049,76,472.49283489483923,32.05398566005905,105.68918675279299,348.15261518567104,81,Other services (except government),40,16.87051876845213,52.63157894736842,Álvaro Obregón,010
1305,0901000010563,0.308615,9225,29891.612526934852,64.50371890228264,285.0,362.0,780.0,363.0,399.0,1024.0,4586.0,1426.0,15.4579945799458,23.7289972899729,148,479.56191371125834,16.043360433604335,259.2226560601397,178.21557604134603,46,Retail trade,115,12.466124661246612,77.70270270270271,Álvaro Obregón,010
1306,0901000010578,0.309395,6964,22508.443898576254,62.7040395713108,166.0,211.0,522.0,276.0,308.0,664.0,3511.0,1306.0,18.753589890867318,21.295232624928204,393,1270.2209150115548,56.4330844342332,727.2257147012718,449.26388597100794,46,Retail trade,73,10.48248133256749,18.575063613231553,Álvaro Obregón,010
1307,0901000010597,0.1368,3848,28128.654970760235,64.31116389548694,96.0,118.0,266.0,157.0,175.0,415.0,1922.0,699.0,18.165280665280665,21.1018711018711,189,1381.578947368421,49.11642411642411,511.69590643274853,694.4444444444445,46,Retail trade,91,23.64864864864865,48.148148148148145,Álvaro Obregón,010
1308,090100001060A,0.127679,2671,20919.650059915883,66.97713801862828,59.0,73.0,177.0,84.0,89.0,293.0,1361.0,535.0,20.029951329090228,18.0456757768626,139,1088.6676744022118,52.04043429427181,407.2713602080217,532.585624887413,46,Retail trade,60,22.463496817671285,43.16546762589928,Álvaro Obregón,010
1309,0901000010614,0.118675,2078,17510.006319780914,58.9171974522293,30.0,44.0,120.0,74.0,71.0,179.0,1029.0,531.0,25.553416746871992,16.313763233878728,187,1575.7320412892352,89.99037536092396,758.3737097113967,674.1099641879082,46,Retail trade,39,18.768046198267566,20.855614973262032,Álvaro Obregón,010
1310,0901000010629,0.144042,2510,17425.473125893837,63.09575863576738,36.0,51.0,136.0,65.0,79.0,231.0,1306.0,606.0,24.143426294820717,14.621513944223107,176,1221.8658446841894,70.11952191235059,374.8906568917399,673.414698490718,46,Retail trade,31,12.350597609561753,17.613636363636363,Álvaro Obregón,010
1311,0901000010633,0.079229,1888,23829.65833217635,62.715902322811196,45.0,44.0,120.0,61.0,79.0,167.0,967.0,405.0,21.451271186440678,18.485169491525422,21,265.0544623811988,11.122881355932204,50.486564263085484,189.32461598657056,81,Other services (except government),16,8.474576271186441,76.19047619047619,Álvaro Obregón,010
1312,0901000010648,0.065097,1560,23964.237983317205,61.688764829030006,31.0,28.0,68.0,41.0,44.0,124.0,746.0,478.0,30.641025641025642,13.58974358974359,21,322.5955113138854,13.461538461538462,0.0,245.78705623915081,54,"Professional, scientific and technical services",15,9.615384615384615,71.42857142857143,Álvaro Obregón,010
1313,0901000010667,0.353329,5010,14179.419181556,67.12810886907555,158.0,184.0,406.0,198.0,214.0,563.0,2566.0,721.0,14.39121756487026,23.15369261477046,158,447.17529554607745,31.53692614770459,203.77608404631377,183.96452031958881,46,Retail trade,97,19.36127744510978,61.392405063291136,Álvaro Obregón,010
1314,0901000010671,0.273504,4314,15773.078273078272,65.2907580477674,82.0,122.0,258.0,137.0,131.0,375.0,2334.0,875.0,20.282800185442746,16.921650440426518,16,58.5000585000585,3.7088548910523875,32.906282906282904,21.937521937521936,46,Retail trade,34,7.881316643486324,212.5,Álvaro Obregón,010
1315,0901000010686,0.233034,2695,11564.836032510277,60.514676316847606,56.0,52.0,100.0,72.0,70.0,201.0,1386.0,758.0,28.126159554730982,12.987012987012987,46,197.3960881244797,17.068645640074212,47.20341237759297,137.319017825725,46,Retail trade,49,18.181818181818183,106.52173913043478,Álvaro Obregón,010
1316,0901000010690,0.356315,3546,9951.868431023111,67.50235036038859,65.0,93.0,197.0,102.0,118.0,347.0,1889.0,735.0,20.727580372250422,16.215454032712916,264,740.9174466413145,74.45008460236886,232.93995481526179,409.74980003648454,46,Retail trade,170,47.94134235758601,64.39393939393939,Álvaro Obregón,010
1317,0901000010703,0.065408,1913,29247.186888454013,61.2700228832952,25.0,39.0,101.0,69.0,65.0,194.0,986.0,434.0,22.686879247255618,15.6299006795609,7,107.02054794520548,3.6591740721380033,15.288649706457926,76.44324853228963,61,Educational services,19,9.932043910088865,271.42857142857144,Álvaro Obregón,010
1318,0901000010718,0.023582,969,41090.66236960393,61.31221719457014,12.0,23.0,50.0,36.0,26.0,111.0,478.0,233.0,24.045407636738908,15.170278637770897,1,42.40522432363667,1.0319917440660475,0.0,42.40522432363667,61,Educational services,3,3.095975232198142,300.0,Álvaro Obregón,010
1319,0901000010722,0.12879,2280,17703.237829023994,64.32432432432432,55.0,62.0,116.0,73.0,75.0,200.0,1194.0,505.0,22.149122807017545,16.710526315789473,11,85.41035794704558,4.824561403508772,31.058311980743845,38.82288997592981,46,Retail trade,38,16.666666666666668,345.45454545454544,Álvaro Obregón,010
1320,0901000010737,0.022479,621,27625.784065127453,66.14035087719299,11.0,15.0,25.0,11.0,20.0,48.0,346.0,145.0,23.349436392914654,13.20450885668277,1,44.48596467814404,1.6103059581320451,0.0,0.0,23,Construction,15,24.154589371980677,1500.0,Álvaro Obregón,010
1321,0901000010741,0.13348,3250,24348.21696134252,58.92541534110993,86.0,100.0,235.0,122.0,137.0,342.0,1625.0,603.0,18.553846153846155,20.923076923076923,50,374.5879532514234,15.384615384615385,172.31045849565479,172.31045849565479,46,Retail trade,45,13.846153846153847,90.0,Álvaro Obregón,010
1322,0901000010756,0.042462,1488,35043.097357637416,67.51497005988024,26.0,32.0,94.0,42.0,55.0,142.0,767.0,330.0,22.177419354838708,16.733870967741936,76,1789.8356177287928,51.075268817204304,777.1654655927653,847.816871555744,46,Retail trade,27,18.14516129032258,35.526315789473685,Álvaro Obregón,010
1323,0901000010760,0.048279,841,17419.58201288345,63.63636363636363,15.0,21.0,46.0,28.0,30.0,65.0,454.0,182.0,21.64090368608799,16.646848989298455,5,103.56469686613227,5.945303210463734,0.0,41.42587874645291,93,Government and international organizations,11,13.079667063020214,220.0,Álvaro Obregón,010
1324,0901000010775,0.034976,1396,39913.08325709058,58.6802827965436,18.0,33.0,72.0,48.0,48.0,121.0,695.0,361.0,25.859598853868196,15.687679083094556,3,85.77310155535224,2.1489971346704873,57.18206770356816,28.59103385178408,46,Retail trade,6,4.2979942693409745,200.0,Álvaro Obregón,010
1325,090100001078A,0.032376,1113,34377.31653076353,63.241106719367586,26.0,17.0,58.0,29.0,40.0,107.0,572.0,264.0,23.71967654986523,15.274034141958671,3,92.66123054114159,2.6954177897574123,61.77415369409439,30.887076847047197,46,Retail trade,1,0.8984725965858041,33.333333333333336,Álvaro Obregón,010
1326,0901000010794,0.022299,757,33947.71065967084,63.884892086330936,13.0,12.0,37.0,20.0,20.0,69.0,399.0,187.0,24.702774108322323,13.474240422721268,0,0.0,0.0,0.0,0.0,,,10,13.21003963011889,,Álvaro Obregón,010
1327,0901000010807,0.049968,1866,37343.90009606148,65.6769596199525,25.0,46.0,111.0,65.0,68.0,146.0,993.0,412.0,22.079314040728832,16.881028938906752,1,20.012808197246237,0.5359056806002144,20.012808197246237,0.0,46,Retail trade,24,12.861736334405144,2400.0,Álvaro Obregón,010
1328,0901000010811,0.166814,1230,7373.481842051627,67.95774647887323,16.0,21.0,57.0,19.0,31.0,99.0,671.0,316.0,25.691056910569106,11.707317073170731,52,311.72443559893054,42.27642276422764,71.93640821513782,215.80922464541345,46,Retail trade,52,42.27642276422764,100.0,Álvaro Obregón,010
1329,0901000010826,0.034237,779,22753.161784034815,65.28571428571429,13.0,22.0,44.0,21.0,20.0,66.0,380.0,213.0,27.342747111681643,15.404364569961489,70,2044.5716622367613,89.85879332477535,788.6204982913223,1168.3266641352923,46,Retail trade,6,7.702182284980744,8.571428571428571,Álvaro Obregón,010
1330,0901000010830,0.059299,774,13052.496669421069,61.41843971631206,9.0,18.0,42.0,17.0,16.0,81.0,390.0,201.0,25.968992248062015,13.178294573643411,49,826.3208485809204,63.30749354005168,202.36428944838866,522.7744144083374,46,Retail trade,26,33.59173126614987,53.06122448979592,Álvaro Obregón,010
1331,0901000010845,0.124864,1543,12357.444900051256,66.37868970482361,38.0,34.0,82.0,48.0,52.0,124.0,836.0,329.0,21.322099805573558,16.46143875567077,90,720.7842132239876,58.32793259883344,192.20912352639672,408.444387493593,46,Retail trade,48,31.108230719377836,53.333333333333336,Álvaro Obregón,010
1332,0901000010864,0.228172,5942,26041.757972056166,61.8703592213526,185.0,250.0,524.0,257.0,276.0,687.0,2943.0,820.0,13.800067317401549,25.109390777515987,198,867.7664218221341,33.32211376640862,464.56182178356676,293.63813263678276,46,Retail trade,75,12.622012790306295,37.878787878787875,Álvaro Obregón,010
1333,0901000010898,0.125858,2279,18107.70868756853,58.88661899897855,69.0,90.0,162.0,102.0,100.0,251.0,1105.0,400.0,17.551557700745942,22.948661693725317,128,1017.0191803461043,56.16498464238701,437.00042905496673,389.3276549762431,46,Retail trade,60,26.32733655111891,46.875,Álvaro Obregón,010
1334,0901000010900,0.116584,2362,20260.069992451794,63.74695863746959,54.0,72.0,181.0,105.0,82.0,254.0,1188.0,426.0,18.035563082133784,20.914479254868755,34,291.6352158100597,14.394580863674852,102.93007616825636,120.08508886296576,46,Retail trade,35,14.817950889077053,102.94117647058823,Álvaro Obregón,010
1335,0901000010915,0.323006,2776,8594.267598744296,60.111022997620935,46.0,65.0,143.0,80.0,79.0,279.0,1405.0,679.0,24.459654178674352,14.877521613832853,15,46.438765843358944,5.403458213256484,3.0959177228905963,43.342848120468354,81,Other services (except government),65,23.414985590778098,433.3333333333333,Álvaro Obregón,010
1336,090100001092A,0.517901,2553,4929.51355567956,62.77904328018223,58.0,101.0,199.0,95.0,123.0,249.0,1286.0,442.0,17.312965139052096,22.561692126909517,61,117.7831284357435,23.89345867606737,40.548290117223175,50.20264490703822,46,Retail trade,32,12.534273403838622,52.459016393442624,Álvaro Obregón,010
1337,0901000010949,0.12725,1094,8597.249508840865,62.33367451381781,22.0,27.0,68.0,29.0,31.0,88.0,549.0,280.0,25.59414990859232,16.179159049360145,28,220.0392927308448,25.59414990859232,55.0098231827112,133.59528487229863,81,Other services (except government),7,6.39853747714808,25.0,Álvaro Obregón,010
1338,0901000010953,0.265338,1943,7322.735529777115,65.19748139668002,48.0,70.0,78.0,41.0,56.0,136.0,1031.0,483.0,24.858466289243438,15.079773546062789,55,207.2827864836548,28.306742151312402,52.76289110493032,113.06333808199354,81,Other services (except government),30,15.440041173443129,54.54545454545455,Álvaro Obregón,010
1339,0901000010968,0.472604,4987,10552.174759418032,65.6433408577878,129.0,155.0,273.0,164.0,194.0,471.0,2437.0,1164.0,23.340685783035894,18.347704030479246,148,313.1585852002945,29.677160617605775,84.63745545953907,201.0139567164053,46,Retail trade,71,14.237016242229798,47.972972972972975,Álvaro Obregón,010
1340,0901000010972,0.363389,3219,8858.275842141617,65.70625439212931,82.0,88.0,203.0,88.0,114.0,250.0,1671.0,723.0,22.460391425908668,17.86269027648338,91,250.4203484420277,28.26964895930413,16.511231765408418,192.63103726309822,52,Finance and insurance,89,27.64833799316558,97.8021978021978,Álvaro Obregón,010
1341,0901000010987,0.456412,1969,4314.084642822713,68.04700615556798,51.0,38.0,93.0,48.0,56.0,156.0,1032.0,495.0,25.139664804469273,14.525139664804469,447,979.3782810267916,227.01879126460133,300.1673926189495,571.8517479820864,46,Retail trade,257,130.52310817673947,57.49440715883669,Álvaro Obregón,010
1342,0901000010991,0.518819,2679,5163.650521665552,65.17820565342073,46.0,62.0,130.0,84.0,86.0,267.0,1268.0,736.0,27.472937663307203,15.22956326987682,194,373.92616692912173,72.41508025382605,50.113816186377136,262.13380774412656,52,Finance and insurance,151,56.364315042926464,77.83505154639175,Álvaro Obregón,010
1343,0901000011006,0.470765,2910,6181.428101069536,67.54185692541857,46.0,63.0,173.0,105.0,105.0,301.0,1427.0,690.0,23.711340206185568,16.90721649484536,103,218.79281594850934,35.39518900343643,55.229254511274206,138.0731362781855,46,Retail trade,120,41.23711340206186,116.50485436893204,Álvaro Obregón,010
1344,0901000011010,0.265787,2582,9714.545858149571,65.41125541125541,46.0,75.0,151.0,69.0,74.0,237.0,1287.0,643.0,24.90317583268784,16.072811773818746,29,109.10992636961176,11.23160340821069,30.099290032996347,56.43616881186815,46,Retail trade,29,11.23160340821069,100.0,Álvaro Obregón,010
1345,0901000011025,1.050324,681,648.3713596947227,73.61344537815125,25.0,21.0,40.0,27.0,17.0,80.0,348.0,123.0,18.061674008810574,19.08957415565345,41,39.03557378485115,60.205580029368576,12.377133151294267,21.89800480613601,46,Retail trade,54,79.29515418502203,131.70731707317074,Álvaro Obregón,010
1346,090100001103A,0.378535,1813,4789.517481870897,64.1439205955335,36.0,49.0,116.0,64.0,53.0,176.0,870.0,449.0,24.765581908439053,17.539988968560397,78,206.05756402974626,43.02261445118588,50.19350918673306,116.23760022190815,46,Retail trade,30,16.54715940430226,38.46153846153846,Álvaro Obregón,010
1347,0901000011044,0.688752,2563,3721.2233140520825,67.73218142548596,59.0,46.0,138.0,83.0,66.0,208.0,1250.0,713.0,27.8189621537261,15.294576667967226,101,146.6420424187516,39.40694498634413,31.94183102190629,87.11408460519897,46,Retail trade,102,39.79711275848615,100.99009900990099,Álvaro Obregón,010
1348,0901000011059,0.471367,3145,6672.083535758761,66.75997200839748,68.0,73.0,145.0,77.0,65.0,232.0,1600.0,885.0,28.139904610492845,13.608903020667727,519,1101.0528950902376,165.02384737678855,226.99934445983703,731.9137741929325,46,Retail trade,202,64.22893481717011,38.921001926782274,Álvaro Obregón,010
1349,0901000011063,0.428651,3028,7064.021779956188,62.918044836457184,57.0,75.0,175.0,87.0,95.0,319.0,1421.0,799.0,26.387054161162485,16.149273447820345,73,170.30171398177072,24.108322324966974,51.323804213684326,95.64890785277534,46,Retail trade,56,18.494055482166445,76.71232876712328,Álvaro Obregón,010
1350,0901000011078,0.403346,5883,14585.492356438393,64.45700916357964,145.0,163.0,445.0,239.0,259.0,662.0,3004.0,966.0,16.420193778684343,21.264660887302398,213,528.0825891418286,36.206017338092806,252.88462015242496,225.61274935167324,46,Retail trade,65,11.048784633690294,30.516431924882628,Álvaro Obregón,010
1351,090100001110A,0.629905,3881,6161.246537176241,66.17647058823529,64.0,85.0,196.0,131.0,124.0,438.0,1823.0,1020.0,26.28188611182685,15.45993300695697,135,214.31803208420317,34.78484926565318,36.513442503234614,158.7540978401505,52,Finance and insurance,116,29.88920381345014,85.92592592592592,Álvaro Obregón,010
1352,0901000011114,0.303326,864,2848.4205112651075,68.78980891719745,12.0,12.0,55.0,27.0,36.0,75.0,405.0,242.0,28.00925925925926,16.435185185185187,69,227.47802694131067,79.86111111111111,75.8260089804369,131.8713199659772,46,Retail trade,41,47.4537037037037,59.42028985507246,Álvaro Obregón,010
1353,0901000011129,0.506281,1218,2405.7786091123307,65.0132860938884,19.0,25.0,45.0,25.0,37.0,138.0,573.0,356.0,29.22824302134647,12.397372742200329,344,679.4645661203956,282.43021346469624,215.2954584509393,422.69016613303677,46,Retail trade,147,120.6896551724138,42.73255813953488,Álvaro Obregón,010
1354,0901000011133,0.588449,2203,3743.7398992945864,67.70370370370371,24.0,46.0,108.0,73.0,53.0,196.0,1128.0,575.0,26.100771674988653,13.799364502950523,174,295.69257488754334,78.98320472083522,66.27592195755282,197.12838325836225,46,Retail trade,147,66.72719019518838,84.48275862068965,Álvaro Obregón,010
1355,0901000011148,1.441739,5277,3660.163177939974,62.468671679197996,91.0,144.0,254.0,149.0,163.0,541.0,2610.0,1325.0,25.108963426189124,15.179079022171688,62,43.00362270840977,11.749099867348873,8.323281814530924,31.90591362236854,52,Finance and insurance,42,7.959067652075043,67.74193548387096,Álvaro Obregón,010
1356,0901000011152,0.510687,2719,5324.200537707049,57.82258064516129,38.0,51.0,150.0,89.0,100.0,273.0,1278.0,740.0,27.21588819418904,15.74108127988231,9,17.623319175933595,3.3100404560500185,5.874439725311198,7.832586300414931,61,Educational services,28,10.2979036410445,311.1111111111111,Álvaro Obregón,010
1357,0901000011171,1.302896,13918,10682.356841988923,66.77051734032959,358.0,436.0,923.0,504.0,596.0,1518.0,7289.0,2294.0,16.482253197298462,20.23997700819083,225,172.69221795139444,16.166115821238684,65.23928233719346,82.89226461666932,46,Retail trade,169,12.1425492168415,75.11111111111111,Álvaro Obregón,010
1358,0901000011186,0.471357,3320,7043.4935728121145,64.80502313284865,66.0,80.0,148.0,117.0,91.0,340.0,1661.0,817.0,24.60843373493976,15.120481927710843,98,207.9103524504781,29.518072289156628,65.76756046902878,108.19824464259574,46,Retail trade,83,25.0,84.6938775510204,Álvaro Obregón,010
1359,0901000011190,0.454328,3425,7538.60646933493,56.26785147572199,52.0,71.0,151.0,89.0,124.0,591.0,1575.0,772.0,22.54014598540146,14.218978102189782,331,728.5485376203976,96.64233576642336,297.14215280590236,369.77690126956736,46,Retail trade,154,44.96350364963504,46.52567975830816,Álvaro Obregón,010
1360,0901000011203,0.312302,396,1268.003406958649,68.0327868852459,3.0,10.0,17.0,5.0,9.0,37.0,225.0,90.0,22.727272727272727,11.11111111111111,700,2241.420163815794,1767.6767676767677,1111.1039954915434,999.0329873007538,46,Retail trade,194,489.8989898989899,27.714285714285715,Álvaro Obregón,010
1361,0901000011218,0.285988,2825,9878.036840706603,67.82884310618067,93.0,81.0,127.0,81.0,87.0,336.0,1557.0,463.0,16.38938053097345,16.601769911504423,34,118.8861071093892,12.035398230088495,20.979901254598094,59.4430535546946,31-33,Manufacturing,36,12.743362831858407,105.88235294117646,Álvaro Obregón,010
1362,0901000011222,0.276896,4628,16713.85646596556,58.70192307692308,100.0,112.0,256.0,122.0,159.0,468.0,2335.0,1076.0,23.249783923941227,16.18409680207433,269,971.4838784236681,58.12445980985307,314.1973881890674,483.93620709580495,46,Retail trade,135,29.17026793431288,50.185873605947954,Álvaro Obregón,010
1363,0901000011237,0.452187,4443,9825.581009626549,60.158376639445684,98.0,79.0,225.0,128.0,128.0,402.0,2249.0,1134.0,25.52329507089804,14.809813189286517,213,471.0440592055941,47.940580688723834,128.26551846912892,283.06873041462933,46,Retail trade,141,31.735313977042537,66.19718309859155,Álvaro Obregón,010
1364,0901000011241,0.542142,5752,10609.766444953537,66.95951107715814,108.0,142.0,266.0,171.0,164.0,588.0,3063.0,1250.0,21.731571627260085,14.794853963838666,235,433.4657709603757,40.85535465924896,116.20571732129221,284.0584201187143,46,Retail trade,242,42.07232267037552,102.97872340425532,Álvaro Obregón,010
1365,0901000011260,1.385621,3638,2625.537574849111,60.78255675029869,50.0,78.0,158.0,111.0,125.0,468.0,1787.0,861.0,23.666849917537107,14.34854315557999,294,212.1792322720282,80.81363386476086,71.44810882629521,127.74055820458841,46,Retail trade,187,51.401869158878505,63.605442176870746,Álvaro Obregón,010
1366,0901000011275,1.13526,3017,2657.541003822913,63.90158172231986,32.0,45.0,95.0,63.0,110.0,397.0,1431.0,844.0,27.974809413324493,11.43520053032814,40,35.234219473953104,13.25820351342393,1.7617109736976553,24.66395363176717,52,Finance and insurance,53,17.56711965528671,132.5,Álvaro Obregón,010
1367,090100001128A,1.083865,2309,2130.3391104980788,65.12625059552168,34.0,62.0,111.0,64.0,60.0,244.0,1093.0,641.0,27.76093546990039,14.335210047639672,386,356.1329132318139,167.1719359029883,155.000853427318,175.29858423327627,46,Retail trade,119,51.537462104807275,30.82901554404145,Álvaro Obregón,010
1368,0901000011294,1.230796,3322,2699.066295308077,62.85076530612245,30.0,29.0,127.0,92.0,131.0,503.0,1616.0,794.0,23.901264298615292,12.311860325105359,35,28.43688149782742,10.53582179409994,0.8124823285093549,25.999434512299356,61,Educational services,70,21.07164358819988,200.0,Álvaro Obregón,010
1369,0901000011307,1.064274,2914,2738.0167137410103,65.52511415525115,55.0,71.0,160.0,79.0,77.0,351.0,1430.0,691.0,23.713109128345916,15.1681537405628,163,153.15604816053008,55.93685655456417,46.04077521390168,96.7795887149362,46,Retail trade,130,44.612216884008234,79.75460122699387,Álvaro Obregón,010
1370,0901000011330,1.617501,8619,5328.590214163701,62.99810246679317,235.0,315.0,689.0,359.0,368.0,1024.0,4450.0,1179.0,13.67908109989558,22.81007077387168,193,119.31986440812092,22.392388908226014,63.0602392208722,45.74958531710336,46,Retail trade,112,12.994546931198515,58.031088082901555,Álvaro Obregón,010
1371,0901000011345,0.571551,7215,12623.545405396893,62.55305256284688,221.0,266.0,602.0,315.0,341.0,819.0,3561.0,1090.0,15.107415107415108,24.185724185724187,415,726.0944342674582,57.51905751905752,428.6581599892223,251.94602056509393,46,Retail trade,100,13.86001386001386,24.096385542168676,Álvaro Obregón,010
1372,090100001135A,0.673211,6908,10261.270240682343,64.08120770432066,255.0,288.0,602.0,309.0,327.0,794.0,3407.0,926.0,13.404748118123914,25.781702374059062,452,671.4091124476575,65.43138390272148,365.41292403124726,231.7252688978641,46,Retail trade,85,12.304574406485235,18.805309734513273,Álvaro Obregón,010
1373,0901000011364,0.249076,6072,24378.101463007275,62.70788495402074,176.0,246.0,539.0,273.0,300.0,718.0,2953.0,867.0,14.278656126482213,25.2635046113307,194,778.8787358075447,31.949934123847168,413.52840096998506,289.06839679455265,46,Retail trade,119,19.598155467720684,61.34020618556701,Álvaro Obregón,010
1374,0901000011379,1.397442,2298,1644.4331857780144,68.11520970186963,67.0,91.0,159.0,76.0,79.0,278.0,1222.0,326.0,14.186248912097476,20.539599651871193,291,208.23762274212453,126.63185378590079,44.366778728562615,145.2654206757776,52,Finance and insurance,226,98.34638816362055,77.66323024054982,Álvaro Obregón,010
1375,0901000011434,0.186334,5554,29806.69121040712,61.364587693595645,145.0,204.0,427.0,245.0,241.0,639.0,2727.0,926.0,16.672668347137197,22.7223622614332,82,440.06998186053,14.764133957508102,246.86852640956562,150.26779868408343,46,Retail trade,58,10.442924018725243,70.73170731707317,Álvaro Obregón,010
1376,0901000011453,0.102041,4876,47784.71398751482,62.93229420360448,162.0,200.0,408.0,233.0,248.0,590.0,2466.0,569.0,11.669401148482363,25.656275635767024,85,832.9985006026989,17.432321575061525,440.9992062014288,303.7994531609843,46,Retail trade,58,11.894995898277276,68.23529411764706,Álvaro Obregón,010
1377,0901000011468,0.07401,2600,35130.3877854344,63.37013922227556,102.0,128.0,287.0,131.0,115.0,301.0,1243.0,293.0,11.26923076923077,29.346153846153847,29,391.8389406836914,11.153846153846153,229.69868936630186,135.11687609782462,46,Retail trade,15,5.769230769230769,51.724137931034484,Álvaro Obregón,010
1378,0901000011472,0.520407,3788,7278.918231307419,65.1207729468599,156.0,181.0,343.0,200.0,154.0,455.0,1901.0,398.0,10.506863780359028,27.29672650475185,147,282.4712196415498,38.80675818373812,94.15707321384993,163.33369843218864,46,Retail trade,86,22.70327349524815,58.50340136054422,Álvaro Obregón,010
1379,0901000011487,0.146162,4629,31670.338391647623,67.10353866317169,187.0,200.0,427.0,233.0,225.0,581.0,2240.0,536.0,11.579174767768416,27.478937135450423,182,1245.1936891941818,39.317347159213654,732.0644216691069,424.18686115406194,46,Retail trade,36,7.777057679844459,19.78021978021978,Álvaro Obregón,010
1380,0901000011519,0.217631,4650,21366.44136175453,63.188559322033896,160.0,188.0,399.0,248.0,211.0,565.0,2308.0,571.0,12.279569892473118,25.93548387096774,114,523.8224333849497,24.516129032258064,257.31628306629113,192.98721229971832,46,Retail trade,79,16.989247311827956,69.29824561403508,Álvaro Obregón,010
1381,0901000011523,0.122197,3528,28871.41255513638,65.34584636774417,129.0,157.0,327.0,177.0,159.0,389.0,1752.0,438.0,12.414965986394558,26.899092970521544,51,417.35885496370616,14.45578231292517,180.03715312159872,188.2206600816714,46,Retail trade,48,13.605442176870747,94.11764705882354,Álvaro Obregón,010
1382,0901000011542,0.978555,2898,2961.509572788448,71.2716518800169,103.0,133.0,295.0,103.0,78.0,333.0,1580.0,273.0,9.420289855072463,24.568668046928916,565,577.3819560474373,194.96204278812974,96.06000684683028,388.32768725314367,52,Finance and insurance,266,91.78743961352657,47.07964601769911,Álvaro Obregón,010
1383,0901000011557,0.272667,6638,24344.713515020154,64.12296564195299,225.0,293.0,588.0,309.0,345.0,783.0,3283.0,812.0,12.232600180777343,26.514010244049413,83,304.40060586723,12.503766194636938,161.36899588142313,117.3592697319441,46,Retail trade,76,11.449231696294065,91.56626506024097,Álvaro Obregón,010
1384,0901000011561,0.098915,3060,30935.651822271648,66.55909640984268,113.0,154.0,314.0,140.0,163.0,355.0,1466.0,355.0,11.601307189542483,28.88888888888889,55,556.0329575898498,17.973856209150327,343.7294646919072,171.8647323459536,46,Retail trade,33,10.784313725490197,60.0,Álvaro Obregón,010
1385,0901000011580,0.379833,6453,16989.045185647377,61.78861788617886,184.0,232.0,501.0,293.0,285.0,704.0,3175.0,1079.0,16.720905005423834,23.167518983418564,110,289.6009562097027,17.046335037966838,131.6367982771376,113.20764651833832,46,Retail trade,59,9.143034247636757,53.63636363636363,Álvaro Obregón,010
1386,0901000011595,0.44044,6197,14070.020888202705,62.39952950401882,203.0,270.0,623.0,358.0,312.0,663.0,3054.0,714.0,11.521704050346942,28.497660158141034,134,304.2412133321224,21.623366144908825,165.7433475615294,113.52284079556807,46,Retail trade,56,9.036630627723092,41.791044776119406,Álvaro Obregón,010
1387,0901000011627,0.323554,5748,17765.19529970268,70.68149063207741,176.0,222.0,492.0,243.0,246.0,665.0,2953.0,751.0,13.065414057063327,23.99095337508699,218,673.7669755280417,37.92623521224774,330.702139364681,262.70730697194284,46,Retail trade,76,13.221990257480863,34.862385321100916,Álvaro Obregón,010
1388,0901000011631,0.264997,4992,18837.949108857836,69.8737794713027,134.0,174.0,485.0,211.0,230.0,527.0,2520.0,711.0,14.242788461538462,24.71955128205128,215,811.3299395842217,43.068910256410255,384.9100178492587,339.6264863375812,46,Retail trade,83,16.626602564102566,38.604651162790695,Álvaro Obregón,010
1389,0901000011646,0.142216,4731,33266.29915058784,60.23821591485048,165.0,185.0,435.0,210.0,204.0,545.0,2268.0,719.0,15.197632635806384,25.343479179877406,137,963.3233953985487,28.957937011202706,562.5246104517073,295.3254204871463,46,Retail trade,60,12.682308180088777,43.7956204379562,Álvaro Obregón,010
1390,0901000011650,0.147783,4628,31316.186570850503,63.19371727748691,167.0,192.0,439.0,184.0,201.0,544.0,2304.0,597.0,12.899740708729473,25.56179775280899,83,561.6342881116232,17.934312878133102,345.10058667099736,175.93363242050845,46,Retail trade,31,6.698357821953327,37.34939759036145,Álvaro Obregón,010
1391,0901000011665,0.221524,1940,8757.516115635326,73.91819798458802,47.0,48.0,158.0,68.0,76.0,183.0,982.0,378.0,19.484536082474225,20.463917525773194,39,176.05315902565863,20.103092783505154,117.36877268377242,54.17020277712573,46,Retail trade,51,26.288659793814432,130.76923076923077,Álvaro Obregón,010
1392,090100001167A,0.629019,8067,12824.731844348104,61.877562975981256,249.0,307.0,681.0,379.0,417.0,871.0,4001.0,1162.0,14.404363456055535,25.20143795710921,316,502.3695627636049,39.171935044006446,282.98032332886606,173.28570361149664,46,Retail trade,106,13.139952894508491,33.54430379746835,Álvaro Obregón,010
1393,0901000011684,0.641774,5661,8820.862172665144,64.77923139820115,150.0,183.0,436.0,273.0,261.0,710.0,2791.0,857.0,15.13866807984455,23.017134781840664,226,352.148887303007,39.92227521639286,151.14354897518442,149.58536805791448,46,Retail trade,64,11.305423070128953,28.31858407079646,Álvaro Obregón,010
1394,0901000011699,1.751519,9388,5359.9190188630555,65.55053925257086,278.0,344.0,786.0,414.0,449.0,1144.0,4671.0,1302.0,13.868768640818066,24.190455901150404,212,121.03779633563781,22.58201959948871,53.09676914723734,52.52583614565415,46,Retail trade,169,18.001704303365997,79.71698113207547,Álvaro Obregón,010
1395,0901000011716,0.266729,7042,26401.32868941885,69.82700135685211,231.0,248.0,667.0,384.0,319.0,843.0,3424.0,926.0,13.149673388241977,26.256745242828742,150,562.3685463522902,21.300766827605795,333.6720041690255,191.20530575977864,46,Retail trade,82,11.644419199091168,54.666666666666664,Álvaro Obregón,010
1396,0901000011720,1.434795,4093,2852.6723329813667,71.64179104477611,158.0,221.0,364.0,198.0,208.0,521.0,2035.0,388.0,9.479599315905205,28.072318592719277,83,57.84798525224858,20.278524309797216,33.45425653142087,18.818019298924238,46,Retail trade,49,11.971658929880283,59.036144578313255,Álvaro Obregón,010
1397,0901000011735,0.753656,9161,12155.413079707452,65.58900523560209,301.0,390.0,745.0,428.0,485.0,1078.0,4724.0,1010.0,11.024997271040279,25.641305534330314,187,248.12381245555002,20.412618709747843,169.8387593278631,58.38207351895294,46,Retail trade,106,11.570789215151184,56.68449197860963,Álvaro Obregón,010
1398,090100001174A,0.421015,9998,23747.372421410164,68.0930568948891,358.0,451.0,893.0,492.0,512.0,1217.0,5031.0,1044.0,10.442088417683538,27.065413082616523,193,458.41597092740164,19.30386077215443,318.2784461361234,90.25806681472156,46,Retail trade,82,8.201640328065613,42.487046632124354,Álvaro Obregón,010
1399,0901000011754,0.506915,3230,6371.876941893612,70.65823726292302,118.0,130.0,293.0,160.0,160.0,408.0,1614.0,347.0,10.743034055727554,26.656346749226007,46,90.74499669569849,14.241486068111454,55.23608494520778,25.64532515313218,46,Retail trade,11,3.405572755417957,23.91304347826087,Álvaro Obregón,010
1400,0901000011769,2.252652,9985,4432.55327498433,64.1065642625705,339.0,420.0,893.0,486.0,492.0,1109.0,5078.0,1168.0,11.697546319479219,26.339509263895845,190,84.3450297693563,19.028542814221332,39.95290883811614,34.625854326367325,46,Retail trade,80,8.012018027040561,42.10526315789474,Álvaro Obregón,010
1401,0901000011773,0.32283,4680,14496.79397825481,62.945427361076504,137.0,164.0,366.0,183.0,194.0,511.0,2311.0,814.0,17.39316239316239,22.307692307692307,264,817.7678654400148,56.41025641025641,284.97971068364154,418.1767493727349,46,Retail trade,140,29.914529914529915,53.03030303030303,Álvaro Obregón,010
1402,0901000011788,0.233488,4219,18069.451106694993,66.86241610738254,110.0,177.0,356.0,205.0,205.0,505.0,2109.0,552.0,13.083669115904243,24.958520976534725,165,706.6744329473036,39.10879355297464,312.64990063729186,291.235523881313,46,Retail trade,84,19.909931263332542,50.90909090909091,Álvaro Obregón,010
1403,0901000011792,0.109993,3160,28729.100942787267,61.13390525923163,102.0,109.0,268.0,130.0,131.0,377.0,1555.0,488.0,15.443037974683545,23.417721518987342,78,709.1360359295592,24.68354430379747,290.9276044839217,372.7509932450247,46,Retail trade,48,15.189873417721518,61.53846153846154,Álvaro Obregón,010
1404,0901000011805,0.215045,3603,16754.632751284615,65.71242680546518,101.0,142.0,286.0,150.0,157.0,387.0,1834.0,546.0,15.154038301415486,23.202886483485983,99,460.3687600269711,27.477102414654453,223.20909577065265,158.10644283754564,46,Retail trade,56,15.542603386067166,56.56565656565657,Álvaro Obregón,010
1405,090100001181A,0.30985,5355,17282.556075520413,63.84180790960452,137.0,178.0,438.0,224.0,237.0,622.0,2693.0,826.0,15.42483660130719,22.670401493930907,132,426.0125867355172,24.649859943977592,200.0968210424399,158.1410359851541,46,Retail trade,43,8.029878618113912,32.57575757575758,Álvaro Obregón,010
1406,0901000011824,0.194259,4908,25265.23867620033,66.47700331910858,144.0,175.0,370.0,193.0,231.0,605.0,2482.0,708.0,14.425427872860636,22.677261613691932,110,566.2543305586871,22.41238793806031,257.3883320721305,247.09279878924528,46,Retail trade,39,7.946210268948655,35.45454545454545,Álvaro Obregón,010
1407,0901000011839,0.275602,4896,17764.747715909172,65.51143200962696,181.0,173.0,386.0,191.0,225.0,541.0,2491.0,708.0,14.46078431372549,23.61111111111111,100,362.84206936089,20.424836601307188,156.0220898251827,163.2789312124005,46,Retail trade,63,12.867647058823529,63.0,Álvaro Obregón,010
1408,0901000011843,0.854636,8392,9819.385094941004,64.51123672962912,232.0,286.0,621.0,361.0,390.0,982.0,4191.0,1329.0,15.836510962821736,22.52144899904671,192,224.6570469767246,22.8789323164919,91.26692533429437,109.98834591568809,46,Retail trade,125,14.895138226882745,65.10416666666667,Álvaro Obregón,010
1409,0901000011858,1.523975,12053,7908.922390459161,64.08377946839485,290.0,380.0,736.0,418.0,464.0,1316.0,6145.0,2304.0,19.11557288641832,18.982825852484858,210,137.7975360488197,17.423048203766697,51.18194196099017,70.21112551058908,46,Retail trade,132,10.951630299510496,62.857142857142854,Álvaro Obregón,010
1410,0901000011881,0.491976,4044,8219.913166495926,65.31067149623851,94.0,141.0,220.0,118.0,164.0,413.0,2150.0,744.0,18.397626112759642,18.224530168150345,15,30.489292160593198,3.7091988130563798,12.19571686423728,16.26095581898304,46,Retail trade,25,6.181998021760633,166.66666666666666,Álvaro Obregón,010
1411,0901000011913,0.130608,3983,30495.8348646331,62.31332357247438,74.0,158.0,336.0,157.0,177.0,398.0,2007.0,676.0,16.972131559126286,22.64624654782827,38,290.94695577606274,9.540547326136078,137.81697905181917,122.50398137939483,46,Retail trade,31,7.7830780818478535,81.57894736842105,Álvaro Obregón,010
1412,0901000011928,0.072103,2144,29735.23986519285,62.07805907172996,38.0,65.0,145.0,92.0,105.0,204.0,1060.0,435.0,20.28917910447761,20.755597014925375,23,318.988114225483,10.727611940298507,97.08333911210352,208.03572666879325,46,Retail trade,10,4.664179104477612,43.47826086956522,Álvaro Obregón,010
1413,0901000011932,0.089542,2659,29695.56185923924,65.6264555193293,103.0,147.0,262.0,110.0,137.0,326.0,1286.0,288.0,10.831139526137646,28.544565626175253,28,312.7024189765697,10.530274539300489,223.35887069754975,55.83971767438744,46,Retail trade,26,9.778112072207596,92.85714285714286,Álvaro Obregón,010
1414,0901000011947,0.214253,4280,19976.383061147335,63.518618456556936,129.0,156.0,289.0,179.0,181.0,435.0,2154.0,757.0,17.686915887850468,21.822429906542055,125,583.4224024867797,29.205607476635514,242.70371943450033,256.70585709418305,46,Retail trade,50,11.682242990654206,40.0,Álvaro Obregón,010
1415,0901000011951,0.163107,6009,36840.84680608435,65.72986577181209,229.0,300.0,645.0,318.0,340.0,714.0,2941.0,522.0,8.686969545681478,30.487601930437677,105,643.7491953135059,17.47378931602596,410.77329605718944,177.79739680087306,46,Retail trade,66,10.983524712930604,62.857142857142854,Álvaro Obregón,010
1416,0901000011966,0.174021,3156,18135.742238005758,60.763636363636365,95.0,92.0,219.0,113.0,111.0,326.0,1593.0,607.0,19.23320659062104,19.96197718631179,95,545.9111256687411,30.101394169835235,287.3216450888111,201.1251515621678,46,Retail trade,53,16.79340937896071,55.78947368421053,Álvaro Obregón,010
1417,0901000011970,0.173376,4427,25534.09929863418,60.064935064935064,153.0,172.0,406.0,207.0,228.0,467.0,2172.0,622.0,14.0501468262932,26.338378134176644,79,455.6570690291621,17.84504178902191,196.10557401255076,196.10557401255076,46,Retail trade,39,8.809577592048791,49.36708860759494,Álvaro Obregón,010
1418,0901000011985,0.092107,4355,47281.96554007839,65.83380123526109,157.0,193.0,442.0,252.0,246.0,498.0,2063.0,504.0,11.572904707233066,29.621125143513204,91,987.9813694941753,20.895522388059703,683.987101957506,227.995700652502,46,Retail trade,39,8.955223880597014,42.857142857142854,Álvaro Obregón,010
1419,090100001199A,0.090275,3207,35524.78537801163,64.49659348978047,109.0,133.0,323.0,173.0,151.0,359.0,1559.0,400.0,12.472715933894605,27.72061116308076,69,764.3312101910828,21.515434985968195,509.5541401273885,155.08169482137913,46,Retail trade,36,11.225444340505145,52.17391304347826,Álvaro Obregón,010
1420,0901000012004,0.229871,0,0.0,,0.0,0.0,0.0,0.0,0.0,0.0,0.0,0.0,,,7,30.45186213136933,,8.700532037534096,21.75133009383524,46,Retail trade,3,,42.857142857142854,Álvaro Obregón,010
1421,0901000012019,0.243532,3273,13439.712234942432,60.21788129226146,126.0,149.0,336.0,149.0,162.0,405.0,1564.0,382.0,11.671249618087382,28.169874732661167,137,562.554407634315,41.85762297586312,336.71139727017396,184.78064484338813,46,Retail trade,59,18.02627558814543,43.065693430656935,Álvaro Obregón,010
1422,0901000012023,0.141517,4169,29459.35823964612,65.37444933920705,143.0,180.0,441.0,194.0,201.0,517.0,2012.0,481.0,11.537538978172224,27.8004317582154,46,325.0492873647689,11.033821060206284,226.12124338418707,56.53031084604677,46,Retail trade,33,7.915567282321899,71.73913043478261,Álvaro Obregón,010
1423,0901000012038,0.133253,4207,31571.52184190975,64.25247236765561,159.0,192.0,418.0,207.0,208.0,465.0,2069.0,489.0,11.623484668409793,28.143570240076063,74,555.3345890899267,17.58973140004754,300.1808589675279,202.62207980308136,46,Retail trade,36,8.557166627050155,48.648648648648646,Álvaro Obregón,010
1424,0901000012042,0.143733,3847,26764.904371299563,63.493559535029846,153.0,157.0,353.0,206.0,181.0,442.0,1901.0,454.0,11.80140369118794,27.293995321029374,116,807.0519644062255,30.153366259422928,459.1847383690593,257.42174726750295,46,Retail trade,36,9.357941252924357,31.03448275862069,Álvaro Obregón,010
1425,0901000012057,0.2347,3669,15632.722624627184,62.807803006076114,110.0,152.0,280.0,164.0,166.0,381.0,1815.0,601.0,16.380485145816298,23.766693922049605,112,477.20494247976137,30.526028890705913,195.994887089902,213.0379207498935,46,Retail trade,51,13.900245298446443,45.535714285714285,Álvaro Obregón,010
1426,0901000012061,2.535862,8541,3368.085487301754,62.24213970692844,218.0,368.0,926.0,518.0,423.0,835.0,4636.0,617.0,7.2239784568551695,28.72029036412598,100,39.434322530169226,11.708230886313078,7.492521280732153,24.44927996870492,46,Retail trade,99,11.591148577449948,99.0,Álvaro Obregón,010
1427,0901000012076,0.446923,3152,7052.669027998111,61.5099925980755,93.0,97.0,259.0,152.0,156.0,349.0,1542.0,504.0,15.98984771573604,24.016497461928935,79,176.76423007990192,25.063451776649746,62.65061319287663,91.73839788956934,46,Retail trade,83,26.33248730964467,105.0632911392405,Álvaro Obregón,010
1428,0901000012080,0.090811,2501,27540.71643303124,69.68158744808491,66.0,75.0,193.0,77.0,96.0,226.0,1397.0,371.0,14.83406637345062,20.271891243502598,35,385.4158637169506,13.994402239104359,143.15446366629592,176.19010912774885,46,Retail trade,15,5.997600959616154,42.857142857142854,Álvaro Obregón,010
1429,0901000012095,0.233478,5597,23972.28004351588,69.0909090909091,164.0,185.0,463.0,263.0,248.0,627.0,2895.0,752.0,13.435769162051098,23.63766303376809,118,505.4009371332631,21.08272288726103,231.28517462030683,201.30376309545224,46,Retail trade,70,12.506700017866715,59.32203389830509,Álvaro Obregón,010
1430,0901000012108,0.313763,3889,12394.70555801672,62.118925445215815,99.0,143.0,334.0,196.0,150.0,461.0,1925.0,581.0,14.939573155052713,23.70789406016971,105,334.64748870963115,26.999228593468757,156.16882806449453,114.73628184330211,46,Retail trade,94,24.17073797891489,89.52380952380952,Álvaro Obregón,010
1431,0901000012112,0.291816,9888,33884.365490583106,67.51422690398353,310.0,416.0,860.0,477.0,433.0,1150.0,5174.0,1068.0,10.800970873786408,25.24271844660194,203,695.6438303588562,20.529935275080906,342.6816898319489,267.29171806892015,46,Retail trade,176,17.79935275080906,86.69950738916256,Álvaro Obregón,010
1432,0901000012131,0.1397,1859,13307.086614173228,58.70616686819831,43.0,53.0,109.0,58.0,83.0,174.0,933.0,406.0,21.839698762775686,18.612157073695535,74,529.7065139584824,39.80634749865519,200.42949176807446,207.58768790264853,46,Retail trade,48,25.820333512641206,64.86486486486487,Álvaro Obregón,010
1433,0901000012146,0.062464,2832,45338.11475409836,69.08871938980329,78.0,89.0,174.0,95.0,89.0,258.0,1549.0,500.0,17.65536723163842,18.53813559322034,19,304.17520491803276,6.709039548022599,80.04610655737704,128.0737704918033,31-33,Manufacturing,14,4.943502824858757,73.6842105263158,Álvaro Obregón,010
1434,0901000012150,0.220594,4588,20798.38980207984,64.25406203840473,101.0,140.0,285.0,159.0,163.0,433.0,2425.0,882.0,19.22406277244987,18.48299912816042,183,829.5783203532282,39.88666085440279,398.9229081480004,321.85825543759125,46,Retail trade,65,14.167393199651265,35.51912568306011,Álvaro Obregón,010
1435,0901000012165,0.147459,3201,21707.728928041015,64.53382084095064,87.0,95.0,278.0,134.0,128.0,360.0,1626.0,493.0,15.401437050921587,22.555451421430803,131,888.3825334499759,40.92471102780381,345.8588489003723,406.8927634122027,46,Retail trade,62,19.36894720399875,47.32824427480916,Álvaro Obregón,010
1436,0901000012184,0.462188,1979,4281.80740304811,65.49539170506912,39.0,65.0,139.0,65.0,61.0,204.0,1045.0,361.0,18.241536129358263,18.64578069732188,62,134.14454724051686,31.328954017180394,54.09054324214389,67.07227362025843,46,Retail trade,39,19.706922688226378,62.903225806451616,Álvaro Obregón,010
1437,0901000012199,0.232963,4398,18878.53435953349,64.88126649076517,111.0,128.0,368.0,200.0,219.0,458.0,2254.0,660.0,15.006821282401091,23.328785811732605,208,892.8456450165907,47.29422464756708,446.4228225082953,382.0349154157527,46,Retail trade,88,20.009095043201455,42.30769230769231,Álvaro Obregón,010
1438,0901000012201,0.215816,3148,14586.499610779552,67.19337848006019,86.0,116.0,287.0,160.0,150.0,348.0,1597.0,404.0,12.833545108005083,25.381194409148666,63,291.91533528561365,20.012706480304956,148.2744560180895,106.57226526300181,46,Retail trade,18,5.717916137229987,28.571428571428573,Álvaro Obregón,010
1439,0901000012216,0.603096,4171,6915.980208789314,65.48913043478261,166.0,213.0,480.0,214.0,222.0,483.0,1979.0,414.0,9.925677295612562,31.047710381203547,54,89.53798400254686,12.946535602972908,48.08521363099739,28.18788385265364,46,Retail trade,50,11.987532965715655,92.5925925925926,Álvaro Obregón,010
1440,0901000012220,0.170325,3537,20766.182298546897,63.416320885200555,123.0,153.0,369.0,185.0,191.0,396.0,1710.0,410.0,11.591744416171897,28.866270851003677,63,369.88110964332895,17.8117048346056,252.45853515338322,82.19580214296198,46,Retail trade,37,10.460842521911225,58.73015873015873,Álvaro Obregón,010
1441,0901000012235,0.121078,2796,23092.55190868696,71.21848739495799,89.0,93.0,225.0,114.0,113.0,300.0,1459.0,403.0,14.413447782546495,22.67525035765379,59,487.28918548373775,21.101573676680975,305.5881332694627,107.36880358116255,46,Retail trade,53,18.955650929899857,89.83050847457628,Álvaro Obregón,010
1442,090100001224A,0.196731,3148,16001.545257229414,63.06945481702763,92.0,120.0,258.0,131.0,132.0,358.0,1633.0,424.0,13.468869123252858,23.284625158831005,85,432.0620542771602,27.001270648030495,193.15715367684808,188.07407068535207,46,Retail trade,44,13.97712833545108,51.76470588235294,Álvaro Obregón,010
1443,0901000012254,0.254278,4676,18389.321923249357,65.33135509396637,129.0,173.0,330.0,170.0,165.0,489.0,2575.0,645.0,13.793840889649273,20.680068434559452,44,173.03895736162784,9.409751924721984,66.85596079881076,102.25029298641644,46,Retail trade,40,8.554319931565441,90.9090909090909,Álvaro Obregón,010
1444,0901000012269,0.350148,1809,5166.386785016622,66.95026178010471,54.0,73.0,154.0,85.0,94.0,200.0,927.0,222.0,12.271973466003317,25.42841348811498,18,51.406833681757426,9.950248756218906,22.847481636336635,28.559352045420795,46,Retail trade,18,9.950248756218906,100.0,Álvaro Obregón,010
1445,0901000012273,0.902536,80,88.63912353634647,70.27027027027027,,3.0,,4.0,6.0,15.0,,5.0,6.25,,2,2.215978088408662,25.0,0.0,1.107989044204331,61,Educational services,8,100.0,400.0,Álvaro Obregón,010
1446,0901000012288,0.791536,5792,7317.418285460169,63.927658737959504,147.0,176.0,382.0,244.0,248.0,672.0,3095.0,828.0,14.295580110497237,20.6664364640884,144,181.92476400315337,24.861878453038674,97.2792140850195,69.48515291787108,46,Retail trade,67,11.567679558011049,46.52777777777778,Álvaro Obregón,010
1447,0901000012292,0.596012,6933,11632.316127863198,67.21804511278195,215.0,239.0,494.0,261.0,343.0,805.0,3763.0,813.0,11.726525313717005,22.385691619789412,129,216.43859519606988,18.60666378191259,88.9243840728039,104.02475117950645,46,Retail trade,94,13.558344151161114,72.86821705426357,Álvaro Obregón,010
1448,0901000012305,0.16727,4002,23925.390087881868,64.32098765432099,164.0,198.0,400.0,222.0,211.0,512.0,1864.0,431.0,10.769615192403798,29.86006996501749,66,394.5716506247384,16.49175412293853,239.13433371196268,95.65373348478508,46,Retail trade,44,10.994502748625687,66.66666666666667,Álvaro Obregón,010
1449,090100001231A,0.144228,2927,20294.256316387942,68.03874092009686,91.0,125.0,233.0,130.0,123.0,328.0,1535.0,362.0,12.367611889306458,23.983600956610864,64,443.74185317691433,21.865391185514177,263.4717253237929,131.73586266189645,46,Retail trade,31,10.59104885548343,48.4375,Álvaro Obregón,010
1450,0901000012324,0.233201,2742,11758.097092208009,63.945278022947925,107.0,110.0,259.0,119.0,120.0,311.0,1392.0,324.0,11.816192560175054,26.075857038657915,113,484.56052932877645,41.2107950401167,171.52585108983237,231.5598989712737,46,Retail trade,58,21.152443471918307,51.32743362831859,Álvaro Obregón,010
1451,0901000012339,0.732656,3534,4823.546111681335,66.15758417216244,101.0,157.0,395.0,199.0,139.0,426.0,1769.0,348.0,9.847198641765704,28.041878890775326,10,13.648970321678933,2.829654782116582,5.459588128671573,8.18938219300736,46,Retail trade,16,4.527447651386531,160.0,Álvaro Obregón,010
1452,0901000012343,0.532529,4863,9131.897042226808,63.56687898089172,175.0,216.0,441.0,237.0,265.0,576.0,2457.0,496.0,10.199465350606621,27.431626567962162,148,277.9191367981838,30.43388854616492,146.47089642066442,97.64726428044294,46,Retail trade,62,12.749331688258277,41.891891891891895,Álvaro Obregón,010
1453,0901000012358,0.741385,3083,4158.4332027219325,66.03186941313642,100.0,130.0,277.0,151.0,118.0,399.0,1602.0,306.0,9.925397340253001,25.170288679857283,61,82.27843832826399,19.78592280246513,4.04648057352118,68.79016974986006,52,Finance and insurance,21,6.811547194291275,34.42622950819672,Álvaro Obregón,010
1454,0901000012362,0.113938,2279,20002.10640874862,66.29889669007021,49.0,78.0,158.0,90.0,110.0,245.0,1200.0,349.0,15.313734093900834,21.281263712154455,65,570.4857027506188,28.521281263712154,166.75735926556547,351.06812476961153,46,Retail trade,24,10.530934620447566,36.92307692307692,Álvaro Obregón,010
1455,0901000012377,0.101166,2502,24731.629203487337,66.19909502262443,64.0,61.0,167.0,93.0,111.0,314.0,1361.0,331.0,13.229416466826539,19.82414068745004,4,39.53897554514363,1.5987210231814548,39.53897554514363,0.0,46,Retail trade,3,1.199040767386091,75.0,Álvaro Obregón,010
1456,0901000012381,0.076548,21,274.3376704812667,77.77777777777777,0.0,,,0.0,,0.0,,,,,1,13.06369859434603,47.61904761904762,0.0,0.0,22,Utilities,0,0.0,0.0,Álvaro Obregón,010
1457,090110001001A,0.36867,5957,16158.081753329536,66.91848906560637,218.0,227.0,482.0,266.0,284.0,721.0,3169.0,590.0,9.904314252140338,24.794359576968272,165,447.5547237366751,27.698505959375524,233.27094691729732,160.0347193967505,46,Retail trade,87,14.604666778579823,52.72727272727273,Tláhuac,011
1458,0901100010039,0.527047,6748,12803.412219403583,62.99130434782609,187.0,265.0,546.0,269.0,299.0,790.0,3484.0,908.0,13.455838767042087,23.206876111440426,289,548.3381937474267,42.827504445761704,233.37577104129232,250.45204697114298,46,Retail trade,156,23.117960877296976,53.97923875432526,Tláhuac,011
1459,0901100010043,0.793804,5601,7055.8979294636965,57.028719499028284,191.0,235.0,544.0,277.0,261.0,639.0,2795.0,659.0,11.765756114979467,26.92376361364042,186,234.314767877209,33.208355650776646,99.5207885069866,78.10492262573632,46,Retail trade,77,13.747545081235494,41.39784946236559,Tláhuac,011
1460,0901100010058,0.395344,4075,10307.479056214335,63.71331828442438,114.0,124.0,293.0,153.0,156.0,468.0,2127.0,640.0,15.705521472392638,20.613496932515336,358,905.5404913189526,87.85276073619632,313.65089643449755,394.59306325630337,46,Retail trade,111,27.23926380368098,31.00558659217877,Tláhuac,011
1461,0901100010077,0.223335,3150,14104.372355430183,60.351928116810186,79.0,129.0,271.0,126.0,120.0,351.0,1576.0,498.0,15.80952380952381,23.015873015873016,375,1679.0919470750218,119.04761904761905,738.8004567130096,752.2331922896097,46,Retail trade,78,24.761904761904763,20.8,Tláhuac,011
1462,0901100010096,0.287939,3480,12085.893192655389,68.7814702920443,89.0,125.0,285.0,160.0,165.0,414.0,1755.0,487.0,13.994252873563218,23.67816091954023,158,548.7273346090665,45.40229885057471,218.79634228083032,236.1611313507375,46,Retail trade,98,28.160919540229884,62.0253164556962,Tláhuac,011
1463,0901100010113,0.275635,2643,9588.767754457887,59.28764652840397,78.0,106.0,241.0,115.0,124.0,265.0,1330.0,384.0,14.52894438138479,25.12296632614453,330,1197.2354744499066,124.85811577752554,721.9692709561558,377.31057376603115,46,Retail trade,48,18.161180476730987,14.545454545454545,Tláhuac,011
1464,0901100010128,0.320576,3792,11828.708325014974,56.9811320754717,116.0,164.0,329.0,216.0,189.0,433.0,1879.0,466.0,12.289029535864978,26.740506329113924,240,748.652425633859,63.29113924050633,299.4609702535436,343.1323617488521,46,Retail trade,40,10.548523206751055,16.666666666666668,Tláhuac,011
1465,0901100010132,1.523838,5343,3506.278226425644,64.87640449438203,185.0,214.0,494.0,243.0,257.0,638.0,2623.0,689.0,12.895377128953772,26.07149541456111,310,203.43369833276242,58.01983904173685,96.46694727392281,74.15486423097468,46,Retail trade,145,27.138311809844655,46.774193548387096,Tláhuac,011
1466,0901100010147,0.320549,3155,9842.488979843954,58.1203007518797,82.0,102.0,304.0,136.0,146.0,369.0,1578.0,438.0,13.882725832012678,24.405705229793977,249,776.7923156834056,78.92234548335975,477.3061216849842,224.6146454988161,46,Retail trade,72,22.820919175911254,28.91566265060241,Tláhuac,011
1467,0901100010151,0.189811,1796,9462.043822539263,60.29313790806129,56.0,81.0,158.0,82.0,89.0,201.0,912.0,217.0,12.082405345211582,25.946547884187083,102,537.3766536185996,56.792873051224944,263.41992824441155,184.39394977108807,46,Retail trade,39,21.714922048997774,38.23529411764706,Tláhuac,011
1468,0901100010166,0.22362,2853,12758.25060370271,61.56701030927835,88.0,106.0,234.0,138.0,136.0,343.0,1471.0,337.0,11.812127584998247,24.605678233438486,100,447.1871925588051,35.050823694356815,228.06546820499062,178.87487702352206,46,Retail trade,44,15.422362425516999,44.0,Tláhuac,011
1469,0901100010170,0.408406,4060,9941.088034945618,59.815242494226325,116.0,138.0,340.0,190.0,195.0,468.0,2154.0,459.0,11.305418719211822,24.113300492610836,147,359.93594609285856,36.206896551724135,146.91263105830961,156.70680646219694,46,Retail trade,64,15.763546798029557,43.53741496598639,Tláhuac,011
1470,0901100010185,1.002592,4384,4372.666049599438,60.2328099621007,128.0,168.0,388.0,222.0,218.0,535.0,2234.0,491.0,11.199817518248175,25.638686131386862,197,196.4906961156682,44.93613138686131,77.79834668539146,87.77249369633908,46,Retail trade,98,22.354014598540147,49.746192893401016,Tláhuac,011
1471,0901100010202,0.243117,3995,16432.417313474583,62.81524926686217,113.0,133.0,339.0,175.0,183.0,400.0,2048.0,604.0,15.1188986232791,23.60450563204005,244,1003.6319961170959,61.07634543178974,436.0040638869351,411.3245885725803,46,Retail trade,93,23.27909887359199,38.114754098360656,Tláhuac,011
1472,0901100010217,0.326913,5895,18032.320525644438,64.75065091127578,183.0,219.0,500.0,278.0,283.0,702.0,2940.0,790.0,13.401187446988974,24.817642069550466,234,715.7867689568784,39.69465648854962,324.24528850183384,327.3042063178889,46,Retail trade,94,15.945716709075487,40.17094017094017,Tláhuac,011
1473,0901100010240,0.351642,3183,9051.819748494207,59.98509687034277,107.0,112.0,270.0,160.0,157.0,385.0,1589.0,403.0,12.661011624253849,25.322023248507698,114,324.1933557424881,35.81526861451461,150.72147240659535,122.28345874497359,46,Retail trade,59,18.53597235312598,51.75438596491228,Tláhuac,011
1474,0901100010255,0.221389,1754,7922.706186847585,58.213058419243985,60.0,60.0,179.0,86.0,92.0,187.0,882.0,208.0,11.85860889395667,27.19498289623717,178,804.014652941203,101.48232611174458,429.10894398547356,266.4992388962415,46,Retail trade,34,19.384264538198405,19.10112359550562,Tláhuac,011
1475,090110001026A,0.260366,2090,8027.161764592919,62.693409742120345,66.0,84.0,195.0,88.0,93.0,265.0,1024.0,275.0,13.157894736842104,25.167464114832537,74,284.21529692817035,35.4066985645933,99.85942865043823,142.10764846408517,46,Retail trade,39,18.660287081339714,52.7027027027027,Tláhuac,011
1476,0901100010274,0.368565,3768,10223.434129665053,62.30499840815027,117.0,165.0,345.0,181.0,209.0,441.0,1875.0,435.0,11.544585987261147,26.99044585987261,186,504.6599649993895,49.36305732484077,279.46223868245767,157.3670858600247,46,Retail trade,84,22.29299363057325,45.16129032258065,Tláhuac,011
1477,0901100010289,0.328391,3179,9680.533266746044,62.67263904441956,103.0,111.0,286.0,156.0,157.0,380.0,1602.0,384.0,12.0792702107581,25.574079899339416,71,216.20568164170152,22.33406731676628,112.6705664893374,60.903008913155354,46,Retail trade,35,11.00975149418056,49.29577464788732,Tláhuac,011
1478,0901100010306,0.119473,2664,22297.925054196345,65.35398230088495,76.0,119.0,209.0,117.0,118.0,366.0,1277.0,382.0,14.33933933933934,23.986486486486488,105,878.8596586676488,39.414414414414416,435.2447833401689,242.73266763201727,46,Retail trade,34,12.762762762762764,32.38095238095238,Tláhuac,011
1479,0901100010310,0.191438,3465,18099.85478327187,66.28904909028493,100.0,124.0,328.0,154.0,155.0,396.0,1668.0,540.0,15.584415584415584,24.848484848484848,301,1572.3106175367482,86.86868686868686,830.5561069380165,548.4804479779355,46,Retail trade,57,16.450216450216452,18.93687707641196,Tláhuac,011
1480,0901100010325,0.254745,3675,14426.190896779131,66.95156695156695,110.0,123.0,283.0,163.0,152.0,400.0,1771.0,673.0,18.312925170068027,22.612244897959183,163,639.8555418163261,44.35374149659864,243.38063553749828,302.2630473610866,46,Retail trade,54,14.693877551020408,33.12883435582822,Tláhuac,011
1481,0901100010344,0.198538,1211,6099.587988193696,62.22851746931067,23.0,41.0,88.0,47.0,55.0,146.0,611.0,200.0,16.515276630883566,20.974401321222132,74,372.7246169499038,61.1065235342692,130.9572978472635,201.4727659188669,46,Retail trade,35,28.90173410404624,47.2972972972973,Tláhuac,011
1482,0901100010359,0.204801,2251,10991.157269739893,60.401647785787844,56.0,70.0,183.0,112.0,123.0,237.0,1098.0,372.0,16.525988449577966,24.16703687250111,214,1044.9167728673199,95.06885828520657,498.04444314236747,419.9198246102314,46,Retail trade,62,27.54331408262994,28.97196261682243,Tláhuac,011
1483,0901100010363,0.183862,2660,14467.372268331685,57.79857397504456,74.0,101.0,241.0,143.0,124.0,300.0,1299.0,378.0,14.210526315789474,25.67669172932331,108,587.3970695412864,40.6015037593985,282.8208112606194,228.43219371050026,46,Retail trade,41,15.413533834586467,37.96296296296296,Tláhuac,011
1484,0901100010378,0.231343,2181,9427.559943460576,62.23433242506812,77.0,91.0,178.0,120.0,110.0,267.0,1038.0,300.0,13.75515818431912,26.40990371389271,101,436.5811803253178,46.30903255387437,138.3227502020809,220.45188313456643,46,Retail trade,28,12.838147638697844,27.722772277227723,Tláhuac,011
1485,0901100010382,0.207742,1053,5068.787245718247,61.21546961325967,23.0,37.0,88.0,65.0,45.0,118.0,542.0,135.0,12.820512820512821,24.501424501424502,69,332.14275399293354,65.52706552706553,120.34157753367157,182.9191978511808,46,Retail trade,37,35.13770180436847,53.6231884057971,Tláhuac,011
1486,0901100010397,0.147842,1728,11688.153569351063,60.88483146067416,54.0,72.0,178.0,84.0,78.0,189.0,856.0,217.0,12.55787037037037,26.96759259259259,24,162.335466240987,13.88888888888889,94.69568864057575,47.34784432028788,46,Retail trade,29,16.78240740740741,120.83333333333333,Tláhuac,011
1487,090110001040A,0.153875,1655,10755.483346872461,58.095238095238095,63.0,71.0,156.0,84.0,89.0,181.0,806.0,205.0,12.386706948640484,27.97583081570997,100,649.8781478472787,60.42296072507553,428.9195775792039,175.46709991876523,46,Retail trade,34,20.54380664652568,34.0,Tláhuac,011
1488,0901100010414,0.155321,1716,11048.08750909407,56.32022471910113,53.0,78.0,161.0,76.0,76.0,206.0,814.0,252.0,14.685314685314685,25.874125874125873,56,360.5436483154242,32.634032634032636,180.2718241577121,122.32730924987607,46,Retail trade,29,16.8997668997669,51.785714285714285,Tláhuac,011
1489,0901100010433,0.282141,2480,8789.931275497003,60.95372993389991,73.0,78.0,206.0,105.0,107.0,278.0,1243.0,390.0,15.725806451612904,22.943548387096776,424,1502.7947019398102,170.96774193548387,691.143789807224,673.4221541711414,46,Retail trade,111,44.75806451612903,26.17924528301887,Tláhuac,011
1490,0901100010448,0.14667,1599,10902.02495397832,59.18524212144504,60.0,78.0,160.0,59.0,73.0,175.0,780.0,214.0,13.383364602876798,26.891807379612256,91,620.4404445353515,56.91056910569106,245.44896706893024,306.8112088361628,46,Retail trade,28,17.51094434021263,30.76923076923077,Tláhuac,011
1491,0901100010452,0.791468,9689,12241.808891831382,60.702796337540214,318.0,393.0,886.0,417.0,502.0,1107.0,4788.0,1278.0,13.190215708535453,25.967592114769324,415,524.342108588092,42.83207761378883,264.06626673472584,197.10209383070446,46,Retail trade,195,20.12591598720198,46.98795180722892,Tláhuac,011
1492,0901100010575,0.504313,5666,11235.086146896869,62.42540494458653,158.0,241.0,535.0,288.0,301.0,666.0,2750.0,727.0,12.830921284857043,26.879632897988,199,394.5962130660919,35.12177903282739,224.06719636416273,120.95662812578696,46,Retail trade,67,11.824920578891634,33.66834170854271,Tláhuac,011
1493,0901100010594,0.270389,7502,27745.211528575495,63.46662260409782,307.0,339.0,801.0,385.0,365.0,841.0,3638.0,826.0,11.010397227406026,29.28552386030392,381,1409.0809907207763,50.78645694481472,761.8653125681888,480.78878948477933,46,Retail trade,147,19.594774726739537,38.58267716535433,Tláhuac,011
1494,0901100010607,0.18364,5135,27962.317577869744,67.7191328934967,189.0,183.0,519.0,239.0,261.0,539.0,2458.0,747.0,14.547224926971763,27.088607594936708,387,2107.3840121977782,75.365141187926,1072.7510346329775,816.81550860379,46,Retail trade,56,10.905550146056475,14.470284237726098,Tláhuac,011
1495,0901100010626,0.230048,3835,16670.433996383363,64.82427155301893,98.0,127.0,278.0,163.0,165.0,441.0,2013.0,550.0,14.341590612777054,21.668839634941328,183,795.48615941021,47.71838331160365,334.71275559883156,365.14118792599805,46,Retail trade,66,17.209908735332466,36.0655737704918,Tláhuac,011
1496,0901100010630,0.184647,2814,15239.890168808592,63.11645254869457,73.0,108.0,220.0,108.0,137.0,295.0,1395.0,478.0,16.986496090973702,22.956645344705045,218,1180.6311502488531,77.46979388770434,492.83226914057633,546.9896613538265,46,Retail trade,90,31.982942430703623,41.28440366972477,Tláhuac,011
1497,0901100010645,0.207535,4898,23600.838412797842,63.47449470644851,149.0,177.0,416.0,236.0,241.0,542.0,2399.0,738.0,15.067374438546345,24.887709269089424,233,1122.702194810514,47.57043691302572,438.48025634230373,525.2126147396824,46,Retail trade,77,15.720702327480604,33.047210300429185,Tláhuac,011
1498,090110001065A,0.268559,3703,13788.404037846432,60.09615384615385,108.0,140.0,335.0,200.0,172.0,398.0,1852.0,498.0,13.448555225492843,25.789900081015393,205,763.3331968021924,55.360518498514715,376.081233546446,282.9918193022762,46,Retail trade,35,9.45179584120983,17.073170731707318,Tláhuac,011
1499,0901100010664,0.235217,6573,27944.40877997764,63.576522216127266,216.0,260.0,620.0,318.0,329.0,792.0,3252.0,786.0,11.958010041077134,26.517571884984026,375,1594.272522819354,57.05157462345961,769.5022043474748,637.7090091277416,46,Retail trade,120,18.256503879507076,32.0,Tláhuac,011
1500,0901100010679,0.256316,3892,15184.381778741867,58.100558659217874,146.0,169.0,348.0,184.0,191.0,434.0,1985.0,435.0,11.176772867420349,26.670092497430627,101,394.04485088718616,25.950668036998973,218.48031336319232,148.25449835359478,46,Retail trade,52,13.360739979445015,51.48514851485149,Tláhuac,011
1501,0901100010753,0.861327,8372,9719.885711233945,58.11707035755479,301.0,359.0,776.0,401.0,455.0,1023.0,4076.0,981.0,11.717630195891065,27.376970855231725,129,149.7689030995197,15.408504538939322,85.91394441367797,38.31297521150504,46,Retail trade,127,15.169612995699952,98.44961240310077,Tláhuac,011
1502,0901100010768,0.46087,18,39.05656692776705,61.53846153846154,0.0,0.0,5.0,,0.0,,,,,,0,0.0,0.0,0.0,0.0,,,2,111.11111111111111,,Tláhuac,011
1503,0901100010772,0.80816,2516,3113.244901999604,61.840796019900495,113.0,106.0,287.0,119.0,161.0,358.0,1204.0,168.0,6.677265500794912,31.24006359300477,58,71.76796673925955,23.052464228934817,32.17184715897842,22.272817263908138,46,Retail trade,41,16.295707472178062,70.6896551724138,Tláhuac,011
1504,0901100010804,0.022792,183,8029.133029133029,63.225806451612904,10.0,10.0,8.0,11.0,8.0,25.0,98.0,13.0,7.103825136612022,25.683060109289617,2,87.75008775008774,10.92896174863388,87.75008775008774,0.0,46,Retail trade,0,0.0,0.0,Tláhuac,011
1505,0901100010819,0.383982,2145,5586.199353094677,66.56993615786419,97.0,110.0,215.0,112.0,110.0,253.0,1060.0,188.0,8.764568764568764,30.023310023310025,67,174.4873457609992,31.235431235431236,98.96297222265628,49.48148611132814,46,Retail trade,17,7.925407925407925,25.37313432835821,Tláhuac,011
1506,0901100010823,0.04667,444,9513.606170987787,69.91643454038997,19.0,27.0,39.0,24.0,25.0,62.0,221.0,27.0,6.081081081081081,30.18018018018018,7,149.98928647953718,15.765765765765765,85.70816370259267,21.427040925648168,46,Retail trade,41,92.34234234234235,585.7142857142857,Tláhuac,011
1507,0901100010927,0.282237,3863,13687.078589979345,65.77490774907749,117.0,142.0,352.0,166.0,178.0,442.0,1972.0,494.0,12.787988609888687,24.721718871343516,223,790.1161080935526,57.727155060833546,389.7433717053398,347.2259129738482,46,Retail trade,59,15.273103805332642,26.457399103139014,Tláhuac,011
1508,0901100010931,0.352131,4259,12094.930579812626,63.15939549472483,142.0,182.0,428.0,205.0,202.0,535.0,2090.0,475.0,11.152852782343274,27.212960788917588,181,514.013250750431,42.49823902324489,238.54758598362542,198.78965498635452,46,Retail trade,110,25.82765907490021,60.773480662983424,Tláhuac,011
1509,0901100010946,0.29766,3676,12349.660686689513,61.01585247492721,111.0,145.0,329.0,179.0,153.0,426.0,1840.0,493.0,13.411316648531011,24.945593035908598,226,759.2555264395619,61.47986942328618,396.4254518578244,319.1560841228247,46,Retail trade,114,31.01196953210011,50.442477876106196,Tláhuac,011
1510,0901100010950,0.438946,7862,17911.087012981097,63.57219579561148,269.0,359.0,717.0,392.0,402.0,975.0,3792.0,956.0,12.159755787331468,27.20681760366319,262,596.8843547953506,33.324853726787076,316.6676538799761,209.59297954645902,46,Retail trade,104,13.228186212159756,39.69465648854962,Tláhuac,011
1511,0901100010984,0.578825,4106,7093.681164427936,57.81702374059062,120.0,152.0,380.0,182.0,175.0,477.0,1999.0,621.0,15.12420847540185,24.57379444715051,245,423.2712823392217,59.6687773989284,160.67032350019437,214.22709800025913,46,Retail trade,51,12.420847540185095,20.816326530612244,Tláhuac,011
1512,0901100010999,0.198507,2558,12886.195449026985,56.32237146827235,90.0,93.0,216.0,114.0,144.0,296.0,1195.0,410.0,16.028146989835808,25.684128225175918,109,549.0990242157708,42.61141516810008,317.36916078526195,146.0905660757555,46,Retail trade,29,11.336982017200938,26.605504587155963,Tláhuac,011
1513,0901100011056,0.155466,1877,12073.379388419333,68.2549504950495,44.0,83.0,134.0,71.0,91.0,222.0,993.0,239.0,12.733084709643048,22.535961640916355,22,141.51004078062084,11.720831113478956,45.02592206656118,83.61956955218504,46,Retail trade,78,41.555673947789025,354.54545454545456,Tláhuac,011
1514,0901100011075,0.092601,2196,23714.646710078727,72.3529411764706,58.0,85.0,183.0,86.0,91.0,229.0,1188.0,276.0,12.568306010928962,22.905282331511838,65,701.9362641872118,29.59927140255009,399.563719614259,269.9754862258507,46,Retail trade,23,10.473588342440802,35.38461538461539,Tláhuac,011
1515,090110001108A,0.160083,2415,15085.924176833269,68.46933848382425,73.0,86.0,185.0,95.0,105.0,291.0,1292.0,288.0,11.925465838509316,22.525879917184266,13,81.20787341566562,5.383022774327122,24.98703797405096,43.72731645458918,46,Retail trade,28,11.594202898550725,215.3846153846154,Tláhuac,011
1516,0901100011094,0.448883,548,1220.808094759659,64.34977578475336,30.0,20.0,52.0,30.0,23.0,70.0,279.0,44.0,8.02919708029197,28.284671532846716,59,131.43736786645962,107.66423357664233,37.87178396152227,55.6937999434151,46,Retail trade,60,109.48905109489051,101.69491525423729,Tláhuac,011
1517,0901100011111,0.263526,4445,16867.405872665317,65.21979541056123,166.0,228.0,434.0,198.0,194.0,495.0,2158.0,572.0,12.868391451068616,27.446569178852645,110,417.41611833367483,24.746906636670417,227.68151909109537,140.40360343950883,46,Retail trade,90,20.247469066366705,81.81818181818181,Tláhuac,011
1518,0901100011145,0.145184,3396,23391.007273528765,65.4320987654321,98.0,115.0,267.0,141.0,135.0,389.0,1841.0,410.0,12.073027090694936,22.261484098939928,99,681.8933215781353,29.151943462897528,316.8393211373154,309.9515098082433,46,Retail trade,32,9.422850412249705,32.323232323232325,Tláhuac,011
1519,090110001122A,0.090652,3513,38752.592331112384,64.56665506439262,114.0,160.0,366.0,172.0,178.0,428.0,1726.0,369.0,10.503842869342442,28.181041844577283,57,628.7781847063495,16.225448334756617,341.9670829104708,209.59272823544984,46,Retail trade,48,13.663535439795046,84.21052631578948,Tláhuac,011
1520,0901100011234,0.123317,2980,24165.362439890687,64.85521618405394,107.0,83.0,267.0,138.0,134.0,357.0,1576.0,318.0,10.671140939597315,24.463087248322147,43,348.6948271527851,14.429530201342281,186.51118661660598,113.52854837532539,46,Retail trade,24,8.053691275167786,55.81395348837209,Tláhuac,011
1521,0901100011249,0.376814,5265,13972.4107915311,64.31038452682478,171.0,259.0,492.0,266.0,242.0,656.0,2618.0,561.0,10.655270655270655,27.160493827160494,265,703.2647406943479,50.332383665716996,355.61311416242495,220.26782444389008,46,Retail trade,96,18.233618233618234,36.22641509433962,Tláhuac,011
1522,0901100011253,0.170382,2582,15154.182953598385,61.57613535173642,61.0,82.0,193.0,109.0,119.0,291.0,1327.0,400.0,15.491866769945778,21.84353214562355,108,633.8697749762299,41.8280402788536,287.58906457254875,258.24324165698255,46,Retail trade,56,21.68861347792409,51.851851851851855,Tláhuac,011
1523,0901100011268,0.408548,4936,12081.811684306373,64.11679536679537,169.0,226.0,397.0,184.0,236.0,562.0,2606.0,556.0,11.26418152350081,24.554294975688816,315,771.0232335001028,63.81685575364668,332.88622144766344,332.88622144766344,46,Retail trade,98,19.854132901134523,31.11111111111111,Tláhuac,011
1524,0901100011272,0.097486,2822,28947.746343064646,62.88832913518052,84.0,116.0,240.0,104.0,136.0,312.0,1555.0,275.0,9.744861800141743,24.096385542168676,53,543.6678087109944,18.781006378454997,246.18919639743143,215.4155468477525,46,Retail trade,34,12.048192771084338,64.15094339622641,Tláhuac,011
1525,0901100011287,0.064859,1979,30512.342157603416,68.30900243309003,60.0,68.0,207.0,70.0,80.0,283.0,1001.0,210.0,10.611419909044972,24.507326932794342,71,1094.6823108589401,35.876705406771094,493.37794292233923,462.541821489693,46,Retail trade,16,8.08489135927236,22.535211267605632,Tláhuac,011
1526,0901100011291,0.174011,3091,17763.24485233692,62.930708065126844,98.0,117.0,233.0,143.0,149.0,399.0,1481.0,471.0,15.23778712390812,23.940472339048853,214,1229.807311032061,69.23325784535749,494.22162966709,591.9166029733752,46,Retail trade,78,25.234551924943386,36.44859813084112,Tláhuac,011
1527,0901100011304,0.128908,1301,10092.469047692928,67.78169014084507,37.0,44.0,84.0,50.0,55.0,174.0,711.0,146.0,11.222136817832437,20.7532667179093,17,131.87699754863934,13.066871637202151,69.81723399633847,62.059763552300865,46,Retail trade,39,29.976940814757878,229.41176470588235,Tláhuac,011
1528,0901100011319,0.083434,1886,22604.6935302155,79.03717245581963,50.0,69.0,126.0,69.0,80.0,238.0,1030.0,224.0,11.876988335100743,20.890774125132555,78,934.8706762231225,41.35737009544008,455.4498166215212,371.551166191241,46,Retail trade,17,9.013785790031813,21.794871794871796,Tláhuac,011
1529,0901100011323,0.028014,702,25058.89912186764,72.44732576985413,11.0,21.0,53.0,28.0,34.0,83.0,397.0,75.0,10.683760683760683,20.94017094017094,4,142.78574998215177,5.698005698005698,35.69643749553794,107.08931248661384,72,Accommodation and food services,4,5.698005698005698,100.0,Tláhuac,011
1530,0901100011338,0.311159,3577,11495.730478629897,64.62328767123287,121.0,167.0,369.0,185.0,193.0,435.0,1807.0,300.0,8.386916410399776,28.93486161587923,95,305.31014690238754,26.558568632932626,109.26889468085449,102.84131264080422,46,Retail trade,78,21.80598266703942,82.10526315789474,Tláhuac,011
1531,0901100011342,0.063293,945,14930.56104150538,67.63959390862944,36.0,35.0,86.0,30.0,39.0,95.0,502.0,122.0,12.91005291005291,23.915343915343914,31,489.7856003033511,32.804232804232804,173.79489043022136,268.59210339216025,46,Retail trade,34,35.97883597883598,109.6774193548387,Tláhuac,011
1532,0901100011357,0.44296,9088,20516.525194148457,68.527111228954,323.0,404.0,818.0,434.0,431.0,1139.0,4848.0,691.0,7.603433098591549,26.518485915492956,211,476.34097886942385,23.217429577464788,250.58696044789596,164.80043344771536,46,Retail trade,148,16.285211267605632,70.14218009478672,Tláhuac,011
1533,0901100011361,0.220026,4873,22147.382582058483,66.59415035049553,142.0,194.0,397.0,201.0,202.0,588.0,2690.0,459.0,9.419248922634926,23.312128052534373,106,481.76124639815293,21.75251385183665,222.70095352367449,218.15603610482398,46,Retail trade,42,8.6189205828032,39.62264150943396,Tláhuac,011
1534,0901100011376,1.50973,7148,4734.621422373537,68.0295566502463,217.0,269.0,572.0,382.0,346.0,935.0,3794.0,633.0,8.855623950755456,24.98601007274762,227,150.35801103508575,31.757134862898713,56.96382796923953,76.8349307492068,46,Retail trade,118,16.50811415780638,51.98237885462555,Tláhuac,011
1535,0901100011380,0.417082,2511,6020.3988664099625,60.815514669318745,112.0,111.0,274.0,157.0,146.0,333.0,1211.0,167.0,6.65073675826364,31.859816806053367,30,71.92830186869729,11.947431302270012,55.14503143266791,4.795220124579819,46,Retail trade,41,16.32815611310235,136.66666666666666,Tláhuac,011
1536,0901100011395,0.288974,1799,6225.47357201686,64.08045977011494,100.0,98.0,209.0,103.0,97.0,230.0,855.0,107.0,5.94774874930517,33.740967204002224,47,162.64439015274732,26.12562534741523,114.19712500086513,24.22363257594109,46,Retail trade,27,15.008337965536409,57.4468085106383,Tláhuac,011
1537,0901100011412,0.447141,3617,8089.170977387446,65.6433252845809,165.0,193.0,360.0,216.0,211.0,481.0,1799.0,192.0,5.308266519214819,31.656068565109205,79,176.67805010052757,21.841304948852642,76.03865447364478,40.25575825075312,46,Retail trade,33,9.12358307990047,41.77215189873418,Tláhuac,011
1538,0901100011427,0.705891,5292,7496.908162875005,62.28842247799594,169.0,206.0,486.0,251.0,259.0,650.0,2565.0,706.0,13.340891912320483,25.90702947845805,202,286.16316116794235,38.1708238851096,127.49843814413273,135.99833402040824,46,Retail trade,129,24.37641723356009,63.86138613861386,Tláhuac,011
1539,0901100011431,1.781234,5167,2900.7979861152435,63.225806451612904,221.0,235.0,521.0,300.0,309.0,637.0,2515.0,429.0,8.302690149022643,30.694793884265533,131,73.5445202595504,25.353203019160055,43.789867024770466,17.403665099588263,46,Retail trade,66,12.773369460034836,50.38167938931298,Tláhuac,011
1540,0901100011446,0.24404,3561,14591.870185215537,65.5278442090878,124.0,166.0,344.0,164.0,191.0,394.0,1766.0,412.0,11.569783768604324,27.773097444538053,131,536.7972463530568,36.78741926425162,241.7636453040485,168.00524504179643,46,Retail trade,53,14.883459702330805,40.458015267175576,Tláhuac,011
1541,0901100011450,0.286064,3046,10647.96688852844,66.0546715626275,120.0,167.0,308.0,166.0,152.0,448.0,1494.0,191.0,6.270518713066316,29.973736047275114,67,234.21332289277925,21.996060407091267,136.33312825102075,48.94009732087925,46,Retail trade,40,13.131976362442547,59.701492537313435,Tláhuac,011
1542,0901100011465,0.133122,4499,33796.06676582383,67.52136752136752,134.0,184.0,437.0,190.0,216.0,545.0,2435.0,358.0,7.9573238497443874,25.8057346076906,62,465.73819503913705,13.780840186708158,202.82147203317257,225.35719114796953,46,Retail trade,42,9.335407868415203,67.74193548387096,Tláhuac,011
1543,090110001147A,0.154559,4283,27711.100615299012,65.27079843662759,162.0,194.0,345.0,165.0,200.0,560.0,2278.0,379.0,8.848937660518327,24.889096427737567,172,1112.8436389986996,40.158767219238854,543.4817771854114,433.49141751693526,46,Retail trade,33,7.704879757179547,19.186046511627907,Tláhuac,011
1544,0901100011484,0.416638,5241,12579.265453463198,59.68361581920904,161.0,192.0,463.0,254.0,257.0,577.0,2484.0,853.0,16.27551993894295,25.31959549704255,318,763.25251177281,60.67544361763022,386.42658614912705,276.0189901065193,46,Retail trade,70,13.356229727151307,22.0125786163522,Tláhuac,011
1545,0901100011499,0.586103,6166,10520.335162932113,62.45113369820172,209.0,258.0,583.0,332.0,323.0,789.0,3005.0,667.0,10.817385663314953,27.651638014920533,178,303.7008853392663,28.86798572818683,167.20610541150617,100.6649001967231,46,Retail trade,45,7.298086279597794,25.280898876404493,Tláhuac,011
1546,0901100011535,0.358959,1920,5348.8002808120145,66.41535298149418,89.0,114.0,258.0,107.0,117.0,225.0,903.0,107.0,5.572916666666667,35.677083333333336,29,80.78917090809814,15.104166666666666,58.50250307138141,2.785833479589591,46,Retail trade,4,2.0833333333333335,13.793103448275863,Tláhuac,011
1547,090110001154A,0.052271,2156,41246.580321784546,67.68802228412257,86.0,100.0,175.0,88.0,101.0,312.0,1133.0,161.0,7.467532467532467,25.510204081632654,40,765.2426775841288,18.552875695732837,420.88347267127085,229.57280327523867,46,Retail trade,27,12.523191094619666,67.5,Tláhuac,011
1548,090110011072A,0.420295,4723,11237.345198015679,63.28954017180394,149.0,184.0,432.0,222.0,244.0,500.0,2304.0,688.0,14.567012492060131,26.063942409485495,344,818.4727393854316,72.83506246030066,461.5805565138772,261.72093410580663,46,Retail trade,69,14.609358458606819,20.058139534883722,Tláhuac,011
1549,0901100111037,0.529325,4071,7690.9271241675715,62.01596216375998,176.0,170.0,339.0,207.0,220.0,508.0,1963.0,488.0,11.987226725620241,27.31515598133137,157,296.6041656827091,38.565463031196266,158.69267463278703,90.6815283615926,46,Retail trade,52,12.773274379759274,33.12101910828026,Tláhuac,011
1550,0901100111041,0.939188,5116,5447.258695809572,64.50071667462971,192.0,232.0,493.0,261.0,268.0,653.0,2474.0,543.0,10.613760750586396,28.264268960125097,178,189.5254198307474,34.792806880375295,104.34545586187217,64.94972252626737,46,Retail trade,45,8.795934323690384,25.280898876404493,Tláhuac,011
1551,0901100210787,0.240447,1696,7053.529468032456,64.48202959830867,58.0,67.0,152.0,71.0,82.0,168.0,885.0,213.0,12.558962264150944,25.35377358490566,74,307.7601300910388,43.632075471698116,170.5157477531431,112.2908582764601,46,Retail trade,14,8.254716981132075,18.91891891891892,Tláhuac,011
1552,0901100210791,0.091303,406,4446.732308905513,57.78443113772455,16.0,16.0,40.0,21.0,13.0,40.0,199.0,61.0,15.024630541871922,26.108374384236452,11,120.47796896049418,27.0935960591133,65.71525579663319,54.76271316386099,46,Retail trade,1,2.4630541871921183,9.090909090909092,Tláhuac,011
1553,0901100211003,1.329865,11218,8435.442695311178,61.168274383708464,374.0,460.0,1054.0,579.0,591.0,1353.0,5624.0,1183.0,10.545551791763238,27.25976109823498,407,306.0461024239302,36.280977001248,173.70184191628474,96.25037127828764,46,Retail trade,118,10.518809056872882,28.992628992628994,Tláhuac,011
1554,0901100211018,0.365332,3055,8362.25679655765,60.91778202676864,93.0,112.0,235.0,130.0,123.0,339.0,1463.0,560.0,18.330605564648117,22.684124386252044,390,1067.5221442414024,127.65957446808511,588.5057974664142,385.9503136872762,46,Retail trade,62,20.29459901800327,15.897435897435898,Tláhuac,011
1555,0901100211022,0.524871,2720,5182.225727845509,57.13660245183888,95.0,106.0,235.0,158.0,133.0,316.0,1336.0,341.0,12.536764705882353,26.727941176470587,127,241.9642159692572,46.69117647058823,83.83012206808911,125.74518310213367,46,Retail trade,23,8.455882352941176,18.11023622047244,Tláhuac,011
1556,090110021115A,0.876022,8857,10110.476677526363,62.667959551184374,348.0,418.0,872.0,424.0,414.0,1099.0,4363.0,919.0,10.37597380602913,27.955289601445184,441,503.4120147667524,49.79112566331715,275.10724616505064,154.1057188061487,46,Retail trade,95,10.725979451281471,21.541950113378686,Tláhuac,011
1557,0901100211516,0.010924,75,6865.616990113512,45.0,3.0,3.0,9.0,6.0,8.0,6.0,37.0,3.0,4.0,38.666666666666664,1,91.54155986818016,13.333333333333334,91.54155986818016,0.0,46,Retail trade,4,53.333333333333336,400.0,Tláhuac,011
1558,0901100240734,0.480023,2619,5455.988567214487,61.08259449370042,101.0,111.0,264.0,145.0,131.0,278.0,1259.0,330.0,12.600229095074456,28.713249331806033,162,337.4838288998652,61.855670103092784,195.82395010239094,99.99520856292303,46,Retail trade,60,22.90950744558992,37.03703703703704,Tláhuac,011
1559,0901100240749,0.064185,306,4767.46903482122,59.34959349593496,11.0,13.0,36.0,18.0,21.0,33.0,147.0,27.0,8.823529411764707,32.35294117647059,23,358.3391758198956,75.16339869281046,218.11949832515384,93.4797849964945,46,Retail trade,4,13.071895424836601,17.391304347826086,Tláhuac,011
1560,0901100241183,0.191088,1088,5693.711797705769,63.470319634703195,43.0,53.0,116.0,52.0,65.0,121.0,540.0,98.0,9.007352941176471,30.238970588235293,29,151.76253872561333,26.654411764705884,68.03148287699908,73.26467386753747,46,Retail trade,5,4.595588235294118,17.24137931034483,Tláhuac,011
1561,0901100241408,0.341575,832,2435.7754519505233,61.71516079632465,33.0,38.0,108.0,34.0,44.0,93.0,412.0,70.0,8.413461538461538,30.889423076923077,25,73.19036814755178,30.048076923076923,40.986606162628995,23.420917807216572,46,Retail trade,14,16.826923076923077,56.0,Tláhuac,011
1562,0901100241520,0.017306,74,4275.973650756963,43.10344827586207,,3.0,12.0,9.0,6.0,6.0,,6.0,8.108108108108109,,2,115.56685542586386,27.027027027027028,0.0,0.0,31-33,Manufacturing,0,0.0,0.0,Tláhuac,011
1563,0901100260965,0.734386,4504,6133.01451825062,57.58389261744966,145.0,199.0,429.0,239.0,254.0,543.0,2201.0,494.0,10.968028419182948,28.108348134991118,275,374.46247613652764,61.05683836589698,197.4438510538055,126.63640102071662,46,Retail trade,72,15.985790408525755,26.181818181818183,Tláhuac,011
1564,090110026097A,0.782971,4795,6124.109322056628,61.02978293791015,178.0,207.0,446.0,279.0,254.0,576.0,2284.0,571.0,11.908237747653805,28.446298227320124,215,274.59509994623045,44.83837330552659,131.55021067191504,102.17492091022528,46,Retail trade,90,18.769551616266945,41.86046511627907,Tláhuac,011
1565,0901100261164,0.629457,2209,3509.373952470145,62.59842519685039,88.0,108.0,235.0,119.0,114.0,295.0,1043.0,207.0,9.370755998189226,30.058850158442734,126,200.17252965651346,57.039384336803984,88.9655687362282,79.43354351448947,46,Retail trade,71,32.14124038026256,56.34920634920635,Tláhuac,011
1566,0901100261501,0.028649,136,4747.111592027645,59.43396226415094,5.0,8.0,17.0,8.0,9.0,16.0,68.0,5.0,3.676470588235294,34.55882352941177,3,104.71569688296276,22.058823529411764,69.81046458864184,0.0,46,Retail trade,0,0.0,0.0,Tláhuac,011
1567,0901200010017,0.22196,1691,7618.4898179852225,64.95114006514657,26.0,37.0,93.0,53.0,54.0,140.0,785.0,503.0,29.745712596096983,15.552927261975162,86,387.45719949540455,50.85748078060319,94.61164173724995,252.2977112993332,46,Retail trade,26,15.37551744529864,30.232558139534884,Tlalpan,012
1568,0901200010021,0.186783,671,3592.4040196377614,66.61237785016287,9.0,16.0,32.0,24.0,16.0,68.0,341.0,165.0,24.59016393442623,14.456035767511178,7,37.47664402006607,10.432190760059612,0.0,32.1228377314852,52,Finance and insurance,20,29.806259314456035,285.7142857142857,Tlalpan,012
1569,0901200010040,0.22377,1162,5192.831925637932,66.01123595505618,22.0,16.0,56.0,29.0,31.0,109.0,519.0,380.0,32.70223752151463,13.25301204819277,9,40.219868615095855,7.74526678141136,17.875497162264825,17.875497162264825,46,Retail trade,16,13.769363166953529,177.77777777777777,Tlalpan,012
1570,0901200010074,0.526668,1813,3442.396348363675,60.61867935752528,27.0,28.0,77.0,42.0,63.0,158.0,815.0,603.0,33.259790402647546,13.072255929398786,127,241.13863002878475,70.0496414782129,20.886023073359308,187.97420766023376,52,Finance and insurance,73,40.26475455046884,57.48031496062992,Tlalpan,012
1571,0901200010089,0.106371,0,0.0,,0.0,0.0,0.0,0.0,0.0,0.0,0.0,0.0,,,8,75.20846847355013,,9.401058559193766,47.00529279596883,72,Accommodation and food services,3,,37.5,Tlalpan,012
1572,0901200010093,0.163677,1875,11455.488553675837,65.41617819460727,24.0,43.0,102.0,32.0,41.0,155.0,884.0,594.0,31.68,12.906666666666666,37,226.05497412586985,19.733333333333334,54.986345057644016,164.95903517293206,52,Finance and insurance,53,28.266666666666666,143.24324324324326,Tlalpan,012
1573,0901200010106,0.293069,305,1040.7105493928052,74.81481481481481,10.0,6.0,19.0,5.0,7.0,34.0,165.0,59.0,19.34426229508197,15.40983606557377,9,30.709491621427038,29.508196721311474,13.648662942856461,17.060828678570576,46,Retail trade,12,39.34426229508197,133.33333333333334,Tlalpan,012
1574,0901200010125,0.148131,3367,22729.880983723866,65.0804289544236,67.0,92.0,224.0,160.0,168.0,408.0,1739.0,509.0,15.117315117315117,21.116721116721116,168,1134.1312756951618,49.896049896049895,533.3117308328439,506.30860522105434,46,Retail trade,89,26.433026433026434,52.976190476190474,Tlalpan,012
1575,090120001013A,0.143124,3264,22805.399513708395,65.8578856152513,80.0,89.0,210.0,131.0,154.0,391.0,1680.0,529.0,16.207107843137255,20.34313725490196,136,950.2249797378497,41.666666666666664,447.1646963472234,363.32131578211903,46,Retail trade,53,16.237745098039216,38.970588235294116,Tlalpan,012
1576,0901200010144,0.173903,2232,12834.741206304663,64.22018348623853,52.0,74.0,144.0,67.0,62.0,194.0,1150.0,489.0,21.908602150537636,17.876344086021504,60,345.019924900663,26.881720430107528,143.75830204194293,172.5099624503315,46,Retail trade,31,13.88888888888889,51.666666666666664,Tlalpan,012
1577,0901200010159,0.139673,3220,23053.84720024629,64.65395480225989,80.0,100.0,207.0,112.0,118.0,372.0,1726.0,505.0,15.683229813664596,19.161490683229815,83,594.2451296957895,25.77639751552795,307.86193466167407,214.78739627558656,46,Retail trade,78,24.22360248447205,93.97590361445783,Tlalpan,012
1578,0901200010163,0.171252,3244,18942.844463130357,59.626685101970274,63.0,84.0,204.0,117.0,113.0,347.0,1727.0,589.0,18.15659679408138,17.909987669543774,138,805.8300049050522,42.54007398273736,303.6460888048023,397.0756545908953,46,Retail trade,72,22.19482120838471,52.17391304347826,Tlalpan,012
1579,0901200010178,0.15852,2841,17922.0287660863,61.54153354632588,66.0,80.0,191.0,104.0,112.0,286.0,1445.0,557.0,19.60577261527631,19.464977120732136,40,252.33409033560434,14.079549454417458,119.85869290941206,94.62528387585162,46,Retail trade,43,15.135515663498769,107.5,Tlalpan,012
1580,0901200010182,0.458651,6006,13094.92402720151,61.936108422071634,142.0,180.0,515.0,241.0,281.0,636.0,3041.0,970.0,16.15051615051615,22.627372627372626,487,1061.8095240171722,81.08558108558108,156.98210622019792,859.0409701494165,62,Health care and social assistance,98,16.317016317016318,20.123203285420946,Tlalpan,012
1581,0901200010197,0.289568,1985,6855.039230854238,60.917030567685586,23.0,42.0,88.0,49.0,70.0,171.0,957.0,585.0,29.47103274559194,13.702770780856424,105,362.6091280804509,52.896725440806044,96.69576748812024,259.0065200574649,72,Accommodation and food services,43,21.662468513853906,40.95238095238095,Tlalpan,012
1582,090120001020A,0.196947,1693,8596.221318425769,53.42205323193917,15.0,29.0,70.0,35.0,52.0,153.0,749.0,590.0,34.849379799173064,11.872415829887773,79,401.1231448054553,46.662728883638515,126.93770405235927,264.0304244289073,46,Retail trade,41,24.217365623154166,51.89873417721519,Tlalpan,012
1583,0901200010214,0.415661,1867,4491.641024777403,53.398058252427184,22.0,31.0,63.0,64.0,54.0,153.0,828.0,652.0,34.92233529726835,12.53347616497054,171,411.3929379951451,91.59078735940011,173.21807915585057,221.33421225469795,46,Retail trade,138,73.91537225495448,80.70175438596492,Tlalpan,012
1584,0901200010229,0.254362,1868,7343.864256453401,59.527921704087504,28.0,27.0,76.0,47.0,60.0,186.0,899.0,545.0,29.17558886509636,12.740899357601712,104,408.8661042136797,55.6745182012848,82.55950181237763,306.6495781602598,46,Retail trade,77,41.220556745182016,74.03846153846153,Tlalpan,012
1585,0901200010233,0.438617,3761,8574.679048007714,57.636887608069166,42.0,76.0,173.0,97.0,136.0,379.0,1849.0,1009.0,26.827971284232916,13.932464770007977,209,476.4977189666611,55.57032704068067,250.78827314034797,202.91051190446333,46,Retail trade,99,26.322786492954002,47.36842105263158,Tlalpan,012
1586,0901200010248,0.076436,576,7535.716154691507,51.886792452830186,8.0,7.0,31.0,14.0,22.0,52.0,251.0,191.0,33.15972222222222,14.23611111111111,33,431.7337380292009,57.291666666666664,248.573970380449,143.91124600973365,46,Retail trade,15,26.041666666666668,45.45454545454545,Tlalpan,012
1587,0901200010267,0.185367,1902,10260.726019194355,65.46184738955823,35.0,41.0,83.0,46.0,57.0,164.0,905.0,571.0,30.021030494216614,13.774973711882229,51,275.129877486284,26.813880126182966,86.31525568197144,156.44640092357324,46,Retail trade,40,21.03049421661409,78.43137254901961,Tlalpan,012
1588,0901200010303,0.303794,5375,17692.910327392903,62.69046582498912,135.0,178.0,414.0,241.0,223.0,588.0,2836.0,760.0,14.13953488372093,22.15813953488372,252,829.5094702331185,46.883720930232556,414.75473511655923,306.1284949669842,46,Retail trade,92,17.11627906976744,36.507936507936506,Tlalpan,012
1589,0901200010318,0.266666,3591,13466.283665709165,60.50206545916746,96.0,105.0,243.0,134.0,149.0,377.0,1882.0,605.0,16.847674742411584,20.24505708716235,133,498.7512468781172,37.03703703703704,195.00048750121874,228.7505718764297,46,Retail trade,54,15.037593984962406,40.6015037593985,Tlalpan,012
1590,0901200010322,0.251146,4837,19259.71347343776,68.12162824914174,144.0,152.0,430.0,216.0,232.0,561.0,2481.0,621.0,12.83853628281993,24.271242505685343,256,1019.3274031838055,52.92536696299359,465.8644772363486,485.7732155797823,46,Retail trade,50,10.336985734959686,19.53125,Tlalpan,012
1591,0901200010337,0.254631,4009,15744.351630398498,66.9965075669383,94.0,155.0,324.0,167.0,171.0,433.0,2021.0,644.0,16.06385632327264,22.723871289598403,251,985.7401494711955,62.60912945871789,388.79790756035203,483.051945756801,46,Retail trade,56,13.96857071588925,22.310756972111555,Tlalpan,012
1592,0901200010341,0.379595,2923,7700.312174817898,65.1990811638591,53.0,70.0,188.0,126.0,115.0,281.0,1493.0,597.0,20.424221690044476,18.88470749230243,163,429.4050237753395,55.76462538487855,108.00985260606699,281.87937143534555,46,Retail trade,89,30.448169688676018,54.60122699386503,Tlalpan,012
1593,0901200010360,0.328334,4479,13641.596666808799,66.39242084268263,94.0,125.0,249.0,140.0,156.0,460.0,2387.0,868.0,19.379325742353203,17.05737887921411,323,983.7543477069082,72.11431123018531,603.0444608234297,298.4765513166471,46,Retail trade,82,18.30765795936593,25.386996904024766,Tlalpan,012
1594,0901200010375,0.241773,1884,7792.433398270278,62.47099767981439,33.0,35.0,92.0,53.0,57.0,187.0,989.0,438.0,23.248407643312103,14.331210191082803,202,835.4944514068982,107.21868365180467,219.2138907156713,537.6944489252315,46,Retail trade,101,53.609341825902334,50.0,Tlalpan,012
1595,090120001038A,0.481011,769,1598.716037678972,50.06896551724138,5.0,14.0,25.0,9.0,30.0,81.0,283.0,322.0,41.87256176853056,10.793237971391417,111,230.76395342310258,144.34330299089726,16.631636282746133,170.47427189814786,72,Accommodation and food services,119,154.74642392717814,107.2072072072072,Tlalpan,012
1596,0901200010394,0.241311,1458,6041.995599040242,58.66767600302801,12.0,35.0,90.0,75.0,53.0,152.0,696.0,345.0,23.662551440329217,18.175582990397807,94,389.53881091205955,64.4718792866941,78.73656816307586,273.50597361910565,81,Other services (except government),50,34.29355281207133,53.191489361702125,Tlalpan,012
1597,0901200010407,0.226917,935,4120.4493272870695,56.70454545454545,10.0,14.0,31.0,28.0,36.0,94.0,424.0,298.0,31.871657754010695,12.727272727272727,73,321.70353036572845,78.07486631016043,22.034488381214278,255.60006522208562,72,Accommodation and food services,74,79.14438502673796,101.36986301369863,Tlalpan,012
1598,0901200010411,0.255632,1095,4283.501283094448,62.52465483234714,9.0,20.0,52.0,19.0,32.0,105.0,544.0,314.0,28.67579908675799,12.054794520547945,219,856.7002566188896,200.0,191.6817925768292,590.6928710020654,62,Health care and social assistance,150,136.986301369863,68.4931506849315,Tlalpan,012
1599,0901200010426,0.538623,2154,3999.0865596159097,61.05695228322217,37.0,59.0,109.0,53.0,86.0,219.0,1116.0,475.0,22.051996285979573,15.9702878365831,240,445.58067516611806,111.42061281337047,172.66251162687075,248.7825436344159,46,Retail trade,173,80.31569173630454,72.08333333333333,Tlalpan,012
1600,0901200010430,0.396131,2844,7179.443164003827,62.991819244253996,67.0,66.0,144.0,67.0,94.0,273.0,1547.0,586.0,20.60478199718706,15.40084388185654,254,641.2020266023109,89.31082981715893,222.14873362599747,333.2231004389962,46,Retail trade,160,56.258790436005626,62.99212598425197,Tlalpan,012
1601,0901200010445,0.367246,2730,7433.709284784586,66.24177631578948,53.0,69.0,176.0,108.0,100.0,247.0,1428.0,549.0,20.10989010989011,18.534798534798536,258,702.5263719686532,94.50549450549451,250.51327992680655,386.66180162615797,46,Retail trade,105,38.46153846153846,40.69767441860465,Tlalpan,012
1602,090120001045A,0.376355,3668,9746.117362596484,58.582202111613874,65.0,74.0,214.0,99.0,153.0,364.0,1818.0,881.0,24.018538713195202,16.49400218102508,278,738.6642930212166,75.79062159214831,260.39244861899004,385.2745413240159,46,Retail trade,66,17.993456924754636,23.741007194244606,Tlalpan,012
1603,0901200010464,0.184945,1353,7315.6884479169485,58.507223113964685,24.0,32.0,51.0,29.0,46.0,130.0,680.0,361.0,26.681448632668143,13.451589061345159,99,535.2942766768499,73.17073170731707,156.80337397604694,351.4558382221742,46,Retail trade,69,50.99778270509978,69.6969696969697,Tlalpan,012
1604,0901200010479,0.198243,681,3435.178039073259,58.265139116202946,10.0,17.0,43.0,17.0,28.0,75.0,338.0,153.0,22.46696035242291,16.886930983847282,131,660.8051734487473,192.3641703377386,226.99414355109639,418.67808699424444,46,Retail trade,155,227.6064610866373,118.3206106870229,Tlalpan,012
1605,0901200010483,0.355765,3367,9464.112546203252,58.02429667519181,50.0,55.0,134.0,96.0,97.0,323.0,1648.0,964.0,28.63082863082863,12.83041283041283,126,354.16637387039196,37.42203742203742,92.7578598231979,250.16513709892766,46,Retail trade,143,42.47104247104247,113.4920634920635,Tlalpan,012
1606,0901200010498,0.32422,2920,9006.230337425206,63.39084771192798,39.0,64.0,151.0,78.0,102.0,256.0,1553.0,677.0,23.184931506849313,14.863013698630137,222,684.7202516809574,76.02739726027397,154.21627290111653,465.7331441613719,81,Other services (except government),119,40.75342465753425,53.6036036036036,Tlalpan,012
1607,0901200010500,0.415315,7264,17490.338658608525,62.9973474801061,232.0,335.0,665.0,289.0,370.0,876.0,3650.0,847.0,11.660242290748899,26.03248898678414,236,568.2433815296823,32.48898678414097,272.08263607141566,240.78109386850946,46,Retail trade,132,18.17180616740088,55.932203389830505,Tlalpan,012
1608,0901200010515,0.27669,4311,15580.613683183346,67.47835497835497,111.0,158.0,346.0,199.0,216.0,471.0,2202.0,608.0,14.103456274646254,23.89236836000928,158,571.0361776717626,36.650429134771514,321.65961906827135,169.86519209223317,46,Retail trade,74,17.16539086058919,46.835443037974684,Tlalpan,012
1609,090120001052A,0.264538,3220,12172.16430153702,64.82661004953998,76.0,98.0,220.0,124.0,139.0,339.0,1699.0,525.0,16.304347826086957,20.403726708074533,229,865.6601320037197,71.11801242236025,291.0734941671896,472.5219061155675,46,Retail trade,79,24.53416149068323,34.49781659388646,Tlalpan,012
1610,0901200010534,0.189966,1952,10275.522988324226,61.17581808097615,29.0,35.0,78.0,52.0,58.0,193.0,970.0,537.0,27.510245901639344,12.90983606557377,73,384.2792920838466,37.39754098360656,121.07429750586947,231.62039522861986,46,Retail trade,25,12.807377049180328,34.24657534246575,Tlalpan,012
1611,0901200010549,0.354982,2808,7910.2602385473065,59.95297805642633,40.0,62.0,154.0,79.0,89.0,307.0,1322.0,755.0,26.887464387464387,15.0997150997151,57,160.57152193632353,20.299145299145298,42.25566366745356,78.87723884591331,46,Retail trade,55,19.586894586894587,96.49122807017544,Tlalpan,012
1612,0901200010553,0.322923,4048,12535.496078012406,62.00110864745011,88.0,97.0,255.0,119.0,130.0,430.0,2122.0,807.0,19.93577075098814,17.020750988142293,87,269.4140708466105,21.492094861660078,80.51454990818245,133.15867869430173,46,Retail trade,72,17.786561264822133,82.75862068965517,Tlalpan,012
1613,0901200010568,0.377833,3668,9707.992684598752,58.28554180501057,72.0,90.0,193.0,133.0,133.0,352.0,1780.0,915.0,24.94547437295529,16.93020719738277,123,325.54064891102684,33.533260632497274,100.57353380991073,169.3870043114286,46,Retail trade,61,16.63031624863686,49.59349593495935,Tlalpan,012
1614,0901200010572,0.150981,3323,22009.39191024036,57.95087265675501,43.0,53.0,133.0,99.0,85.0,296.0,1690.0,924.0,27.80619921757448,12.42852843815829,170,1125.9694928500937,51.1585916340656,562.9847464250469,523.2446466773965,46,Retail trade,62,18.65783930183569,36.470588235294116,Tlalpan,012
1615,0901200010587,0.108093,2820,26088.645888262887,58.1747572815534,40.0,51.0,154.0,66.0,96.0,236.0,1393.0,784.0,27.80141843971631,14.432624113475176,19,175.77456449538823,6.73758865248227,37.005171472713315,138.7693930226749,46,Retail trade,31,10.99290780141844,163.1578947368421,Tlalpan,012
1616,0901200010591,0.132654,938,7071.026881963605,52.981651376146786,10.0,15.0,41.0,26.0,34.0,84.0,421.0,307.0,32.72921108742004,13.432835820895523,83,625.6878797473125,88.4861407249467,150.76816379453314,437.22767500414614,81,Other services (except government),46,49.04051172707889,55.42168674698795,Tlalpan,012
1617,0901200010604,0.283588,4628,16319.449342003189,65.4979674796748,135.0,156.0,401.0,198.0,214.0,547.0,2339.0,638.0,13.785652549697494,23.854796888504755,106,373.781683287022,22.904062229904927,208.04829541447452,116.36599574029931,46,Retail trade,70,15.125324114088158,66.0377358490566,Tlalpan,012
1618,0901200010619,0.254446,3406,13385.944365405627,64.12108703130374,100.0,118.0,281.0,150.0,160.0,355.0,1725.0,517.0,15.17909571344686,23.752201996476806,217,852.8332141200883,63.7110980622431,373.36016286363315,373.36016286363315,46,Retail trade,47,13.799177921315327,21.658986175115206,Tlalpan,012
1619,0901200010623,0.2586,3257,12594.740912606341,62.438510189739986,80.0,88.0,243.0,118.0,125.0,373.0,1683.0,547.0,16.794596254221677,20.079828062634327,218,843.000773395205,66.93276020878109,375.0966744006187,390.5645784996133,46,Retail trade,60,18.4218606079214,27.522935779816514,Tlalpan,012
1620,0901200010638,0.254847,3105,12183.780856749345,65.0567142334431,64.0,107.0,201.0,114.0,136.0,324.0,1575.0,584.0,18.808373590982285,20.03220611916264,150,588.5884471859587,48.309178743961354,219.73968694942457,313.9138384991779,46,Retail trade,55,17.713365539452496,36.666666666666664,Tlalpan,012
1621,0901200010642,0.247926,2514,10140.122455894098,60.608773500447626,52.0,59.0,168.0,97.0,106.0,250.0,1279.0,503.0,20.007955449482896,19.172633253778837,155,625.1865475988803,61.654733492442325,173.43884868872163,411.41308293603737,46,Retail trade,63,25.05966587112172,40.645161290322584,Tlalpan,012
1622,0901200010657,0.347677,1833,5272.134768765262,66.60459342023587,43.0,60.0,119.0,64.0,87.0,190.0,900.0,370.0,20.185488270594654,20.349154391707582,272,782.3353284801698,148.39061647572285,299.1282138306532,405.5488283665586,46,Retail trade,115,62.738679759956355,42.279411764705884,Tlalpan,012
1623,0901200010661,0.24437,1039,4251.749396407087,63.293864370290635,14.0,30.0,66.0,34.0,33.0,90.0,567.0,205.0,19.73051010587103,17.03561116458133,4,16.368621352866555,3.8498556304138596,0.0,12.276466014649916,61,Educational services,11,10.587102983638113,275.0,Tlalpan,012
1624,0901200010676,0.252221,3407,13507.994972662864,66.86666666666666,82.0,98.0,227.0,105.0,98.0,352.0,1785.0,660.0,19.371881420604637,17.904314646316408,102,404.40724602630235,29.938362195479893,111.01375381114181,233.9218383877631,81,Other services (except government),50,14.6756677428823,49.01960784313726,Tlalpan,012
1625,0901200010680,0.169127,1570,9282.964872551396,63.8148667601683,25.0,46.0,73.0,52.0,43.0,177.0,785.0,369.0,23.503184713375795,15.222929936305732,72,425.71558651191117,45.859872611464965,153.7306284626346,230.59594269395188,46,Retail trade,61,38.853503184713375,84.72222222222223,Tlalpan,012
1626,0901200010695,0.122714,142,1157.1621819841257,60.68376068376068,0.0,7.0,18.0,4.0,8.0,10.0,63.0,32.0,22.535211267605632,26.056338028169016,39,317.81214857310493,274.6478873239437,97.78835340710921,211.8747657154033,46,Retail trade,41,288.7323943661972,105.12820512820512,Tlalpan,012
1627,0901200010708,0.306116,4664,15236.054306210717,69.3108577094695,116.0,153.0,322.0,185.0,202.0,550.0,2428.0,708.0,15.180102915951972,20.969125214408233,335,1094.3563877745692,71.82675814751286,365.8743744201544,614.1462713481164,46,Retail trade,91,19.51114922813036,27.16417910447761,Tlalpan,012
1628,0901200010712,0.089262,2381,26674.28469001367,59.661946094106895,48.0,52.0,92.0,66.0,74.0,235.0,1197.0,617.0,25.913481730365394,13.943721125577488,14,156.84165714413749,5.879882402351953,56.014877551477674,89.62380408236427,46,Retail trade,42,17.63964720705586,300.0,Tlalpan,012
1629,0901200010727,0.08238,2064,25054.624908958485,54.40084835630965,30.0,37.0,109.0,58.0,54.0,182.0,1019.0,575.0,27.858527131782946,13.953488372093023,18,218.4996358339403,8.720930232558139,48.555474629764504,169.94416120417577,62,Health care and social assistance,28,13.565891472868216,155.55555555555554,Tlalpan,012
1630,0901200010731,0.181168,1730,9549.147752362449,57.351077313054496,26.0,32.0,89.0,41.0,56.0,142.0,854.0,490.0,28.32369942196532,14.104046242774567,92,507.81594983661574,53.179190751445084,154.55268038505696,309.1053607701139,46,Retail trade,45,26.01156069364162,48.91304347826087,Tlalpan,012
1631,0901200010746,0.118987,1681,14127.593770748064,55.534105534105535,20.0,33.0,71.0,36.0,38.0,153.0,850.0,480.0,28.55443188578227,11.778703152885187,19,159.6813097229109,11.302795954788817,42.02139729550287,92.44707405010631,62,Health care and social assistance,18,10.707911957168353,94.73684210526316,Tlalpan,012
1632,0901200010750,0.047631,1093,22947.240242699085,60.76845298281092,16.0,22.0,62.0,20.0,45.0,100.0,540.0,288.0,26.349496797804207,15.096065873741994,4,83.97892129075602,3.659652333028362,20.994730322689005,62.98419096806702,62,Health care and social assistance,33,30.192131747483987,825.0,Tlalpan,012
1633,0901200010765,0.104479,2229,21334.430842561662,57.6320939334638,30.0,47.0,108.0,64.0,70.0,200.0,1089.0,621.0,27.860026917900402,14.311350381336922,21,200.99732960690665,9.421265141318978,76.57041127882158,105.28431550837968,46,Retail trade,35,15.702108568864961,166.66666666666666,Tlalpan,012
1634,090120001077A,0.29766,5418,18201.975408183833,63.790849673202615,163.0,193.0,472.0,274.0,258.0,616.0,2734.0,708.0,13.067552602436324,25.1015134736065,109,366.1896123093462,20.11812476928756,204.93180138412956,104.14566955586912,46,Retail trade,71,13.104466592838685,65.13761467889908,Tlalpan,012
1635,0901200010784,0.267444,3857,14421.710713270815,65.86185819070904,115.0,151.0,319.0,184.0,182.0,401.0,1931.0,574.0,14.882032667876588,24.65646875810215,137,512.2567715110453,35.51983406792844,231.82423236266283,216.8678302747491,46,Retail trade,63,16.33393829401089,45.98540145985402,Tlalpan,012
1636,0901200010799,0.243874,3477,14257.362408456826,64.81605351170569,92.0,106.0,289.0,136.0,187.0,382.0,1714.0,571.0,16.42220304860512,23.295944779982744,160,656.0764985197274,46.01668104687949,274.73203375513583,303.4353805653739,46,Retail trade,42,12.079378774805868,26.25,Tlalpan,012
1637,0901200010801,0.242061,3896,16095.11652021598,63.803496081977094,110.0,126.0,329.0,156.0,168.0,435.0,2012.0,560.0,14.373716632443532,22.818275154004105,170,702.3023122270832,43.634496919917865,297.4456851785294,318.1016355381495,46,Retail trade,42,10.780287474332649,24.705882352941178,Tlalpan,012
1638,0901200010816,0.164532,3627,22044.34395740646,64.62174189446917,84.0,114.0,283.0,168.0,214.0,477.0,1835.0,452.0,12.46208988144472,23.793768955059278,168,1021.0779665961637,46.319272125723735,516.6168283373447,413.2934626698758,46,Retail trade,48,13.234077750206783,28.571428571428573,Tlalpan,012
1639,0901200010820,0.296697,3260,10987.640589557697,63.7579169598874,67.0,102.0,249.0,135.0,157.0,335.0,1677.0,538.0,16.503067484662576,21.779141104294478,151,508.9367266942369,46.31901840490798,178.63342062777852,235.93093290461312,46,Retail trade,50,15.337423312883436,33.11258278145695,Tlalpan,012
1640,0901200010835,0.209971,2361,11244.409942325368,62.439261418853256,43.0,72.0,188.0,101.0,88.0,251.0,1219.0,399.0,16.89961880559085,20.838627700127066,80,381.0049959280091,33.88394747988141,133.3517485748032,200.0276228622048,46,Retail trade,34,14.400677678949597,42.5,Tlalpan,012
1641,090120001084A,0.263044,2339,8892.04847858153,65.24752475247524,56.0,82.0,177.0,105.0,95.0,238.0,1198.0,388.0,16.588285592133392,22.017956391620352,71,269.91681999969586,30.354852501068834,106.44606985903499,125.45429661957695,46,Retail trade,47,20.09405728943993,66.19718309859155,Tlalpan,012
1642,0901200010854,0.2301,1138,4945.6757931334205,62.0889748549323,11.0,28.0,65.0,49.0,42.0,112.0,577.0,254.0,22.319859402460455,17.135325131810195,7,30.421555845284658,6.151142355008787,8.69187309865276,21.729682746631898,46,Retail trade,18,15.817223198594025,257.14285714285717,Tlalpan,012
1643,0901200010869,0.381442,4651,12193.2036849639,64.34302908726178,111.0,159.0,393.0,211.0,211.0,521.0,2334.0,711.0,15.287035046226618,23.32831649107719,128,335.56871031506756,27.52096323371318,159.91946350952438,133.70315801615973,46,Retail trade,82,17.630617071597506,64.0625,Tlalpan,012
1644,0901200010888,0.364992,4587,12567.398737506575,69.01373895976448,78.0,137.0,296.0,170.0,203.0,448.0,2520.0,735.0,16.02354480052322,19.271855243078264,186,509.60021041557076,40.54937867887508,230.14203051025777,219.1828862002455,46,Retail trade,87,18.966644865925442,46.774193548387096,Tlalpan,012
1645,0901200010892,0.390338,5607,14364.473866239003,65.56671449067431,142.0,189.0,397.0,198.0,209.0,632.0,3011.0,829.0,14.785090065988943,20.24255395041912,120,307.4258719366293,21.401819154628143,79.4183502502959,166.52234729900752,46,Retail trade,110,19.6183342250758,91.66666666666667,Tlalpan,012
1646,0901200010905,0.229219,4546,19832.56187314315,62.95918367346939,127.0,158.0,341.0,178.0,167.0,466.0,2332.0,777.0,17.091948966124065,21.35943686757589,116,506.0662510524869,25.516937967443905,235.58256514512323,205.0440844781628,46,Retail trade,63,13.858336999560052,54.310344827586206,Tlalpan,012
1647,090120001091A,0.185081,3968,21439.261728648537,65.40133294697189,111.0,122.0,283.0,154.0,177.0,449.0,2062.0,610.0,15.372983870967742,21.34576612903226,217,1172.4596257854669,54.6875,632.1556507691228,437.6462197632388,46,Retail trade,45,11.340725806451612,20.737327188940093,Tlalpan,012
1648,0901200010924,0.499576,5214,10436.850449180905,68.0719024181468,93.0,132.0,316.0,167.0,159.0,446.0,2774.0,1127.0,21.61488300728807,16.6283084004603,75,150.12730795714765,14.384349827387801,42.03564622800135,90.0763847742886,72,Accommodation and food services,94,18.028385116992713,125.33333333333333,Tlalpan,012
1649,0901200010939,0.351639,3144,8940.987774393625,64.90915568222302,62.0,100.0,175.0,105.0,125.0,309.0,1539.0,729.0,23.18702290076336,18.03435114503817,193,548.8583462016443,61.38676844783715,210.44309647109677,290.070214054755,46,Retail trade,186,59.16030534351145,96.37305699481865,Tlalpan,012
1650,0901200010943,0.336117,2352,6997.56334847687,58.169934640522875,28.0,57.0,122.0,71.0,87.0,260.0,1100.0,627.0,26.658163265306122,15.518707482993197,116,345.1179202480089,49.31972789115646,65.45339866772582,220.16143188235048,81,Other services (except government),95,40.39115646258504,81.89655172413794,Tlalpan,012
1651,0901200010958,0.388668,1529,3933.948768614859,51.01045296167247,13.0,23.0,58.0,43.0,44.0,138.0,699.0,511.0,33.42053629823414,11.8378024852845,227,584.0460238558359,148.4630477436233,203.2583078617226,337.0485864542489,46,Retail trade,132,86.33093525179856,58.14977973568282,Tlalpan,012
1652,0901200010962,0.284554,1858,6529.516365962172,64.1808573106283,17.0,41.0,97.0,49.0,66.0,187.0,988.0,413.0,22.228202368137783,14.531754574811625,144,506.0550897193503,77.502691065662,189.77065864475637,288.1702594235189,46,Retail trade,83,44.67168998923574,57.638888888888886,Tlalpan,012
1653,0901200010977,0.421074,221,524.8483639455297,68.2051282051282,4.0,9.0,13.0,8.0,8.0,19.0,121.0,39.0,17.647058823529413,19.004524886877828,51,121.11885321819918,230.76923076923077,21.373915273799856,61.74686634653291,46,Retail trade,57,257.9185520361991,111.76470588235294,Tlalpan,012
1654,0901200010981,0.508428,2639,5190.508783937942,66.9058674546222,61.0,65.0,144.0,89.0,103.0,315.0,1383.0,479.0,18.15081470253884,17.50663129973475,75,147.513512237721,28.419856006062904,43.27063025639815,78.67387319345119,46,Retail trade,94,35.619552860932174,125.33333333333333,Tlalpan,012
1655,0901200010996,0.144888,695,4796.808569377727,62.149532710280376,9.0,12.0,32.0,19.0,17.0,53.0,348.0,205.0,29.496402877697843,12.805755395683454,62,427.916735685495,89.20863309352518,131.1357738391033,282.97719617911764,46,Retail trade,113,162.58992805755395,182.25806451612902,Tlalpan,012
1656,0901200011000,0.308719,1790,5798.153012934092,62.2533418204965,46.0,60.0,113.0,81.0,83.0,231.0,890.0,286.0,15.977653631284916,21.396648044692736,97,314.2015878517357,54.18994413407821,90.69736556544949,197.59068926758638,46,Retail trade,78,43.57541899441341,80.41237113402062,Tlalpan,012
1657,0901200011015,0.228352,1631,7142.48178251121,64.12825651302605,21.0,28.0,85.0,64.0,54.0,184.0,865.0,330.0,20.23298589822195,15.450643776824034,114,499.2292600896861,69.89576946658492,140.13452914798205,284.64826233183857,46,Retail trade,75,45.98405885959534,65.78947368421052,Tlalpan,012
1658,090120001102A,0.335403,3038,9057.7603658882,66.1366100469823,45.0,70.0,156.0,90.0,107.0,259.0,1570.0,741.0,24.391046741277155,15.404871626069783,166,494.9269982677555,54.64121132323897,181.8707644236933,244.48201119250572,46,Retail trade,167,54.97037524687294,100.60240963855422,Tlalpan,012
1659,0901200011034,0.214195,1194,5574.359812320549,59.67302452316076,21.0,26.0,46.0,34.0,45.0,126.0,553.0,343.0,28.726968174204355,14.40536013400335,9,42.01778753005439,7.5376884422110555,18.674572235579728,18.674572235579728,46,Retail trade,27,22.613065326633166,300.0,Tlalpan,012
1660,0901200011049,0.739974,37,50.00175681848281,54.285714285714285,0.0,0.0,,0.0,,10.0,,8.0,21.62162162162162,,3,4.054196498795903,81.08108108108108,0.0,4.054196498795903,52,Finance and insurance,5,135.13513513513513,166.66666666666666,Tlalpan,012
1661,0901200011053,0.157892,1405,8898.487573784612,66.93163751987281,35.0,47.0,65.0,40.0,34.0,135.0,754.0,295.0,20.99644128113879,15.729537366548042,1,6.333443113013959,0.7117437722419929,0.0,6.333443113013959,81,Other services (except government),10,7.117437722419929,1000.0,Tlalpan,012
1662,0901200011068,0.22014,2082,9457.617879531208,62.7181385510312,43.0,53.0,95.0,68.0,66.0,198.0,1159.0,400.0,19.21229586935639,15.609990393852065,87,395.20305260288904,41.78674351585014,136.2769146906514,218.04306350504226,46,Retail trade,80,38.42459173871278,91.95402298850574,Tlalpan,012
1663,0901200011072,0.845142,9407,11130.673898587456,62.87074331746613,226.0,289.0,696.0,367.0,392.0,1041.0,4648.0,1748.0,18.581907090464547,20.941851812480067,260,307.6406095070414,27.63899223982141,121.87301068932794,147.9041391860776,46,Retail trade,144,15.30774954820878,55.38461538461539,Tlalpan,012
1664,0901200011087,0.028108,1070,38067.45410559271,59.4810379241517,16.0,20.0,32.0,22.0,35.0,117.0,575.0,253.0,23.64485981308411,11.682242990654206,1,35.57705991176889,0.9345794392523364,0.0,35.57705991176889,53,Real estate and rental,1,0.9345794392523364,100.0,Tlalpan,012
1665,0901200011091,0.03427,977,28508.899912459878,65.75492341356674,16.0,14.0,33.0,21.0,34.0,117.0,513.0,229.0,23.43909928352098,12.077789150460594,1,29.180040852057193,1.0235414534288638,0.0,29.180040852057193,53,Real estate and rental,16,16.37666325486182,1600.0,Tlalpan,012
1666,0901200011104,0.179316,3069,17115.03714113632,68.11214953271028,64.0,89.0,241.0,130.0,108.0,345.0,1592.0,500.0,16.291951775822742,20.593027044639946,121,674.7864105824355,39.42652329749104,323.4513373039773,267.6838653550157,46,Retail trade,79,25.741283805799934,65.2892561983471,Tlalpan,012
1667,0901200011119,0.244721,4921,20108.61348229208,65.4341212263047,94.0,139.0,339.0,216.0,205.0,498.0,2552.0,878.0,17.841902052428367,20.178825441983335,299,1221.7995186355074,60.760008128429185,576.1663281859751,539.3897540464448,46,Retail trade,86,17.476122739280633,28.762541806020067,Tlalpan,012
1668,0901200011123,0.366442,3913,10678.36110489518,63.11787072243346,95.0,117.0,282.0,135.0,171.0,459.0,1965.0,689.0,17.60797342192691,20.444671607462304,140,382.05227566709056,35.77817531305904,120.07357235251418,223.77347574786734,46,Retail trade,97,24.789164324048045,69.28571428571429,Tlalpan,012
1669,0901200011142,0.202599,3328,16426.53714973914,67.53069577080491,75.0,87.0,234.0,121.0,143.0,351.0,1782.0,535.0,16.075721153846153,19.83173076923077,140,691.0201925971994,42.06730769230769,246.79292592757122,320.8308037058426,46,Retail trade,49,14.723557692307692,35.0,Tlalpan,012
1670,0901200011157,0.500313,5346,10685.310995316931,63.35593961933931,180.0,191.0,404.0,284.0,236.0,611.0,2569.0,871.0,16.29255518144407,24.223718668163112,123,245.84610034118643,23.007856341189676,83.94744889699048,125.92117334548573,46,Retail trade,97,18.144407033295924,78.86178861788618,Tlalpan,012
1671,0901200011161,0.402682,5990,14875.261372497405,63.68991069732092,117.0,190.0,420.0,240.0,267.0,675.0,3034.0,1047.0,17.47913188647746,20.601001669449083,223,553.7868591096696,37.228714524207014,233.4348195350177,245.85156525496546,46,Retail trade,121,20.20033388981636,54.26008968609865,Tlalpan,012
1672,0901200011176,0.337396,3254,9644.45340193719,63.061074319352464,94.0,134.0,303.0,135.0,139.0,361.0,1595.0,493.0,15.150583896742472,24.73878303626306,318,942.5126557516983,97.7258758451137,447.54531766825926,391.23166842523324,46,Retail trade,135,41.48740012292563,42.45283018867924,Tlalpan,012
1673,0901200011195,0.597867,5300,8864.847867502303,65.03449810816826,154.0,181.0,472.0,247.0,282.0,612.0,2611.0,741.0,13.981132075471699,25.20754716981132,163,272.6358872458256,30.754716981132077,123.77334758399444,108.7198323372924,46,Retail trade,95,17.92452830188679,58.282208588957054,Tlalpan,012
1674,0901200011212,0.458515,3550,7742.385745286414,69.41508104298802,127.0,187.0,398.0,185.0,158.0,428.0,1711.0,356.0,10.028169014084506,29.718309859154928,261,569.2289238083814,73.52112676056338,255.17158653479166,229.00014176199252,46,Retail trade,87,24.507042253521128,33.333333333333336,Tlalpan,012
1675,0901200011299,0.38111,5328,13980.215685760017,65.4156665939341,142.0,169.0,414.0,223.0,238.0,601.0,2688.0,853.0,16.00975975975976,22.25975975975976,137,359.47626669465507,25.713213213213212,204.66531972396422,128.57180341633648,46,Retail trade,76,14.264264264264265,55.47445255474452,Tlalpan,012
1676,0901200011316,0.331825,6902,20800.120545468242,70.65420560747664,181.0,270.0,566.0,295.0,302.0,753.0,3496.0,1039.0,15.053607649956534,23.384526224282816,181,545.4682438032095,26.224282816574906,247.11820989979657,223.00911625103595,46,Retail trade,70,10.141987829614605,38.67403314917127,Tlalpan,012
1677,0901200011369,0.308472,5374,17421.354288233615,65.09289617486338,154.0,197.0,447.0,234.0,253.0,624.0,2748.0,717.0,13.342017119464087,23.91142538146632,323,1047.096657070982,60.104205433569035,531.6527918255141,421.4320910812002,46,Retail trade,101,18.794194268701155,31.269349845201237,Tlalpan,012
1678,0901200011388,0.399413,3739,9361.237616201775,64.34375,111.0,133.0,295.0,164.0,182.0,412.0,1897.0,545.0,14.576089863599893,23.669430328964964,37,92.63594324671455,9.89569403583846,42.56246041065263,42.56246041065263,46,Retail trade,39,10.430596416154051,105.4054054054054,Tlalpan,012
1679,0901200011424,0.250386,4485,17912.343341880136,64.38105208060718,153.0,175.0,335.0,156.0,204.0,475.0,2271.0,716.0,15.96432552954292,22.809364548494983,176,702.9146997036576,39.24191750278707,371.4265174570463,267.5868459099151,46,Retail trade,42,9.364548494983278,23.863636363636363,Tlalpan,012
1680,0901200011439,0.274909,3716,13517.20023716939,65.35556954059156,97.0,129.0,312.0,167.0,154.0,389.0,1863.0,605.0,16.280947255113023,23.116254036598495,118,429.23294617491604,31.754574811625403,218.25404042792343,167.32809766140795,46,Retail trade,46,12.378902045209903,38.983050847457626,Tlalpan,012
1681,0901200011443,0.30007,4658,15523.044622921318,62.85064442759666,136.0,159.0,406.0,231.0,226.0,556.0,2273.0,671.0,14.405324173465006,24.860455130957494,263,876.4621588296064,56.46200085873765,426.5671343353218,369.9136868064118,46,Retail trade,59,12.66638042078145,22.433460076045627,Tlalpan,012
1682,0901200011458,0.249683,3878,15531.694188230676,64.66848319709355,96.0,139.0,337.0,195.0,158.0,436.0,1958.0,559.0,14.41464672511604,23.852501289324394,115,460.58402053804224,29.6544610624033,176.22345133629443,220.27931417036802,46,Retail trade,42,10.830324909747292,36.52173913043478,Tlalpan,012
1683,0901200011462,0.815353,11014,13508.259612707625,67.78278600558059,303.0,437.0,954.0,479.0,483.0,1225.0,5858.0,1275.0,11.576175776284728,24.114763028872343,273,334.82430309326145,24.78663519157436,148.4019804918851,134.91089135625919,46,Retail trade,217,19.702197203559106,79.48717948717949,Tlalpan,012
1684,0901200011477,0.276103,6749,24443.776416772,67.15131933225632,199.0,318.0,661.0,351.0,346.0,742.0,3271.0,861.0,12.757445547488517,27.78189361386872,274,992.3832772552272,40.59860720106683,543.2755167455623,365.80551460867866,46,Retail trade,74,10.964587346273522,27.00729927007299,Tlalpan,012
1685,0901200011481,0.361915,5592,15451.14184269787,64.63257412978083,178.0,248.0,505.0,260.0,250.0,633.0,2752.0,766.0,13.698140200286122,25.7689556509299,141,389.59424174184545,25.21459227467811,163.02170399126868,187.8894215492588,46,Retail trade,112,20.028612303290416,79.43262411347517,Tlalpan,012
1686,0901200011496,0.399566,8186,20487.22864307774,63.46555323590814,293.0,331.0,784.0,378.0,403.0,973.0,4048.0,976.0,11.922795015880771,26.740776936232592,229,573.1218371933547,27.974590764720254,337.8665852449908,172.6873657918842,46,Retail trade,59,7.2074273149279255,25.76419213973799,Tlalpan,012
1687,0901200011509,0.272733,5341,19583.25541830288,63.10320942045717,164.0,263.0,583.0,288.0,279.0,607.0,2588.0,569.0,10.653435686201085,29.526305935218122,189,692.9854473056066,35.38663171690695,359.325787491796,223.6619697653016,46,Retail trade,96,17.97416214192099,50.79365079365079,Tlalpan,012
1688,0901200011513,0.315935,5884,18624.084067925363,65.09060612372423,214.0,250.0,618.0,314.0,300.0,665.0,2876.0,647.0,10.995921142080217,28.823929299796056,232,734.3282637251333,39.428959891230456,386.1553800623546,265.877474797031,46,Retail trade,83,14.106050305914344,35.775862068965516,Tlalpan,012
1689,0901200011547,1.648839,2859,1733.9473411291217,66.97362913352868,91.0,122.0,257.0,128.0,131.0,327.0,1507.0,296.0,10.353270374256732,25.498426023084996,77,46.6995261514314,26.932493878978665,23.046519399407703,18.194620578479768,46,Retail trade,27,9.44386149003148,35.064935064935064,Tlalpan,012
1690,0901200011566,0.786527,305,387.78071191453057,61.74242424242424,11.0,14.0,16.0,14.0,15.0,31.0,155.0,49.0,16.065573770491802,22.950819672131146,11,13.985533872327332,36.0655737704918,5.085648680846303,8.89988519148103,46,Retail trade,10,32.78688524590164,90.9090909090909,Tlalpan,012
1691,0901200011570,0.971698,7052,7257.39890377463,64.8734707558237,215.0,259.0,611.0,317.0,340.0,795.0,3710.0,805.0,11.415201361315939,24.702212138400455,169,173.92235035988548,23.96483267158253,79.2427276787644,71.00971701084082,46,Retail trade,86,12.195121951219512,50.887573964497044,Tlalpan,012
1692,0901200011585,1.349977,1883,1394.8385787313414,71.1734693877551,51.0,80.0,184.0,88.0,100.0,194.0,955.0,231.0,12.267657992565056,26.71269251194902,16,11.852053775730994,8.49707912904939,7.407533609831871,4.444520165899123,46,Retail trade,22,11.683483802442911,137.5,Tlalpan,012
1693,090120001159A,1.187385,3741,3150.6209022347425,68.11779769526248,114.0,142.0,361.0,174.0,148.0,455.0,1873.0,474.0,12.670408981555735,25.100240577385726,72,60.637451205800986,19.246190858059343,27.792165135992118,26.107791491386536,46,Retail trade,97,25.928896017107725,134.72222222222223,Tlalpan,012
1694,0901200011602,1.337595,5746,4295.769646268115,63.650140723100236,214.0,308.0,605.0,339.0,307.0,721.0,2722.0,530.0,9.223807866341803,30.856247824573618,179,133.82227056769798,31.152105812739297,78.4990972603815,36.6329120548447,46,Retail trade,91,15.83710407239819,50.83798882681564,Tlalpan,012
1695,0901200011617,1.372881,6711,4888.260526586062,64.63617848546565,255.0,327.0,723.0,377.0,396.0,845.0,3167.0,621.0,9.253464461332142,30.964088809417376,140,101.97533508002515,20.861272537624796,56.08643429401383,34.23457677686559,46,Retail trade,75,11.175681716584712,53.57142857142857,Tlalpan,012
1696,0901200011621,1.460361,5835,3995.587392432419,68.86081108620338,175.0,233.0,520.0,271.0,260.0,696.0,2954.0,726.0,12.442159383033419,25.004284490145672,72,49.30287785006584,12.339331619537274,24.65143892503292,15.749530424326588,46,Retail trade,76,13.024850042844902,105.55555555555556,Tlalpan,012
1697,0901200011636,0.504102,4273,8476.459129303197,67.91044776119404,133.0,153.0,369.0,189.0,197.0,530.0,2164.0,538.0,12.590685700912708,24.362274748420315,32,63.47921650777025,7.488883688275217,31.739608253885127,17.853529642810383,46,Retail trade,36,8.424994149309619,112.5,Tlalpan,012
1698,0901200011640,0.991674,7425,7487.339589421524,65.4980964467005,214.0,248.0,659.0,338.0,354.0,884.0,3866.0,862.0,11.609427609427609,24.41750841750842,113,113.94873718580905,15.21885521885522,58.486962449353314,39.32744026766861,46,Retail trade,64,8.61952861952862,56.63716814159292,Tlalpan,012
1699,0901200011655,0.321116,1380,4297.51242541636,68.01801801801801,70.0,57.0,143.0,84.0,89.0,185.0,666.0,86.0,6.231884057971015,32.10144927536232,12,37.36967326449009,8.695652173913043,37.36967326449009,0.0,46,Retail trade,22,15.942028985507246,183.33333333333334,Tlalpan,012
1700,090120001173A,0.164216,1732,10547.084327958299,68.43636363636364,74.0,83.0,200.0,83.0,100.0,266.0,804.0,122.0,7.043879907621247,31.17782909930716,23,140.05943391630535,13.27944572748268,109.61173089102158,18.268621815170263,46,Retail trade,13,7.505773672055427,56.52173913043478,Tlalpan,012
1701,0901200011744,2.283913,4101,1795.6025470322206,62.63417464461851,129.0,171.0,354.0,223.0,223.0,473.0,1996.0,532.0,12.97244574494026,26.822726164350158,98,42.9088148278853,23.896610582784685,21.45440741394265,16.20026682277302,46,Retail trade,71,17.312850524262377,72.44897959183673,Tlalpan,012
1702,0901200011759,0.971565,6,6.175603279245341,,,,,,,,,,,,0,0.0,0.0,0.0,0.0,,,0,0.0,,Tlalpan,012
1703,0901200011890,0.246784,434,1758.6229253112033,69.81627296587926,8.0,15.0,30.0,11.0,13.0,45.0,222.0,90.0,20.737327188940093,17.741935483870968,101,409.26478215767634,232.7188940092166,117.51167012448133,263.38822614107886,46,Retail trade,55,126.72811059907833,54.45544554455446,Tlalpan,012
1704,0901200011903,0.229643,1255,5465.004376358086,66.57657657657657,32.0,27.0,86.0,45.0,42.0,131.0,669.0,223.0,17.768924302788843,18.48605577689243,48,209.02008770134512,38.24701195219124,34.836681283557525,134.99213997378538,46,Retail trade,29,23.10756972111554,60.416666666666664,Tlalpan,012
1705,0901200011918,0.319019,2803,8786.310533228429,60.73094867807154,35.0,58.0,138.0,84.0,82.0,247.0,1358.0,801.0,28.57652515162326,14.163396361041741,231,724.094803130848,82.411701748127,385.55697309564636,316.59556327366084,46,Retail trade,119,42.454513021762395,51.515151515151516,Tlalpan,012
1706,0901200011922,0.083858,1080,12878.914355219538,60.53169734151329,20.0,27.0,55.0,23.0,33.0,93.0,547.0,282.0,26.11111111111111,14.62962962962963,12,143.0990483913282,11.11111111111111,11.924920699277349,131.17412769205086,81,Other services (except government),9,8.333333333333334,75.0,Tlalpan,012
1707,0901200011937,0.084077,1884,22408.030733732176,59.7895967270602,16.0,43.0,114.0,61.0,55.0,146.0,940.0,509.0,27.016985138004248,15.339702760084926,68,808.7824256336454,36.09341825902335,416.2850720173175,356.81577601484355,46,Retail trade,16,8.492569002123142,23.529411764705884,Tlalpan,012
1708,0901200011941,0.074594,1424,19090.007239188137,61.2725844461901,19.0,39.0,91.0,47.0,57.0,120.0,695.0,356.0,25.0,17.76685393258427,1,13.40590396010403,0.702247191011236,0.0,13.40590396010403,81,Other services (except government),9,6.320224719101123,900.0,Tlalpan,012
1709,0901200011956,0.713448,3097,4340.890996961236,60.96351399220687,55.0,69.0,150.0,93.0,101.0,333.0,1419.0,877.0,28.31772683241847,15.111398127219891,127,178.00876868391248,41.00742654181466,22.426301566477164,107.92657628867136,52,Finance and insurance,98,31.64352599289635,77.16535433070867,Tlalpan,012
1710,0901200011960,3.568093,2219,621.9008304996535,61.761811023622045,40.0,48.0,99.0,68.0,78.0,260.0,1015.0,611.0,27.53492564218116,15.006759801712484,121,33.91167214531684,54.529067147363676,7.567067338211196,21.0196314950311,46,Retail trade,66,29.74312753492564,54.54545454545455,Tlalpan,012
1711,0901200011975,0.440905,4266,9675.553690704346,60.44352759154203,72.0,95.0,221.0,138.0,148.0,499.0,2181.0,912.0,21.37834036568214,15.799343647444914,159,360.6219026774475,37.271448663853725,129.27955001644347,195.0533561651603,46,Retail trade,134,31.411157993436476,84.27672955974843,Tlalpan,012
1712,090120001198A,0.068606,1589,23161.239541731044,54.38472418670438,28.0,45.0,99.0,50.0,42.0,175.0,728.0,422.0,26.557583385777217,16.614222781623663,29,422.7035536250474,18.250471994965388,131.1838614698423,262.3677229396846,72,Accommodation and food services,8,5.0346129641283826,27.586206896551722,Tlalpan,012
1713,0901200011994,0.16241,3188,19629.33316913983,51.77909562638992,78.0,121.0,291.0,162.0,152.0,319.0,1697.0,368.0,11.543287327478042,25.21957340025094,103,634.1974016378302,32.30865746549561,363.27812326827166,215.50397143033064,46,Retail trade,37,11.606022584692598,35.922330097087375,Tlalpan,012
1714,0901200012009,0.894934,7701,8605.103840059714,63.96243842364532,227.0,295.0,659.0,338.0,382.0,904.0,3904.0,992.0,12.881443968315804,24.685105830411636,236,263.70659735801746,30.645370731073886,100.56607526365073,125.14889366143201,46,Retail trade,191,24.801973769640306,80.9322033898305,Tlalpan,012
1715,0901200012013,0.939872,8368,8903.340029280584,62.28256257955027,259.0,330.0,705.0,344.0,363.0,974.0,4216.0,1177.0,14.065487571701722,23.912523900573614,410,436.22961424534407,48.996175908221794,226.62660447380068,162.7881243403357,46,Retail trade,172,20.554493307839387,41.951219512195124,Tlalpan,012
1716,0901200012047,0.277635,5793,20865.524879788212,64.24546023794615,182.0,255.0,565.0,292.0,298.0,680.0,2856.0,665.0,11.479371655446228,27.481443121008112,80,288.1481081275776,13.809770412566891,180.09256757973597,82.84258108667855,46,Retail trade,45,7.767995857068876,56.25,Tlalpan,012
1717,0901200012051,0.211936,4700,22176.506115053602,67.20332381199688,166.0,204.0,479.0,233.0,231.0,591.0,2314.0,482.0,10.25531914893617,27.93617021276596,146,688.8872112335799,31.06382978723404,415.21968896270573,207.60984448135287,46,Retail trade,41,8.72340425531915,28.08219178082192,Tlalpan,012
1718,0901200012066,0.338865,3434,10133.82910598616,66.60137120470128,66.0,89.0,210.0,99.0,116.0,316.0,1921.0,617.0,17.967384973791496,16.8899242865463,76,224.27810485001402,22.1316249271986,70.82466468947811,135.74727398816637,46,Retail trade,32,9.3185789167152,42.10526315789474,Tlalpan,012
1719,0901200012070,1.35482,1962,1448.1628555822913,61.915367483296215,31.0,39.0,96.0,49.0,41.0,183.0,1052.0,471.0,24.00611620795107,13.047910295616717,143,105.54907663010584,72.88481141692151,31.000428101149968,70.1200159430773,46,Retail trade,103,52.49745158002039,72.02797202797203,Tlalpan,012
1720,0901200012085,0.204131,2529,12389.103075965924,64.52464788732394,50.0,80.0,127.0,91.0,76.0,252.0,1396.0,457.0,18.070383550810597,16.765519968366945,51,249.8395638095145,20.166073546856467,73.4822246498572,161.66089422968585,46,Retail trade,24,9.489916963226571,47.05882352941177,Tlalpan,012
1721,0901200012102,0.273179,2730,9993.447519758107,66.03084415584415,30.0,75.0,161.0,90.0,113.0,241.0,1405.0,615.0,22.52747252747253,17.17948717948718,43,157.40594994490792,15.75091575091575,58.56965579345411,80.5332767159994,46,Retail trade,37,13.553113553113553,86.04651162790698,Tlalpan,012
1722,0901200012121,1.609685,13974,8681.201601555584,64.63732681336593,308.0,404.0,992.0,580.0,563.0,1729.0,7116.0,2282.0,16.330327751538572,20.373550880206096,188,116.79303714701945,13.4535566051238,50.320404302705185,57.15403945492441,46,Retail trade,168,12.022327179046801,89.36170212765957,Tlalpan,012
1723,0901200012136,0.297608,4691,15762.345098250047,61.75092478421701,141.0,149.0,346.0,188.0,197.0,555.0,2348.0,767.0,16.350458324451075,21.765082072052866,149,500.6585844466547,31.762950330419955,208.32773312545362,241.92898040375258,46,Retail trade,60,12.790449797484545,40.26845637583892,Tlalpan,012
1724,0901200012140,0.434652,6515,14989.002696410002,62.12228937077853,163.0,221.0,503.0,264.0,282.0,711.0,3410.0,961.0,14.750575594781274,21.995395241749808,73,167.95045231587568,11.204911742133538,78.22349833890101,78.22349833890101,46,Retail trade,72,11.051419800460476,98.63013698630137,Tlalpan,012
1725,0901200012155,4.330418,4856,1121.3698077183312,31.31585395736339,142.0,196.0,437.0,240.0,171.0,1864.0,1736.0,70.0,1.441515650741351,24.42339373970346,50,11.546229486391383,10.29654036243822,3.0020196664617598,6.6968131021070025,46,Retail trade,13,2.6771004942339376,26.0,Tlalpan,012
1726,090120001216A,0.183352,3015,16443.78026964527,59.84251968503937,82.0,108.0,158.0,82.0,105.0,321.0,1587.0,572.0,18.971807628524047,17.744610281923716,85,463.58916183079543,28.192371475953564,119.98778306208823,294.51546751603473,81,Other services (except government),51,16.915422885572138,60.0,Tlalpan,012
1727,0901200012174,0.095026,1993,20973.20733272999,62.66816143497758,39.0,58.0,112.0,62.0,54.0,170.0,1071.0,427.0,21.424987456096336,16.30707476166583,68,715.5936270073454,34.119417962870045,210.4687138256898,473.5546061078021,46,Retail trade,17,8.529854490717511,25.0,Tlalpan,012
1728,0901200012189,0.349679,5279,15096.702976158134,67.38263950398583,133.0,181.0,449.0,213.0,226.0,578.0,2714.0,785.0,14.870240575866642,22.769463913620005,234,669.1851669674187,44.32657700322031,274.53750439688974,308.8546924465009,46,Retail trade,64,12.123508240197006,27.35042735042735,Tlalpan,012
1729,0901200012193,0.266741,5723,21455.26934367045,67.42408593265854,165.0,230.0,487.0,245.0,276.0,661.0,2997.0,662.0,11.56735977634108,24.515114450463045,128,479.8662372863564,22.365892014677616,247.43102860077752,198.69461387638196,46,Retail trade,85,14.852350165996855,66.40625,Tlalpan,012
1730,0901200012206,0.249492,4752,19046.702900293396,68.07244501940491,179.0,212.0,496.0,214.0,251.0,636.0,2386.0,378.0,7.954545454545454,28.45117845117845,121,484.98549051673,25.462962962962962,292.594552129928,120.24433649175124,46,Retail trade,43,9.048821548821548,35.53719008264463,Tlalpan,012
1731,0901200012210,0.315862,4455,14104.260721454306,68.86715566422168,142.0,190.0,442.0,208.0,225.0,590.0,2311.0,347.0,7.789001122334455,27.093153759820428,181,573.0350596146418,40.62850729517396,284.9345600293799,215.28388979997595,46,Retail trade,54,12.121212121212121,29.834254143646408,Tlalpan,012
1732,0901200012225,0.260031,6664,25627.71361876084,70.70168993387215,225.0,318.0,677.0,359.0,355.0,848.0,3296.0,586.0,8.793517406962785,29.021608643457384,254,976.8066115193958,38.11524609843938,542.2430402528929,299.96423503351525,46,Retail trade,98,14.705882352941176,38.58267716535433,Tlalpan,012
1733,090120001223A,0.288725,7153,24774.43934539787,65.62447751212171,222.0,264.0,656.0,319.0,355.0,833.0,3615.0,889.0,12.42835174052845,25.38794911226059,148,512.5984933760499,20.6906193205648,294.3977833578665,169.71166334747596,46,Retail trade,107,14.958758562840766,72.29729729729729,Tlalpan,012
1734,0901200012244,0.207224,2254,10877.118480484885,75.59880239520957,43.0,60.0,147.0,78.0,86.0,220.0,1218.0,402.0,17.834960070984916,18.367346938775512,20,96.51391730687565,8.873114463176575,48.25695865343783,33.77987105740648,46,Retail trade,51,22.626441881100266,255.0,Tlalpan,012
1735,0901200012259,0.118362,1778,15021.713049796386,68.65284974093264,39.0,61.0,134.0,52.0,58.0,166.0,893.0,375.0,21.09111361079865,19.34758155230596,48,405.53556039945255,26.996625421822273,202.76778019972627,152.0758351497947,46,Retail trade,24,13.498312710911136,50.0,Tlalpan,012
1736,0901200012263,0.338142,6035,17847.53151043053,64.171974522293,214.0,248.0,549.0,282.0,300.0,693.0,2988.0,761.0,12.609776304888152,26.396023198011598,224,662.4435887881423,37.11681855840928,310.5204322444417,277.989720295024,46,Retail trade,82,13.587406793703398,36.607142857142854,Tlalpan,012
1737,0901200012278,0.128497,3299,25673.751138158867,64.81348637015782,95.0,125.0,291.0,160.0,150.0,415.0,1675.0,388.0,11.761139739314943,24.886329190663837,58,451.3724055814533,17.58108517732646,249.03305135528456,178.99250566161078,46,Retail trade,35,10.609275538041832,60.3448275862069,Tlalpan,012
1738,0901200012282,0.294719,5014,17012.815597229903,68.00573888091822,138.0,213.0,481.0,241.0,215.0,629.0,2614.0,483.0,9.63302752293578,25.68807339449541,102,346.0923795208317,20.343039489429597,179.8323148490596,142.50862686151893,46,Retail trade,36,7.179896290386917,35.294117647058826,Tlalpan,012
1739,0901200012333,0.03429,264,7699.037620297463,65.21739130434783,14.0,9.0,34.0,14.0,14.0,38.0,121.0,20.0,7.575757575757576,32.196969696969695,1,29.163021289005542,3.787878787878788,29.163021289005542,0.0,46,Retail trade,13,49.24242424242424,1300.0,Tlalpan,012
1740,0901200012348,0.099015,638,6443.468161389688,67.57281553398059,24.0,29.0,70.0,28.0,27.0,106.0,308.0,46.0,7.210031347962382,27.899686520376175,2,20.19895975357269,3.134796238244514,10.099479876786345,0.0,31-33,Manufacturing,6,9.404388714733543,300.0,Tlalpan,012
1741,0901200012352,0.586799,915,1559.3073607828235,67.32283464566929,32.0,39.0,81.0,52.0,37.0,122.0,470.0,82.0,8.96174863387978,26.338797814207652,2,3.408322100071745,2.185792349726776,3.408322100071745,0.0,46,Retail trade,9,9.836065573770492,450.0,Tlalpan,012
1742,0901200012367,0.050119,22,438.95528641832436,36.8421052631579,0.0,,,3.0,0.0,0.0,,4.0,18.181818181818183,,1,19.952513019014745,45.45454545454545,0.0,19.952513019014745,81,Other services (except government),2,90.9090909090909,200.0,Tlalpan,012
1743,0901200012371,0.196618,17,86.46207366568676,56.25,0.0,0.0,,,,4.0,,3.0,17.647058823529413,,0,0.0,0.0,0.0,0.0,,,5,294.11764705882354,,Tlalpan,012
1744,0901200012386,0.068033,153,2248.908617876619,69.23076923076923,4.0,10.0,22.0,9.0,8.0,18.0,74.0,8.0,5.228758169934641,34.64052287581699,0,0.0,0.0,0.0,0.0,,,2,13.071895424836601,,Tlalpan,012
1745,0901200012441,2.069384,10407,5029.032794300139,62.52713355420998,309.0,400.0,924.0,485.0,551.0,1250.0,5277.0,1211.0,11.636398577880273,25.64619967329682,241,116.45977740235742,23.15749015086,59.921213269262736,43.007967588422446,46,Retail trade,128,12.299413856058422,53.11203319502075,Tlalpan,012
1746,0901200012456,0.478929,2522,5265.916242282259,65.24789522918616,67.0,102.0,215.0,113.0,115.0,293.0,1302.0,315.0,12.490087232355274,24.266455194290245,92,192.09527925851222,36.47898493259318,79.34370230242897,77.25571013657557,46,Retail trade,37,14.670896114195083,40.21739130434783,Tlalpan,012
1747,0901200192460,0.658491,1532,2326.5314180451974,62.37864077669903,74.0,71.0,151.0,78.0,67.0,215.0,739.0,137.0,8.942558746736292,28.78590078328982,44,66.81944020495345,28.720626631853786,36.446967384520065,25.816601897368376,46,Retail trade,47,30.678851174934724,106.81818181818181,Tlalpan,012
1748,0901200192475,0.887192,1665,1876.7076348749763,60.8294930875576,63.0,105.0,195.0,82.0,89.0,181.0,769.0,181.0,10.87087087087087,32.072072072072075,89,100.31650420653027,53.453453453453456,63.120497028828034,27.051641583783443,46,Retail trade,44,26.426426426426428,49.438202247191015,Tlalpan,012
1749,0901200261528,1.271189,7452,5862.228197380563,64.77832512315271,256.0,325.0,778.0,387.0,396.0,923.0,3595.0,792.0,10.628019323671497,28.743961352657006,455,357.93261269567313,61.05743424584004,184.8662944691938,132.94639900125,46,Retail trade,93,12.47987117552335,20.439560439560438,Tlalpan,012
1750,0901200261532,0.750586,6957,9268.758010407868,66.92239072256913,251.0,306.0,795.0,371.0,354.0,838.0,3324.0,718.0,10.32054046284318,29.854822480954436,322,428.99814278443773,46.28431795314072,238.48033403234274,118.57402083172347,46,Retail trade,83,11.930429782952421,25.77639751552795,Tlalpan,012
1751,090120026166A,0.408772,1406,3439.570224966485,65.9265584970111,47.0,48.0,140.0,61.0,82.0,169.0,713.0,146.0,10.38406827880512,26.884779516358464,58,141.88838765864588,41.25177809388336,61.15878778389909,56.266084761187166,46,Retail trade,34,24.182076813655762,58.62068965517241,Tlalpan,012
1752,0901200261674,0.972035,6579,6768.274804919576,65.81451763388692,241.0,280.0,639.0,311.0,319.0,813.0,3214.0,762.0,11.582307341541268,27.2077823377413,245,252.04853734690624,37.23970208238334,123.45234482297448,98.76187585837958,46,Retail trade,87,13.22389420884633,35.51020408163265,Tlalpan,012
1753,0901200261689,0.684822,3496,5104.976183592233,63.90056022408964,127.0,162.0,351.0,194.0,193.0,424.0,1739.0,306.0,8.752860411899313,29.376430205949656,74,108.05727619731843,21.16704805491991,51.10817117440737,24.82396885614072,46,Retail trade,60,17.162471395881006,81.08108108108108,Tlalpan,012
1754,0901200261693,0.314763,238,756.1244491887547,89.84771573604061,14.0,9.0,18.0,10.0,12.0,29.0,113.0,33.0,13.865546218487395,26.470588235294116,9,28.59294135587728,37.81512605042017,19.061960903918187,6.3539869679727286,46,Retail trade,10,42.016806722689076,111.11111111111111,Tlalpan,012
1755,0901200261706,0.890593,1747,1961.61434010822,69.60444136016655,55.0,74.0,177.0,85.0,76.0,202.0,881.0,197.0,11.276473955352031,26.73153978248426,17,19.0884051412935,9.73096737263881,15.719863057535822,1.1228473612525587,46,Retail trade,19,10.875787063537492,111.76470588235294,Tlalpan,012
1756,0901200261710,0.608058,785,1290.9952668988813,65.76980568011957,22.0,25.0,69.0,41.0,40.0,98.0,400.0,90.0,11.464968152866241,25.095541401273884,29,47.69281877715613,36.94267515923567,23.02411940966158,16.445799578329698,46,Retail trade,13,16.56050955414013,44.827586206896555,Tlalpan,012
1757,0901200262297,2.333865,1773,759.6840434215346,68.07795698924731,55.0,67.0,163.0,93.0,104.0,227.0,881.0,183.0,10.321489001692047,27.18556119571348,49,20.995216090048054,27.63677382966723,10.711844943902069,7.712528359609489,46,Retail trade,81,45.68527918781726,165.30612244897958,Tlalpan,012
1758,0901200262314,0.046307,71,1533.245513637247,67.74193548387096,,,6.0,3.0,3.0,9.0,,9.0,12.676056338028168,,2,43.190014468654844,28.169014084507044,0.0,21.595007234327422,43,Wholesale trade,2,28.169014084507044,100.0,Tlalpan,012
1759,0901200262329,0.639777,357,558.00693053986,69.25566343042071,10.0,12.0,26.0,16.0,20.0,51.0,185.0,37.0,10.364145658263306,23.529411764705884,10,15.630446233609524,28.011204481792717,6.252178493443809,7.815223116804762,46,Retail trade,4,11.204481792717086,40.0,Tlalpan,012
1760,0901200262390,0.015945,65,4076.513013483851,62.0,5.0,7.0,3.0,0.0,,8.0,,9.0,13.846153846153847,,8,501.7246785826278,123.07692307692308,0.0,313.5779241141424,31-33,Manufacturing,0,0.0,0.0,Tlalpan,012
1761,0901200262403,0.622051,2553,4104.165092572795,70.20648967551622,100.0,130.0,289.0,138.0,131.0,307.0,1259.0,199.0,7.794751273012142,30.865648256952603,107,172.0116196260435,41.91147669408539,88.41718765824668,67.51857966629746,46,Retail trade,53,20.759890325107715,49.532710280373834,Tlalpan,012
1762,0901200262418,0.999578,2997,2998.265267943072,69.7489539748954,89.0,177.0,341.0,149.0,162.0,382.0,1447.0,250.0,8.341675008341674,30.63063063063063,82,82.03461860905303,27.360694027360694,52.02195326427753,19.00802138502448,46,Retail trade,20,6.67334000667334,24.390243902439025,Tlalpan,012
1763,0901200262437,0.10529,505,4796.276949377909,68.84057971014492,18.0,19.0,54.0,22.0,34.0,66.0,260.0,32.0,6.336633663366337,29.10891089108911,13,123.46851552854022,25.742574257425744,66.48304682306012,18.995156235160035,46,Retail trade,4,7.920792079207921,30.76923076923077,Tlalpan,012
1764,090120026248A,0.142315,301,2115.026525664898,61.06194690265487,12.0,15.0,48.0,22.0,19.0,20.0,150.0,15.0,4.983388704318937,38.538205980066444,8,56.21332958577803,26.578073089700997,49.186663387555775,0.0,46,Retail trade,1,3.3222591362126246,12.5,Tlalpan,012
1765,0901200271763,1.443122,3975,2754.444877148294,67.45598057073467,161.0,159.0,361.0,208.0,189.0,528.0,1993.0,376.0,9.459119496855346,27.11949685534591,155,107.40602665609698,38.9937106918239,47.12006330719094,40.883584340062725,46,Retail trade,147,36.9811320754717,94.83870967741936,Tlalpan,012
1766,0901200271778,0.854286,5838,6833.776978669906,68.52693056456846,235.0,306.0,674.0,337.0,296.0,680.0,2763.0,547.0,9.369647139431311,31.654676258992804,100,117.05681703785383,17.129153819801303,72.57522656346937,31.605340600220536,46,Retail trade,54,9.249743062692703,54.0,Tlalpan,012
1767,0901200271782,0.989443,6970,7044.3673864992725,65.50735030476874,259.0,343.0,790.0,379.0,371.0,888.0,3352.0,588.0,8.436154949784791,30.73170731707317,206,208.197945712891,29.555236728837876,126.33370492287075,61.650848002360924,46,Retail trade,79,11.33428981348637,38.349514563106794,Tlalpan,012
1768,0901200271797,1.159043,9291,8016.096037851918,66.63104461661769,372.0,468.0,965.0,589.0,509.0,1248.0,4463.0,677.0,7.286621461629534,31.245291141965343,267,230.36246282493403,28.73748789150791,138.04492154303162,68.15968001187186,46,Retail trade,124,13.346249058228393,46.441947565543074,Tlalpan,012
1769,090120027180A,0.819743,1369,1670.03560872127,68.12993854258121,57.0,42.0,131.0,56.0,74.0,175.0,693.0,141.0,10.299488677867057,26.296566837107378,16,19.518312446705856,11.68736303871439,12.198945279191161,6.0994726395955805,46,Retail trade,73,53.3235938641344,456.25,Tlalpan,012
1770,0901200272028,0.421755,4151,9842.20696850067,62.770050310742825,163.0,194.0,415.0,228.0,200.0,511.0,1946.0,494.0,11.900746807998074,28.90869669959046,323,765.8474706879587,77.81257528306432,405.4486609524487,272.67015210252396,46,Retail trade,229,55.167429535051795,70.89783281733746,Tlalpan,012
1771,0901200272032,0.516106,4369,8465.315264693687,65.91485762616296,154.0,210.0,458.0,219.0,185.0,526.0,2089.0,528.0,12.085145342183566,28.06134126802472,469,908.7280519893201,107.34721904325933,532.8362778188977,292.57555618419474,46,Retail trade,137,31.357289997711145,29.211087420042645,Tlalpan,012
1772,090120027230A,0.361206,1924,5326.600333327797,68.00742574257426,68.0,77.0,163.0,84.0,108.0,274.0,978.0,172.0,8.93970893970894,25.987525987525988,79,218.71176004828268,41.06029106029106,124.58264812876862,58.13856912675869,46,Retail trade,9,4.6777546777546775,11.39240506329114,Tlalpan,012
1773,0901200272422,0.604838,3200,5290.6728743895055,65.16939474685954,113.0,136.0,324.0,180.0,194.0,385.0,1601.0,267.0,8.34375,29.59375,76,125.65348076675076,23.75,89.28010475532291,21.49335855220737,46,Retail trade,24,7.5,31.57894736842105,Tlalpan,012
1774,0901300010014,0.767925,6567,8551.616368786013,63.395040167656305,164.0,208.0,469.0,253.0,253.0,647.0,3359.0,1214.0,18.486371250190345,20.511649154865236,328,427.125044763486,49.94670321303487,158.86968128397956,225.28241690269232,46,Retail trade,124,18.88229023907416,37.80487804878049,Xochimilco,013
1775,0901300010029,0.442965,2146,4844.626550630411,59.225280326197755,33.0,52.0,99.0,60.0,71.0,209.0,1008.0,614.0,28.611369990680334,14.678471575023298,58,130.93585271974084,27.027027027027028,40.63526463716095,63.21041165780592,46,Retail trade,90,41.938490214352285,155.17241379310346,Xochimilco,013
1776,0901300010033,0.263101,2991,11368.257817340109,56.05072463768116,37.0,53.0,138.0,77.0,83.0,277.0,1415.0,911.0,30.458040789033767,12.972250083584086,33,125.4271173427695,11.033099297893681,22.80493042595809,95.02054344149205,72,Accommodation and food services,49,16.382480775660316,148.4848484848485,Xochimilco,013
1777,0901300010052,0.940015,202,214.89018792253316,64.55696202531645,7.0,9.0,28.0,14.0,11.0,34.0,95.0,4.0,1.9801980198019802,34.15841584158416,172,182.97580357760248,851.4851485148515,96.80696584628969,78.72214805082898,46,Retail trade,30,148.5148514851485,17.441860465116278,Xochimilco,013
1778,0901300010067,1.165788,8457,7254.320682662714,62.090545938748335,177.0,227.0,543.0,330.0,330.0,946.0,4210.0,1694.0,20.030743762563556,19.002010169090696,350,300.2261131526487,41.38583422017264,112.3703452085628,154.4020010499336,46,Retail trade,133,15.726617003665602,38.0,Xochimilco,013
1779,0901300010086,0.287542,2233,7765.822036432938,69.12718204488777,54.0,55.0,119.0,65.0,86.0,229.0,1170.0,455.0,20.37617554858934,16.97268248992387,166,577.30696732999,74.33945364979847,184.32089920776792,295.6089892954768,46,Retail trade,79,35.37841468875951,47.59036144578313,Xochimilco,013
1780,0901300010090,0.895984,7010,7823.800425007589,68.12227074235808,336.0,360.0,818.0,415.0,422.0,946.0,3266.0,447.0,6.37660485021398,33.537803138373754,118,131.69878033536313,16.83309557774608,99.33213093090949,20.08964445793675,46,Retail trade,65,9.27246790299572,55.08474576271186,Xochimilco,013
1781,0901300010122,0.218191,3234,14821.876246041313,55.71878279118573,68.0,85.0,222.0,137.0,149.0,332.0,1621.0,620.0,19.1713048855906,20.43908472479901,190,870.7966873060759,58.750773036487324,320.81983216539635,444.56462457204924,46,Retail trade,80,24.737167594310453,42.10526315789474,Xochimilco,013
1782,0901300010137,0.237489,3296,13878.537532264652,61.405367231638415,82.0,106.0,273.0,126.0,153.0,338.0,1592.0,626.0,18.99271844660194,22.45145631067961,255,1073.7339413614945,77.36650485436893,454.757904576633,513.7080033180484,46,Retail trade,82,24.87864077669903,32.15686274509804,Xochimilco,013
1783,0901300010160,0.559973,4044,7221.776764236847,59.16479820627803,87.0,117.0,272.0,157.0,157.0,416.0,2019.0,819.0,20.252225519287833,19.5351137487636,337,601.8147303530706,83.33333333333333,233.93985067137166,303.58606575674185,46,Retail trade,114,28.189910979228486,33.82789317507418,Xochimilco,013
1784,0901300010175,0.393631,566,1437.8948812466497,55.40796963946869,5.0,6.0,28.0,28.0,23.0,73.0,288.0,115.0,20.318021201413426,15.901060070671377,30,76.21350960671289,53.003533568904594,25.404503202237628,43.18765544380397,46,Retail trade,19,33.56890459363957,63.333333333333336,Xochimilco,013
1785,090130001018A,0.065974,1228,18613.393154879195,55.49692172383465,14.0,18.0,59.0,45.0,54.0,131.0,588.0,319.0,25.977198697068403,15.472312703583063,1,15.157486282474915,0.8143322475570033,0.0,0.0,43,Wholesale trade,11,8.957654723127035,1100.0,Xochimilco,013
1786,0901300010194,0.046487,766,16477.724955363865,63.18840579710145,16.0,13.0,47.0,24.0,22.0,73.0,398.0,173.0,22.58485639686684,15.926892950391645,2,43.022780562307744,2.6109660574412534,21.511390281153872,21.511390281153872,46,Retail trade,0,0.0,0.0,Xochimilco,013
1787,0901300010207,0.228825,2878,12577.297061072872,54.828780300115426,44.0,61.0,174.0,113.0,109.0,250.0,1350.0,777.0,26.997915218902016,17.40792216817234,158,690.4839943188026,54.89923558026407,257.8389599038567,384.57336392439635,46,Retail trade,54,18.763029881862405,34.177215189873415,Xochimilco,013
1788,0901300010211,0.384325,4509,11732.257854680283,61.29441624365482,114.0,134.0,321.0,164.0,169.0,494.0,2291.0,822.0,18.23020625415835,20.004435573297847,286,744.1618421908541,63.42869815923708,205.55519417159957,426.72217524230797,46,Retail trade,91,20.1818585052118,31.818181818181817,Xochimilco,013
1789,0901300010226,0.233957,1917,8193.813393059409,56.21336459554514,34.0,54.0,123.0,81.0,80.0,209.0,919.0,417.0,21.752738654147105,19.405320813771517,1483,6338.771654620294,773.604590505999,4667.524374137128,1470.3556636475935,46,Retail trade,124,64.68440271257172,8.361429534726906,Xochimilco,013
1790,0901300010230,0.259788,2926,11263.02985511263,59.1229444009397,66.0,87.0,219.0,104.0,120.0,321.0,1459.0,550.0,18.796992481203006,20.369104579630896,534,2055.522195020555,182.5017088174983,916.1316150091614,904.5837375090458,46,Retail trade,177,60.49213943950786,33.146067415730336,Xochimilco,013
1791,0901300010245,0.178972,2286,12772.947723666271,59.43255350920856,46.0,69.0,162.0,77.0,87.0,207.0,1166.0,472.0,20.64741907261592,19.291338582677167,370,2067.362492456921,161.85476815398076,1117.493239165903,799.0076660036207,46,Retail trade,96,41.99475065616798,25.945945945945947,Xochimilco,013
1792,090130001025A,0.229527,3457,15061.40889742819,58.943894389438945,103.0,94.0,230.0,134.0,143.0,367.0,1729.0,657.0,19.0049175585768,20.364477870986406,198,862.6436105556209,57.27509401214926,348.542872951766,405.181089806428,46,Retail trade,72,20.827306913508824,36.36363636363637,Xochimilco,013
1793,0901300010279,0.717559,4570,6368.814271718423,65.43275632490014,174.0,198.0,443.0,252.0,212.0,547.0,2149.0,595.0,13.019693654266959,27.98687089715536,196,273.14827073453193,42.88840262582057,125.42522635769323,98.94656745995799,46,Retail trade,87,19.037199124726477,44.38775510204081,Xochimilco,013
1794,0901300010283,0.821016,5623,6848.8312042639855,62.586459861664224,173.0,200.0,471.0,238.0,262.0,613.0,2804.0,862.0,15.32989507380402,23.90183176240441,174,211.93253237452132,30.944335763827137,93.78623559102381,95.0042386506475,46,Retail trade,80,14.227280810955007,45.97701149425287,Xochimilco,013
1795,0901300010298,0.90317,10318,11424.205852718756,63.645609673409425,274.0,372.0,823.0,425.0,468.0,1196.0,5330.0,1430.0,13.859275053304904,22.892033339794533,312,345.44991529833806,30.23841829811979,139.50861963971346,159.4384224453868,46,Retail trade,114,11.048652839697615,36.53846153846154,Xochimilco,013
1796,0901300010300,0.21646,880,4065.416243185808,61.46408839779006,32.0,33.0,91.0,40.0,53.0,80.0,421.0,130.0,14.772727272727273,28.295454545454547,74,341.8645477224429,84.0909090909091,92.39582370876836,212.51039453016725,46,Retail trade,13,14.772727272727273,17.56756756756757,Xochimilco,013
1797,0901300010315,0.298217,2045,6857.422615075599,52.07226354941552,26.0,31.0,106.0,55.0,67.0,171.0,931.0,658.0,32.1760391198044,13.93643031784841,24,80.47830941898013,11.7359413202934,13.413051569830023,43.592417601947574,81,Other services (except government),33,16.13691931540342,137.5,Xochimilco,013
1798,090130001032A,0.306485,13,42.41643147299215,,,,,,,,,,,,392,1279.0185490317633,30153.846153846152,1109.3528231397947,130.51209683997587,46,Retail trade,35,2692.3076923076924,8.928571428571429,Xochimilco,013
1799,0901300010334,0.785526,6075,7733.671450722191,64.26789483784303,169.0,205.0,490.0,236.0,250.0,652.0,3045.0,1028.0,16.921810699588477,22.22222222222222,878,1117.7223923842114,144.52674897119343,577.9566812556172,472.29499723751985,46,Retail trade,185,30.45267489711934,21.070615034168565,Xochimilco,013
1800,0901300010353,0.365992,5085,13893.746311394785,61.10723424052105,149.0,204.0,433.0,231.0,229.0,516.0,2485.0,838.0,16.47984267453294,24.503441494591936,434,1185.818269251787,85.34906588003933,683.0750398915824,387.98662265841875,46,Retail trade,89,17.502458210422812,20.506912442396313,Xochimilco,013
1801,0901300010368,1.955638,11731,5998.553924601588,64.4689025023362,444.0,526.0,1128.0,580.0,586.0,1421.0,5615.0,1431.0,12.19844855511039,27.82371494331259,317,162.0954389309269,27.022419231097093,87.95083752719061,50.111523707352795,46,Retail trade,148,12.616145256158894,46.68769716088328,Xochimilco,013
1802,0901300010372,0.780736,5104,6537.421100090171,60.49552649690296,135.0,194.0,416.0,238.0,221.0,626.0,2529.0,745.0,14.596394984326018,23.58934169278997,321,411.15050413968356,62.891849529780565,208.77735879990163,154.9819657348963,46,Retail trade,96,18.808777429467085,29.906542056074766,Xochimilco,013
1803,0901300010387,0.615526,6531,10610.437252041344,60.19171640441309,194.0,227.0,581.0,294.0,285.0,724.0,3279.0,947.0,14.50007655795437,24.207625172255398,258,419.1536994375542,39.503904455672945,211.20147646078314,164.08730094260844,46,Retail trade,94,14.392895421834329,36.434108527131784,Xochimilco,013
1804,0901300010391,0.339449,2513,7403.173967223353,60.100778744846544,59.0,80.0,191.0,95.0,108.0,323.0,1269.0,388.0,15.439713489852766,21.209709510545164,94,276.9193604930343,37.40549144448866,103.10827252400213,141.40563089006008,46,Retail trade,42,16.71309192200557,44.680851063829785,Xochimilco,013
1805,0901300010404,0.762817,2374,3112.1487853574317,63.31417624521073,61.0,69.0,156.0,83.0,94.0,249.0,1249.0,413.0,17.396798652064028,19.50294860994103,119,156.00071838986284,50.12636899747262,55.05907707877512,56.37000748541262,46,Retail trade,35,14.743049705139006,29.41176470588235,Xochimilco,013
1806,0901300010419,0.349696,4481,12813.987005856516,60.97926555083687,84.0,105.0,289.0,160.0,190.0,505.0,2247.0,901.0,20.10711894666369,18.47801829948672,87,248.78751830161053,19.415309082794018,108.66581259150806,102.94655929721816,46,Retail trade,53,11.82771702744923,60.91954022988506,Xochimilco,013
1807,0901300010423,0.392869,939,2390.109680326012,70.12820512820512,36.0,41.0,82.0,40.0,44.0,111.0,477.0,108.0,11.501597444089457,25.878594249201278,533,1356.6863254672678,567.6251331203408,1277.7796161061322,40.7260435412313,46,Retail trade,31,33.01384451544196,5.816135084427767,Xochimilco,013
1808,0901300010438,0.256526,1537,5991.595393839221,64.77449455676516,55.0,57.0,139.0,83.0,89.0,205.0,737.0,172.0,11.190631099544568,27.521145087833442,42,163.72609404114982,27.325959661678596,81.86304702057491,70.16832601763564,46,Retail trade,29,18.867924528301888,69.04761904761905,Xochimilco,013
1809,0901300010442,0.49946,4369,8747.447243022465,62.469733656174334,123.0,179.0,347.0,196.0,180.0,485.0,2146.0,713.0,16.319523918516822,23.460746166170747,96,192.2075841909262,21.972991531242847,114.12325311336244,50.0540583830537,46,Retail trade,56,12.817578393224995,58.333333333333336,Xochimilco,013
1810,0901300010461,0.783414,6559,8372.329317576658,61.651542649727766,218.0,246.0,585.0,347.0,300.0,720.0,3254.0,889.0,13.553895410885806,25.857600243939626,154,196.57550158664512,23.479188900747065,109.77592945747715,54.887964728738574,46,Retail trade,77,11.739594450373533,50.0,Xochimilco,013
1811,0901300010480,0.464615,6753,14534.614680972418,62.67917182799504,231.0,271.0,600.0,318.0,307.0,828.0,3265.0,933.0,13.816081741448246,25.573819043388124,111,238.90748253930673,16.437139049311416,126.98686008846033,62.41727021297203,46,Retail trade,74,10.958092699540945,66.66666666666667,Xochimilco,013
1812,0901300010495,0.053576,536,10004.479617739285,62.77056277056277,15.0,20.0,39.0,20.0,21.0,66.0,266.0,89.0,16.604477611940297,21.455223880597014,29,541.2871434970882,54.1044776119403,279.97610870539046,223.9808869643124,46,Retail trade,12,22.388059701492537,41.37931034482759,Xochimilco,013
1813,0901300010508,0.799545,6807,8513.592105510008,64.32554897176716,213.0,267.0,587.0,305.0,294.0,805.0,3445.0,891.0,13.089466725429705,24.47480534743646,104,130.07397957588378,15.278389892757456,78.79481455077575,41.27347428850158,46,Retail trade,97,14.25003672689878,93.26923076923077,Xochimilco,013
1814,0901300010527,1.19762,6453,5388.186570030561,66.93968726731198,232.0,272.0,574.0,303.0,327.0,768.0,3132.0,845.0,13.094684642801798,26.4683093134976,467,389.94004776139343,72.36944057027739,268.03159599873084,86.83889714600625,46,Retail trade,130,20.145668681233534,27.8372591006424,Xochimilco,013
1815,0901300010550,0.315027,3162,10037.234903674924,56.89910979228487,99.0,115.0,252.0,136.0,133.0,323.0,1498.0,606.0,19.165085388994306,23.244781783681216,311,987.2169687042698,98.35547122074637,453.92934573861925,419.01170375872545,46,Retail trade,71,22.45414294750158,22.829581993569132,Xochimilco,013
1816,0901300010565,0.291025,2947,10126.277811184606,60.676779463243875,69.0,97.0,210.0,132.0,133.0,323.0,1422.0,561.0,19.036308109942315,21.750933152358332,435,1494.716948715746,147.60773668137088,879.649514646508,484.494459238897,46,Retail trade,108,36.64743807261622,24.82758620689655,Xochimilco,013
1817,090130001057A,0.048602,269,5534.75165631044,54.741379310344826,7.0,10.0,20.0,13.0,11.0,30.0,133.0,45.0,16.728624535315983,22.676579925650557,37,761.2855438047817,137.54646840148698,329.20455948314884,370.35512941854245,46,Retail trade,18,66.91449814126393,48.648648648648646,Xochimilco,013
1818,0901300010599,0.642753,5132,7984.404584653825,44.088217275883196,40.0,68.0,127.0,80.0,82.0,427.0,3996.0,312.0,6.07950116913484,7.735775526110678,57,88.6810329940117,11.106780982073266,34.22776712049574,40.45099750604042,46,Retail trade,184,35.85346843335931,322.8070175438597,Xochimilco,013
1819,0901300010601,0.795543,5831,7329.584950153543,64.69130704109023,188.0,234.0,566.0,310.0,289.0,679.0,2808.0,757.0,12.982335791459441,27.21660092608472,261,328.07780346254066,44.76076144743612,189.8074648384814,84.21920625283612,46,Retail trade,66,11.318813239581546,25.28735632183908,Xochimilco,013
1820,090130001064A,0.573238,3126,5453.232339796036,64.02824228911186,75.0,116.0,244.0,152.0,154.0,337.0,1540.0,508.0,16.250799744081895,23.704414587332053,81,141.30256542657673,25.911708253358924,64.54561630596716,59.312187956834684,46,Retail trade,26,8.317338451695457,32.098765432098766,Xochimilco,013
1821,0901300010654,0.870348,3725,4279.897236507696,63.264,110.0,146.0,344.0,169.0,176.0,426.0,1772.0,582.0,15.624161073825503,25.369127516778523,161,184.98347787321853,43.22147651006711,105.70484449898201,51.70345654841512,46,Retail trade,59,15.838926174496644,36.64596273291925,Xochimilco,013
1822,0901300010669,0.754425,3864,5121.781489213639,59.46029776674938,144.0,163.0,333.0,190.0,218.0,494.0,1872.0,450.0,11.645962732919255,27.12215320910973,143,189.54833151075323,37.00828157349896,129.90025516121548,42.416409848560164,46,Retail trade,57,14.751552795031056,39.86013986013986,Xochimilco,013
1823,0901300010688,0.449875,4942,10985.273687135315,64.05372405372405,173.0,227.0,447.0,257.0,260.0,573.0,2354.0,651.0,13.172804532577903,27.600161877782273,203,451.2364545707141,41.07648725212464,202.27841066963046,193.38705195887746,46,Retail trade,77,15.580736543909348,37.93103448275862,Xochimilco,013
1824,0901300010692,1.859322,11447,6156.545235306203,64.86172683132784,412.0,480.0,1081.0,596.0,598.0,1375.0,5643.0,1262.0,11.024722634751463,27.666637546955535,323,173.71923744246558,28.217000087359132,83.36372075412436,59.6991806690826,46,Retail trade,146,12.754433476019917,45.20123839009288,Xochimilco,013
1825,0901300010705,0.265766,913,3435.3529044347283,65.0,44.0,59.0,110.0,44.0,45.0,127.0,423.0,61.0,6.681270536692224,33.07776560788609,12,45.15250257745536,13.143483023001096,26.338959836848957,11.28812564436384,46,Retail trade,4,4.381161007667032,33.333333333333336,Xochimilco,013
1826,090130001071A,0.248775,691,2777.610290423073,64.08934707903781,24.0,27.0,58.0,46.0,29.0,91.0,354.0,62.0,8.972503617945007,26.62807525325615,12,48.2363581549593,17.36613603473227,12.059089538739824,28.137875590392927,81,Other services (except government),9,13.024602026049203,75.0,Xochimilco,013
1827,0901300010724,0.327059,934,2855.753854809071,71.18881118881119,51.0,57.0,111.0,47.0,45.0,134.0,427.0,62.0,6.638115631691649,33.29764453961456,3,9.17265692122828,3.2119914346895073,6.1151046141521865,3.0575523070760933,46,Retail trade,11,11.777301927194861,366.6666666666667,Xochimilco,013
1828,0901300010739,0.476171,2840,5964.243937577047,73.19632706602536,98.0,146.0,309.0,142.0,150.0,353.0,1387.0,255.0,8.97887323943662,29.753521126760564,30,63.00257680539134,10.56338028169014,54.60223323133916,6.300257680539134,46,Retail trade,11,3.8732394366197185,36.666666666666664,Xochimilco,013
1829,0901300010743,0.541151,6722,12421.67158519526,65.28497409326425,209.0,288.0,628.0,339.0,344.0,801.0,3376.0,737.0,10.963998809878012,26.896756917584053,255,471.2178301435274,37.93513835168105,303.05774173936663,116.41852274134206,46,Retail trade,66,9.818506396905683,25.88235294117647,Xochimilco,013
1830,0901300010758,1.173854,4419,3764.5226748812033,66.1898211829436,158.0,179.0,447.0,232.0,233.0,514.0,2207.0,449.0,10.160669834804255,28.264313193030098,88,74.96673351200405,19.914007694048426,40.03905085300216,23.853051572001288,46,Retail trade,50,11.314777098891152,56.81818181818182,Xochimilco,013
1831,0901300010762,0.480303,1530,3185.4891599677703,63.64353312302839,58.0,65.0,139.0,96.0,90.0,187.0,754.0,141.0,9.215686274509803,29.281045751633986,41,85.36278141090104,26.797385620915033,45.80441929365421,22.902209646827107,46,Retail trade,13,8.49673202614379,31.70731707317073,Xochimilco,013
1832,0901300010777,0.360722,2101,5824.429893380498,65.7271702367531,50.0,83.0,194.0,104.0,99.0,237.0,1027.0,307.0,14.612089481199428,25.226082817705855,35,97.02762792399687,16.658733936220848,49.89992293234125,44.35548705097,46,Retail trade,17,8.09138505473584,48.57142857142857,Xochimilco,013
1833,0901300010809,0.353098,877,2483.7297294235595,63.13497822931785,42.0,46.0,100.0,52.0,44.0,115.0,419.0,59.0,6.727480045610034,32.383124287343215,12,33.98489937637709,13.683010262257696,22.6565995842514,11.3282997921257,46,Retail trade,3,3.4207525655644244,25.0,Xochimilco,013
1834,0901300010813,0.724947,4180,5765.938751384584,67.73442050087361,156.0,188.0,402.0,201.0,181.0,513.0,2149.0,390.0,9.330143540669857,26.985645933014354,105,144.8381743768855,25.119617224880383,77.24702633433893,53.7970361971289,46,Retail trade,52,12.440191387559809,49.523809523809526,Xochimilco,013
1835,0901300010828,0.626026,3434,5485.3951752802595,62.54894980420078,129.0,175.0,321.0,163.0,145.0,437.0,1703.0,361.0,10.512521840419335,27.169481654047758,66,105.42693114982445,19.219569015725103,51.116087830217914,38.33706587266344,46,Retail trade,35,10.19219569015725,53.03030303030303,Xochimilco,013
1836,0901300010832,0.177886,754,4238.66970981415,69.7933227344992,30.0,27.0,68.0,35.0,32.0,91.0,392.0,79.0,10.477453580901857,25.46419098143236,12,67.4589343737,15.915119363395226,33.72946718685,11.243155728950002,46,Retail trade,10,13.26259946949602,83.33333333333333,Xochimilco,013
1837,0901300010847,1.323479,1243,939.191328309705,65.18298714144412,51.0,70.0,111.0,54.0,46.0,137.0,639.0,135.0,10.86082059533387,26.70957361222848,13,9.82259635400335,10.458567980691875,7.5558433492333466,2.266753004770004,46,Retail trade,15,12.067578439259854,115.38461538461539,Xochimilco,013
1838,0901300010851,0.864916,2606,3013.009355821837,61.99701937406856,116.0,128.0,337.0,171.0,151.0,345.0,1188.0,170.0,6.523407521105142,34.650805832693784,42,48.55962891194058,16.116653875671528,34.685449222814704,12.71799804836539,46,Retail trade,19,7.290867229470453,45.23809523809524,Xochimilco,013
1839,0901300010866,0.322372,2156,6687.925750375342,63.8568129330254,80.0,115.0,229.0,109.0,110.0,321.0,1012.0,180.0,8.348794063079778,29.823747680890538,24,74.4481530654027,11.131725417439704,55.83611479905203,6.204012755450226,46,Retail trade,11,5.1020408163265305,45.833333333333336,Xochimilco,013
1840,0901300010870,0.307005,2133,6947.769580299995,64.92146596858639,84.0,95.0,235.0,102.0,112.0,274.0,1051.0,180.0,8.438818565400844,29.442100328176277,32,104.23283008420059,15.002344116268167,78.17462256315044,22.800931580918878,46,Retail trade,16,7.501172058134084,50.0,Xochimilco,013
1841,0901300010885,0.781526,1161,1485.5551830649267,65.28497409326425,37.0,53.0,106.0,63.0,64.0,144.0,593.0,101.0,8.699397071490095,27.820844099913867,5,6.397739806481166,4.306632213608958,5.118191845184933,0.0,46,Retail trade,9,7.751937984496124,180.0,Xochimilco,013
1842,090130001089A,0.449081,867,1930.6094000859532,67.25146198830409,33.0,42.0,108.0,54.0,39.0,110.0,400.0,81.0,9.342560553633218,31.833910034602077,11,24.494467590479225,12.687427912341407,17.814158247621254,4.4535395619053135,46,Retail trade,9,10.380622837370241,81.81818181818181,Xochimilco,013
1843,0901300010917,0.890369,1860,2089.021518044766,61.182994454713494,36.0,55.0,146.0,63.0,69.0,169.0,911.0,411.0,22.096774193548388,19.838709677419356,30,33.69389545233493,16.129032258064516,10.10816863570048,20.21633727140096,46,Retail trade,25,13.440860215053764,83.33333333333333,Xochimilco,013
1844,0901300011027,0.429704,5389,12541.191145532739,63.32465277777778,134.0,189.0,452.0,209.0,260.0,621.0,2694.0,830.0,15.401744293932085,23.0840601224717,182,423.547372144546,33.77249953609204,253.6629866140413,134.97663507903115,46,Retail trade,86,15.95843384672481,47.252747252747255,Xochimilco,013
1845,0901300011031,0.696401,8257,11856.674530909633,64.2961662276851,255.0,335.0,833.0,382.0,379.0,958.0,4130.0,985.0,11.92927213273586,26.45028460700012,134,192.41787418455746,16.22865447499092,152.2111542056947,28.71908569918768,46,Retail trade,70,8.47765532275645,52.23880597014925,Xochimilco,013
1846,0901300011046,0.239884,2097,8741.72516716413,63.90217969165337,49.0,44.0,117.0,91.0,84.0,185.0,1048.0,479.0,22.84215546018121,18.359561278016212,67,279.30166247019395,31.950405340963282,137.56649047039403,100.04835670574111,46,Retail trade,51,24.320457796852647,76.11940298507463,Xochimilco,013
1847,0901300011050,0.265282,4156,15666.347509442781,61.17514759628901,123.0,145.0,325.0,186.0,184.0,477.0,2084.0,632.0,15.206929740134745,23.171318575553418,326,1228.8809644076869,78.44080846968238,591.8230411411253,508.8924239111587,46,Retail trade,89,21.414821944177092,27.300613496932517,Xochimilco,013
1848,0901300011065,0.461174,4032,8742.90397984275,65.20427748834659,68.0,92.0,225.0,141.0,136.0,413.0,2082.0,875.0,21.70138888888889,16.418650793650794,311,674.3658575721962,77.1329365079365,225.5114121784836,390.308213385837,46,Retail trade,123,30.50595238095238,39.549839228295816,Xochimilco,013
1849,090130001107A,0.595785,3253,5460.023330563878,57.63411279229711,60.0,80.0,205.0,111.0,121.0,322.0,1603.0,751.0,23.086381801414078,17.73747310175223,176,295.40857859798416,54.10390408853366,78.88751814832531,182.95190379079702,46,Retail trade,116,35.65939133107901,65.9090909090909,Xochimilco,013
1850,0901300011084,0.167259,2950,17637.316975469184,63.819500402900886,98.0,113.0,257.0,142.0,128.0,346.0,1387.0,479.0,16.23728813559322,25.016949152542374,56,334.81008495805906,18.983050847457626,185.34129703035413,95.66002427373115,46,Retail trade,54,18.305084745762713,96.42857142857143,Xochimilco,013
1851,0901300011099,0.421067,2830,6721.0206451704835,63.27954644570432,117.0,141.0,279.0,142.0,130.0,312.0,1333.0,376.0,13.286219081272085,28.586572438162545,44,104.49643405918773,15.547703180212014,59.37297389726576,35.62378433835946,46,Retail trade,39,13.780918727915195,88.63636363636364,Xochimilco,013
1852,0901300011101,0.81445,4781,5870.219166308551,67.9383328978312,191.0,251.0,512.0,254.0,238.0,624.0,2257.0,454.0,9.495921355364986,30.244718678100817,89,109.27619866167352,18.615352436728717,68.75805758487323,36.83467370618209,46,Retail trade,40,8.366450533361222,44.943820224719104,Xochimilco,013
1853,0901300011116,0.142245,2848,20021.79338465324,62.941420855837144,81.0,134.0,226.0,129.0,147.0,293.0,1380.0,458.0,16.081460674157302,25.17556179775281,48,337.445955921122,16.853932584269664,210.90372245070125,105.45186122535063,46,Retail trade,44,15.44943820224719,91.66666666666667,Xochimilco,013
1854,0901300011120,0.19012,2499,13144.329896907217,64.13600372612949,65.0,75.0,212.0,100.0,97.0,246.0,1265.0,439.0,17.56702681072429,21.968787515006003,69,362.9286766252893,27.611044417767108,189.35409215232485,142.01556911424365,46,Retail trade,35,14.005602240896359,50.72463768115942,Xochimilco,013
1855,0901300011135,0.682517,4026,5898.754170225797,69.3631150015092,136.0,179.0,396.0,198.0,215.0,489.0,2024.0,389.0,9.662195727769499,27.91852955787382,139,203.65793086472573,34.52558370591157,105.49187785798742,71.79308354224143,46,Retail trade,61,15.151515151515152,43.884892086330936,Xochimilco,013
1856,090130001114A,1.189713,6318,5310.524471027887,69.71395438732122,228.0,263.0,653.0,306.0,328.0,796.0,3110.0,634.0,10.034821145932257,28.14181703070592,116,97.50250690712802,18.360240582462804,52.113408864154636,30.259398695315593,46,Retail trade,82,12.978790756568534,70.6896551724138,Xochimilco,013
1857,0901300011154,0.977309,7460,7633.205055923971,61.30856219709209,271.0,328.0,671.0,313.0,365.0,866.0,3627.0,1019.0,13.659517426273458,26.11260053619303,454,464.5408975052926,60.85790884718499,234.31688442447577,162.6916359104439,46,Retail trade,97,13.002680965147453,21.365638766519822,Xochimilco,013
1858,0901300011169,2.185757,11635,5323.098587811912,64.51065634609267,492.0,553.0,1151.0,593.0,599.0,1470.0,5602.0,1175.0,10.098839707778255,29.119037387193814,184,84.18136142306761,15.814353244520841,42.09068071153381,22.875369951920547,46,Retail trade,83,7.133648474430597,45.108695652173914,Xochimilco,013
1859,0901300011173,0.513736,5729,11151.642088543533,63.05916305916306,172.0,211.0,495.0,246.0,247.0,671.0,2857.0,830.0,14.487694187467271,23.930877989177866,291,566.4387934659047,50.794204922325015,301.71138483579114,206.331656726412,46,Retail trade,101,17.6296037702915,34.707903780068726,Xochimilco,013
1860,0901300011188,0.783705,6177,7881.792256014699,60.55984555984556,199.0,257.0,541.0,272.0,300.0,725.0,3026.0,857.0,13.874048891047433,25.400679941719282,376,479.77236332548597,60.87097296422211,241.1621719907363,183.7426072310372,46,Retail trade,105,16.998542982030113,27.925531914893618,Xochimilco,013
1861,0901300011192,0.871189,9781,11227.184916246648,60.712108279478116,322.0,380.0,878.0,478.0,480.0,1205.0,4804.0,1234.0,12.616296902157243,25.948267048359064,200,229.5713100142449,20.44780697270218,144.6299253089743,55.09711440341878,46,Retail trade,90,9.20151313771598,45.0,Xochimilco,013
1862,0901300011205,0.080853,698,8632.951158274895,59.46398659966499,20.0,30.0,51.0,35.0,33.0,80.0,362.0,87.0,12.464183381088825,24.212034383954155,21,259.73062224036215,30.08595988538682,173.15374816024143,24.736249737177346,46,Retail trade,8,11.461318051575931,38.095238095238095,Xochimilco,013
1863,090130001121A,0.274726,7212,26251.610695747764,66.04826793629945,235.0,279.0,607.0,306.0,346.0,866.0,3685.0,888.0,12.312811980033278,24.58402662229617,207,753.4780108180514,28.70216306156406,323.95914474785786,316.6791639670071,46,Retail trade,74,10.260676650027731,35.7487922705314,Xochimilco,013
1864,0901300011224,0.440717,6729,15268.301426992832,64.85370051635113,192.0,219.0,508.0,285.0,300.0,765.0,3481.0,979.0,14.54896715708129,22.35101798186952,294,667.0947569528745,43.69148461881409,263.2074551242634,310.8570806208973,46,Retail trade,113,16.792985584782286,38.435374149659864,Xochimilco,013
1865,0901300011239,0.264347,4240,16039.523807722426,65.3099730458221,94.0,131.0,305.0,163.0,156.0,411.0,2174.0,806.0,19.00943396226415,20.02358490566038,325,1229.4446314881577,76.65094339622641,559.8701706469149,522.0411050626639,46,Retail trade,86,20.28301886792453,26.46153846153846,Xochimilco,013
1866,0901300011243,0.861923,46,53.36903644525091,67.5,0.0,,4.0,,3.0,,,6.0,13.043478260869565,,9,10.441768000157786,195.65217391304347,3.480589333385929,2.3203928889239527,46,Retail trade,9,195.65217391304347,100.0,Xochimilco,013
1867,0901300011262,0.252015,2986,11848.501081284843,60.92666909886903,37.0,63.0,145.0,124.0,143.0,414.0,1624.0,436.0,14.601473543201607,17.146684527796385,22,87.29639108783208,7.367716008037508,39.6801777671964,47.61621332063568,46,Retail trade,35,11.721366376423308,159.0909090909091,Xochimilco,013
1868,0901300011277,3.331475,55,16.50920388116375,96.96969696969697,4.0,6.0,12.0,,4.0,7.0,,,,,996,298.9666739207108,18109.090909090908,263.2467600687383,30.31690167268252,46,Retail trade,53,963.6363636363636,5.321285140562249,Xochimilco,013
1869,0901300011296,0.306594,2160,7045.147654552927,65.47960941987364,94.0,105.0,220.0,111.0,124.0,257.0,1085.0,164.0,7.592592592592593,30.27777777777778,28,91.32598811457497,12.962962962962964,52.18627892261427,22.831497028643742,46,Retail trade,21,9.722222222222221,75.0,Xochimilco,013
1870,0901300011309,0.129467,1210,9346.010952597959,63.829787234042556,46.0,50.0,127.0,59.0,56.0,132.0,604.0,136.0,11.239669421487603,27.93388429752066,18,139.031567889887,14.87603305785124,84.96373593270872,46.34385596329567,46,Retail trade,15,12.396694214876034,83.33333333333333,Xochimilco,013
1871,0901300011313,0.702777,4863,6919.691452622951,63.0173891746265,160.0,177.0,443.0,223.0,236.0,547.0,2463.0,614.0,12.625951059017067,25.478099938309686,190,270.3560304335515,39.070532593049556,112.41119160131876,119.52582398114907,46,Retail trade,68,13.983137980670367,35.78947368421053,Xochimilco,013
1872,0901300011328,0.640593,8341,13020.747963215334,63.94266292300872,299.0,389.0,886.0,435.0,445.0,917.0,4095.0,875.0,10.490348879031291,29.420932741877472,132,206.05907338981226,15.82544059465292,148.30009069721336,42.148446829734326,46,Retail trade,79,9.471286416496822,59.84848484848485,Xochimilco,013
1873,0901300011332,0.378427,5578,14739.963057604242,62.131246237206504,102.0,129.0,364.0,192.0,234.0,609.0,2784.0,1164.0,20.867694514162782,18.304051631409106,288,761.0450628522806,51.631409107206885,327.6721798391764,351.45483805331014,46,Retail trade,80,14.342058085335246,27.77777777777778,Xochimilco,013
1874,0901300011347,0.133694,1530,11444.043861355034,66.19296933433058,37.0,50.0,106.0,50.0,66.0,134.0,889.0,198.0,12.941176470588236,20.19607843137255,56,418.86696486005354,36.60130718954248,104.71674121501339,269.2716202671773,46,Retail trade,21,13.72549019607843,37.5,Xochimilco,013
1875,0901300011366,0.727391,5812,7990.200593628461,65.19093579521612,198.0,227.0,477.0,269.0,269.0,710.0,2983.0,679.0,11.682725395732966,24.77632484514797,102,140.2271955523233,17.549896765313147,82.48658561901371,37.11896352855617,46,Retail trade,73,12.560220233998624,71.56862745098039,Xochimilco,013
1876,0901300011370,0.382239,4391,11487.5771441428,59.86047759592165,129.0,166.0,369.0,217.0,195.0,544.0,2236.0,535.0,12.184012753359143,24.50466864040082,63,164.81834663652845,14.347529036665907,91.5657481314047,60.17177734349452,46,Retail trade,84,19.130038715554544,133.33333333333334,Xochimilco,013
1877,0901300011385,0.183162,2068,11290.551533615051,62.460233297985155,38.0,42.0,102.0,55.0,101.0,278.0,1124.0,328.0,15.86073500967118,16.344294003868473,52,283.90168266343454,25.145067698259187,54.59647743527588,202.00696651052075,46,Retail trade,37,17.891682785299807,71.15384615384616,Xochimilco,013
1878,090130001139A,0.11613,1719,14802.376646861276,60.555196901226594,25.0,45.0,100.0,67.0,64.0,207.0,956.0,255.0,14.834205933682373,17.51018033740547,14,120.55455093429777,8.144269924374637,68.88831481959872,34.44415740979936,46,Retail trade,27,15.706806282722512,192.85714285714286,Xochimilco,013
1879,0901300011402,0.28529,3227,11311.297276455536,63.83861236802413,127.0,161.0,287.0,148.0,166.0,453.0,1600.0,285.0,8.831732259064147,27.54880694143167,87,304.95285498965967,26.960024790827394,203.30190332643977,52.578078446493045,46,Retail trade,33,10.226216299969012,37.93103448275862,Xochimilco,013
1880,0901300011417,0.237055,2212,9331.167872434668,68.72586872586872,81.0,97.0,221.0,116.0,147.0,309.0,1081.0,160.0,7.233273056057866,29.92766726943942,30,126.55290966231465,13.5623869801085,71.71331547531163,42.184303220771554,46,Retail trade,11,4.972875226039783,36.666666666666664,Xochimilco,013
1881,0901300011421,0.16758,1247,7441.222102876238,58.701787394167454,37.0,39.0,108.0,63.0,63.0,161.0,622.0,154.0,12.34963913392141,24.859663191659983,14,83.5421888053467,11.226944667201282,47.73839360305526,29.836496001909534,46,Retail trade,10,8.019246190858059,71.42857142857143,Xochimilco,013
1882,0901300011436,0.360463,2325,6450.037867964257,64.813843733613,85.0,106.0,227.0,132.0,141.0,294.0,1157.0,183.0,7.870967741935484,29.72043010752688,31,86.00050490619009,13.333333333333334,58.25840654935458,27.742098356835513,46,Retail trade,12,5.161290322580645,38.70967741935484,Xochimilco,013
1883,0901300011440,0.656979,4557,6936.294767412657,69.8660103910309,183.0,233.0,484.0,268.0,247.0,603.0,2195.0,344.0,7.548825982005705,31.051130129471144,129,196.35330809660582,28.308097432521397,135.46856139998386,30.44237334831098,46,Retail trade,12,2.633311389071758,9.30232558139535,Xochimilco,013
1884,0901300011455,0.581528,2154,3704.0348874000906,66.76234213547646,85.0,101.0,226.0,116.0,115.0,277.0,1051.0,183.0,8.495821727019498,29.851439182915506,24,41.27058370362218,11.142061281337048,25.794114814763862,13.756861234540727,46,Retail trade,15,6.963788300835654,62.5,Xochimilco,013
1885,090130001146A,0.659597,2687,4073.6995468445125,65.81986143187066,112.0,132.0,277.0,152.0,137.0,323.0,1327.0,227.0,8.448083364346855,30.145143282471157,35,53.06270343861479,13.025679196129513,42.450162750891835,7.580386205516398,46,Retail trade,13,4.838109415705247,37.142857142857146,Xochimilco,013
1886,0901300011474,0.269935,1442,5342.026784225832,66.38078902229846,57.0,74.0,145.0,83.0,62.0,152.0,745.0,124.0,8.599167822468793,29.195561719833563,45,166.70679978513346,31.206657420249652,96.31948432029934,51.86433771093041,46,Retail trade,14,9.70873786407767,31.11111111111111,Xochimilco,013
1887,0901300011489,0.115664,648,5602.434638262554,64.56692913385827,38.0,30.0,72.0,36.0,29.0,90.0,295.0,58.0,8.950617283950617,31.635802469135804,3,25.937197399363676,4.62962962962963,17.291464932909115,0.0,46,Retail trade,9,13.88888888888889,300.0,Xochimilco,013
1888,0901300011493,0.191085,1896,9922.285893712222,61.4162806088683,84.0,110.0,191.0,87.0,106.0,235.0,937.0,146.0,7.70042194092827,30.485232067510548,32,167.4647408221472,16.877637130801688,120.36528246591831,26.166365753460504,46,Retail trade,9,4.746835443037975,28.125,Xochimilco,013
1889,0901300011506,0.291353,840,2883.10056872591,63.70262390670554,31.0,36.0,87.0,48.0,41.0,102.0,421.0,74.0,8.80952380952381,28.928571428571427,7,24.025838072715914,8.333333333333334,13.729050327266238,10.296787745449677,46,Retail trade,13,15.476190476190476,185.71428571428572,Xochimilco,013
1890,0901300011510,0.156262,424,2713.391611524235,70.08797653958945,9.0,20.0,54.0,17.0,19.0,50.0,210.0,45.0,10.61320754716981,28.066037735849058,6,38.397051106475026,14.150943396226415,12.799017035491675,19.198525553237513,81,Other services (except government),6,14.150943396226415,100.0,Xochimilco,013
1891,0901300011525,0.140025,1151,8219.960721299767,64.77987421383648,41.0,47.0,109.0,65.0,47.0,164.0,572.0,106.0,9.209383145091225,26.84622067767159,17,121.40689162649527,14.76976542137272,78.55740046420281,14.283163720764149,46,Retail trade,20,17.37619461337967,117.6470588235294,Xochimilco,013
1892,0901300011544,0.008844,107,12098.597919493443,61.1764705882353,,9.0,11.0,4.0,12.0,10.0,,9.0,8.411214953271028,,2,226.1420171867933,18.69158878504673,113.07100859339666,113.07100859339666,46,Retail trade,2,18.69158878504673,100.0,Xochimilco,013
1893,0901300011559,0.482868,2475,5125.62439424439,61.8387262455059,112.0,145.0,271.0,128.0,151.0,323.0,1183.0,162.0,6.545454545454546,32.60606060606061,66,136.6833171798504,26.666666666666668,95.2641301556533,33.13534961935767,46,Retail trade,7,2.8282828282828283,10.606060606060606,Xochimilco,013
1894,0901300011563,0.055526,323,5817.094694377409,60.456273764258555,13.0,18.0,29.0,21.0,21.0,42.0,146.0,33.0,10.21671826625387,31.57894736842105,3,54.02874329143104,9.287925696594428,18.00958109714368,18.00958109714368,31-33,Manufacturing,0,0.0,0.0,Xochimilco,013
1895,0901300011578,0.012925,35,2707.9303675048354,85.71428571428571,,5.0,,,0.0,10.0,,,,,1,77.36943907156673,28.571428571428573,77.36943907156673,0.0,46,Retail trade,0,0.0,0.0,Xochimilco,013
1896,0901400010011,0.233856,3973,16989.0873015873,73.9563173901023,67.0,108.0,181.0,91.0,82.0,290.0,2418.0,736.0,18.525044047319405,13.314875409010822,168,718.3908045977012,42.285426629750816,162.49315818281335,474.65106732348113,46,Retail trade,213,53.61188019129121,126.78571428571429,Benito Juárez,014
1897,0901400010026,0.246747,4161,16863.42691096548,73.35439705107952,82.0,88.0,192.0,97.0,87.0,305.0,2561.0,749.0,18.000480653689017,13.121845710165825,301,1219.8729873108894,72.33838019706802,664.6484050464646,478.2226328992855,46,Retail trade,446,107.18577265080509,148.17275747508305,Benito Juárez,014
1898,0901400010030,0.30962,5366,17330.92177507913,71.85950413223141,116.0,154.0,256.0,146.0,139.0,385.0,3185.0,985.0,18.356317554975774,15.11367871785315,254,820.360441831923,47.335072679836,171.1775725082359,419.86951747303146,46,Retail trade,241,44.91241147968692,94.88188976377953,Benito Juárez,014
1899,0901400010045,0.237035,3480,14681.376168076444,70.66582914572864,64.0,81.0,151.0,93.0,85.0,271.0,1999.0,736.0,21.149425287356323,13.620689655172415,182,767.8190984453772,52.298850574712645,151.8763051869977,489.37920560254815,46,Retail trade,158,45.40229885057471,86.81318681318682,Benito Juárez,014
1900,090140001005A,0.329791,5914,17932.569415175065,72.53944402704734,151.0,169.0,270.0,110.0,151.0,401.0,3511.0,1151.0,19.462292864389585,14.389584037876226,204,618.5735814500699,34.49442002029083,139.4822781701138,427.5435048257836,46,Retail trade,168,28.407169428474806,82.3529411764706,Benito Juárez,014
1901,0901400010064,0.258224,4064,15738.273746824461,70.71734475374733,83.0,90.0,154.0,88.0,104.0,333.0,2401.0,811.0,19.955708661417322,12.770669291338583,236,913.9351880537828,58.07086614173228,220.7385835553628,584.7636160852593,46,Retail trade,208,51.181102362204726,88.13559322033899,Benito Juárez,014
1902,0901400010079,0.35965,6309,17542.054775476157,71.59855147439214,122.0,129.0,259.0,124.0,147.0,501.0,3730.0,1297.0,20.55793311142812,12.379140909811381,411,1142.7777005421938,65.14503090822635,336.438203809259,686.7788127346031,46,Retail trade,291,46.1245839277223,70.8029197080292,Benito Juárez,014
1903,0901400010083,0.258311,4930,19085.520941810453,71.64926022628373,77.0,94.0,162.0,95.0,88.0,344.0,2969.0,1101.0,22.332657200811358,10.466531440162273,268,1037.509049169412,54.36105476673428,247.76335502553124,708.4483432761284,72,Accommodation and food services,134,27.18052738336714,50.0,Benito Juárez,014
1904,0901400010098,0.276659,6213,22457.248815328618,74.2201505916099,163.0,184.0,288.0,138.0,149.0,427.0,3764.0,1100.0,17.704812489940448,14.839851923386448,189,683.1514608236132,30.420086914534043,187.95701567633802,433.7469592530877,46,Retail trade,162,26.07436021245775,85.71428571428571,Benito Juárez,014
1905,0901400010100,0.148797,1983,13326.881590354644,69.98898678414096,43.0,45.0,79.0,38.0,58.0,158.0,1177.0,385.0,19.41502773575391,13.262733232476046,61,409.95450177086906,30.761472516389308,80.64678723361358,295.7048865232498,52,Finance and insurance,50,25.214321734745337,81.9672131147541,Benito Juárez,014
1906,0901400010115,0.280084,5163,18433.75558760943,71.31766228164761,113.0,148.0,265.0,137.0,139.0,374.0,3024.0,963.0,18.651946542707726,15.533604493511524,386,1378.1579811770755,74.7627348440829,710.5011353736736,517.7018323074507,46,Retail trade,171,33.120278907611855,44.30051813471503,Benito Juárez,014
1907,090140001012A,0.237762,5644,23738.023738023738,70.18025078369907,117.0,122.0,301.0,157.0,169.0,442.0,3336.0,1000.0,17.71793054571226,15.343727852586818,185,778.089013383131,32.778171509567684,197.67666826490355,475.26518114753407,46,Retail trade,146,25.868178596739902,78.91891891891892,Benito Juárez,014
1908,0901400010134,0.251972,5075,20141.12679186576,69.8651000870322,105.0,129.0,244.0,126.0,136.0,432.0,2938.0,965.0,19.014778325123153,14.58128078817734,219,869.1441906243551,43.152709359605915,234.15300112710935,480.2120870572921,46,Retail trade,160,31.527093596059114,73.05936073059361,Benito Juárez,014
1909,0901400010149,0.174225,3398,19503.515568948198,70.63051290427964,55.0,82.0,199.0,93.0,98.0,268.0,1986.0,617.0,18.157739846968806,15.509123013537375,184,1056.1056105610562,54.14949970570924,298.4646290716028,596.9292581432056,46,Retail trade,118,34.72630959387875,64.1304347826087,Benito Juárez,014
1910,0901400010153,0.132146,2901,21952.991388312927,64.98251068791294,76.0,84.0,168.0,87.0,93.0,261.0,1530.0,602.0,20.751465012064806,17.511203033436747,67,507.014968292646,23.09548431575319,136.21297655623326,287.56072828538134,46,Retail trade,59,20.33781454670803,88.05970149253731,Benito Juárez,014
1911,0901400010168,0.123523,1670,13519.74935841908,69.79645436638214,31.0,37.0,79.0,43.0,43.0,149.0,952.0,336.0,20.119760479041915,13.952095808383234,233,1886.2883835399075,139.52095808383234,744.8005634578176,955.2876792176356,46,Retail trade,67,40.119760479041915,28.755364806866954,Benito Juárez,014
1912,0901400010172,0.125468,1828,14569.451971817514,67.70334928229666,41.0,40.0,75.0,34.0,50.0,157.0,1000.0,431.0,23.577680525164112,13.12910284463895,74,589.7918194280613,40.481400437636765,183.31367360601905,286.92574999202986,46,Retail trade,48,26.2582056892779,64.86486486486487,Benito Juárez,014
1913,0901400010187,0.369566,6913,18705.725093758625,70.88709677419355,184.0,169.0,359.0,162.0,162.0,509.0,4069.0,1299.0,18.790684218139738,14.986257775206134,340,919.9980517688316,49.18269926225951,278.705292153499,500.58717522715835,46,Retail trade,341,49.327354260089685,100.29411764705883,Benito Juárez,014
1914,0901400010191,0.223185,4213,18876.71662522123,72.6891856506939,91.0,108.0,193.0,106.0,105.0,272.0,2515.0,823.0,19.534773320674105,14.312841205791598,90,403.2529067813697,21.362449560882983,107.53410847503193,215.06821695006386,46,Retail trade,82,19.463565155471162,91.11111111111111,Benito Juárez,014
1915,0901400010204,0.244906,6314,25781.320179987422,75.45980031529164,146.0,180.0,279.0,107.0,122.0,351.0,4036.0,1093.0,17.310738042445358,13.20874247703516,205,837.0558499995917,32.467532467532465,146.9951736584649,620.646288780185,62,Health care and social assistance,186,29.458346531517265,90.73170731707317,Benito Juárez,014
1916,0901400010219,0.2802,4029,14379.014989293362,76.8724279835391,96.0,107.0,181.0,77.0,79.0,245.0,2617.0,627.0,15.56217423678332,13.402829486224869,835,2980.0142755174875,207.24745594440307,299.78586723768734,2280.5139186295505,54,"Professional, scientific and technical services",367,91.08960039712088,43.952095808383234,Benito Juárez,014
1917,0901400010223,0.220688,1127,5106.75705067788,70.5771050141911,19.0,16.0,35.0,22.0,17.0,62.0,673.0,283.0,25.110913930789707,9.671694764862467,574,2600.957007177554,509.3167701863354,231.0954832161241,1912.2018415138114,54,"Professional, scientific and technical services",216,191.65927240461403,37.63066202090592,Benito Juárez,014
1918,0901400010238,0.373242,6776,18154.441354402774,73.03715670436188,129.0,158.0,297.0,152.0,124.0,468.0,3964.0,1484.0,21.90082644628099,12.69185360094451,269,720.7120313362376,39.69893742621015,120.56520970308807,484.9400656946432,46,Retail trade,184,27.15466351829988,68.40148698884758,Benito Juárez,014
1919,0901400010242,0.263746,4514,17114.951506373556,72.71165644171779,109.0,124.0,204.0,124.0,112.0,307.0,2781.0,753.0,16.68143553389455,14.909171466548516,476,1804.7667073623866,105.44971200708906,773.4714460124513,894.8003002889143,46,Retail trade,132,29.24235711120957,27.73109243697479,Benito Juárez,014
1920,0901400010257,0.461463,7766,16829.084888712638,71.66854884246189,151.0,190.0,341.0,160.0,181.0,565.0,4682.0,1496.0,19.26345609065156,13.172804532577903,505,1094.3455921709867,65.02704094772083,405.2329222494545,574.2605582679435,46,Retail trade,201,25.882049961370075,39.801980198019805,Benito Juárez,014
1921,0901400010261,0.398643,8246,20685.174454336335,73.15046815244627,158.0,180.0,325.0,159.0,191.0,617.0,4854.0,1762.0,21.367935968954644,12.284744118360416,321,805.2317487074902,38.92796507397526,220.74889061139916,511.7360645991526,46,Retail trade,234,28.377395100654862,72.89719626168224,Benito Juárez,014
1922,0901400010276,0.273083,4686,17159.61813807524,72.04853009799346,102.0,110.0,188.0,88.0,101.0,347.0,2810.0,940.0,20.05975245411865,12.569355527102006,264,966.7390500324077,56.33802816901409,289.28933694151596,541.9597704727134,46,Retail trade,167,35.638070849338455,63.25757575757576,Benito Juárez,014
1923,0901400010280,0.202062,2417,11961.675129415724,62.538837106080784,42.0,43.0,79.0,58.0,74.0,222.0,1273.0,626.0,25.89987587918908,12.246586677699627,298,1474.7948649424434,123.29333884981382,786.8871930397601,559.2342944244836,46,Retail trade,74,30.61646669424907,24.83221476510067,Benito Juárez,014
1924,0901400010295,0.096729,2208,22826.660050243463,67.86802030456853,48.0,67.0,123.0,61.0,45.0,170.0,1284.0,410.0,18.568840579710145,15.579710144927537,81,837.3910616257792,36.68478260869565,196.42506383814575,527.2462239866018,81,Other services (except government),63,28.532608695652176,77.77777777777777,Benito Juárez,014
1925,0901400010308,0.210089,3867,18406.484870697655,65.06575185820469,69.0,102.0,198.0,113.0,113.0,305.0,2170.0,797.0,20.61029221618826,15.386604603051461,135,642.5848092951082,34.91078355314197,204.67516147918263,333.1921233382043,46,Retail trade,103,26.635634859063874,76.29629629629629,Benito Juárez,014
1926,0901400010312,0.136064,2167,15926.328786453434,61.01354741595585,40.0,49.0,85.0,69.0,67.0,209.0,1075.0,573.0,26.442085832948777,14.305491462851869,85,624.706020696143,39.224734656206735,176.38758231420508,352.77516462841015,46,Retail trade,55,25.380710659898476,64.70588235294117,Benito Juárez,014
1927,0901400010327,0.145406,1777,12220.95374331183,64.09937888198758,22.0,42.0,103.0,56.0,46.0,135.0,889.0,484.0,27.236916150815983,15.137872819358469,103,708.361415622464,57.96285875070343,254.4599260003026,336.98746956796833,46,Retail trade,61,34.32751828925155,59.22330097087379,Benito Juárez,014
1928,0901400010331,0.161889,2619,16177.751422270814,64.22866750735604,48.0,64.0,128.0,62.0,63.0,233.0,1339.0,682.0,26.040473463153877,13.936617029400535,153,945.0920074866112,58.419243986254294,284.14530944041906,506.51989943726875,46,Retail trade,67,25.582283314242076,43.790849673202615,Benito Juárez,014
1929,0901400010346,0.300299,5180,17249.47469022541,75.6704152249135,149.0,148.0,259.0,93.0,104.0,350.0,3215.0,862.0,16.64092664092664,14.536679536679536,186,619.3826819270128,35.907335907335906,163.17070652915928,369.6316005048302,46,Retail trade,151,29.15057915057915,81.18279569892474,Benito Juárez,014
1930,0901400010350,0.232868,3701,15893.124001580294,75.4287403903016,78.0,103.0,138.0,69.0,79.0,207.0,2295.0,732.0,19.77843825992975,12.618211294244798,321,1378.463335451844,86.73331532018373,528.1962313413608,687.0845285741278,46,Retail trade,90,24.317751958930018,28.037383177570092,Benito Juárez,014
1931,0901400010365,0.147197,1729,11746.163304958662,70.97772277227723,28.0,30.0,55.0,28.0,41.0,120.0,1087.0,340.0,19.664545980335454,10.526315789473685,108,733.7106055150581,62.46385193753615,176.6340346610325,400.8233863461891,46,Retail trade,46,26.604973973395026,42.592592592592595,Benito Juárez,014
1932,090140001037A,0.159743,2546,15938.100574047063,76.65520206362855,53.0,60.0,107.0,41.0,46.0,138.0,1627.0,474.0,18.617439120188532,12.058130400628437,88,550.8848588044547,34.56402199528672,81.3807177779308,363.0832023938451,81,Other services (except government),72,28.279654359780046,81.81818181818181,Benito Juárez,014
1933,0901400010384,0.272415,4103,15061.5788411064,72.90480065093573,86.0,112.0,218.0,86.0,85.0,266.0,2562.0,688.0,16.768218376797467,14.306604923226907,337,1237.0831268469065,82.13502315378992,165.1891415670943,899.3631040875135,72,Accommodation and food services,179,43.62661467219108,53.11572700296736,Benito Juárez,014
1934,0901400010399,0.295157,4090,13857.032020246852,71.33115111838516,118.0,126.0,180.0,92.0,89.0,289.0,2284.0,912.0,22.29828850855746,14.792176039119804,211,714.8737790396298,51.58924205378973,111.80490383084256,494.651998766758,81,Other services (except government),442,108.06845965770171,209.478672985782,Benito Juárez,014
1935,0901400010401,0.354758,5533,15596.547505623552,72.6461038961039,129.0,141.0,335.0,104.0,120.0,373.0,3149.0,1182.0,21.362732694740647,14.982830290981385,184,518.6634268994638,33.255015362371225,115.5717418634675,341.07757964584306,46,Retail trade,141,25.483462859208387,76.6304347826087,Benito Juárez,014
1936,0901400010416,0.267391,3011,11260.663223519115,72.79735682819383,67.0,90.0,129.0,70.0,75.0,246.0,1732.0,602.0,19.99335768847559,14.314181335104616,130,486.179415163562,43.17502490866821,78.53667475719078,329.10606564918044,81,Other services (except government),87,28.894055131185652,66.92307692307692,Benito Juárez,014
1937,0901400010420,0.379088,5609,14796.03680411936,71.98343848580441,120.0,142.0,274.0,104.0,138.0,392.0,3311.0,1128.0,20.1105366375468,13.870565163130683,277,730.7010509433165,49.38491709752184,211.03279449626473,422.06558899252946,46,Retail trade,171,30.486717775004458,61.73285198555957,Benito Juárez,014
1938,0901400010435,0.271396,5570,20523.51545343336,68.85697422781821,110.0,136.0,241.0,134.0,130.0,423.0,3254.0,1142.0,20.50269299820467,13.48294434470377,157,578.4904714881575,28.186714542190305,154.75541275479372,335.3033943020531,46,Retail trade,123,22.082585278276483,78.34394904458598,Benito Juárez,014
1939,090140001044A,0.270986,4368,16118.913892230596,72.25130890052355,85.0,112.0,159.0,97.0,103.0,302.0,2548.0,962.0,22.023809523809526,12.728937728937728,199,734.3552803465861,45.55860805860806,166.06023927435365,483.41980766534067,46,Retail trade,115,26.32783882783883,57.78894472361809,Benito Juárez,014
1940,0901400010454,0.117203,1940,16552.477325665724,68.1792399319342,44.0,47.0,86.0,38.0,52.0,170.0,1076.0,427.0,22.010309278350515,13.762886597938145,100,853.2204807044188,51.54639175257732,204.7729153690605,588.722131686049,46,Retail trade,56,28.8659793814433,56.0,Benito Juárez,014
1941,0901400010469,0.282519,7095,25113.355207968314,71.72511401163705,134.0,214.0,387.0,198.0,194.0,579.0,4118.0,1271.0,17.914023960535587,15.884425651867513,343,1214.0776372562552,48.343904157857644,598.1898562574553,523.8585723438069,46,Retail trade,164,23.114869626497534,47.8134110787172,Benito Juárez,014
1942,0901400010473,0.147114,1915,13017.115978085021,76.52769845802399,29.0,41.0,94.0,55.0,54.0,175.0,1011.0,456.0,23.81201044386423,14.255874673629243,88,598.175564528189,45.95300261096606,183.53113911660344,353.4673790393844,46,Retail trade,74,38.64229765013055,84.0909090909091,Benito Juárez,014
1943,0901400010488,0.23076,10448,45276.4777257757,69.39617723718506,239.0,350.0,651.0,323.0,317.0,838.0,6033.0,1697.0,16.242343032159265,17.993874425727412,141,611.0244409776391,13.49540581929556,177.67377361761137,325.0130005200208,81,Other services (except government),149,14.261102603369066,105.67375886524823,Benito Juárez,014
1944,0901400010492,0.157961,3322,21030.507530339768,69.28763440860214,72.0,99.0,175.0,100.0,81.0,248.0,1962.0,585.0,17.609873570138472,15.863937387116195,71,449.47803571767713,21.372667068031305,132.94420774748198,221.5736795791366,46,Retail trade,96,28.898254063816978,135.2112676056338,Benito Juárez,014
1945,0901400010505,0.180904,3014,16660.770353336575,66.86110098432373,60.0,67.0,144.0,77.0,59.0,271.0,1719.0,617.0,20.471134704711346,13.503649635036496,170,939.7249369831513,56.40345056403451,281.9174810949454,602.5295184186087,46,Retail trade,177,58.72594558725945,104.11764705882354,Benito Juárez,014
1946,090140001051A,0.159759,2793,17482.583140855913,63.04006284367635,57.0,59.0,131.0,69.0,101.0,232.0,1450.0,694.0,24.84783387039026,14.93018259935553,114,713.5748220757516,40.816326530612244,187.78284791467146,394.3439806208101,46,Retail trade,57,20.408163265306122,50.0,Benito Juárez,014
1947,0901400010524,0.168263,2763,16420.72232160368,66.1648177496038,53.0,45.0,141.0,70.0,67.0,205.0,1519.0,663.0,23.995656894679698,13.608396670285922,221,1313.4200626400338,79.98552298226565,618.080029477663,534.8769485864391,46,Retail trade,101,36.55446977922548,45.70135746606335,Benito Juárez,014
1948,0901400010539,0.154792,2679,17307.095973952142,66.19028174765211,49.0,48.0,133.0,71.0,74.0,238.0,1428.0,638.0,23.81485628966032,13.997760358342665,159,1027.1848674350097,59.3505039193729,303.63326270091477,613.7268075869554,46,Retail trade,74,27.622247107129525,46.540880503144656,Benito Juárez,014
1949,0901400010543,0.221731,5681,25621.13552006711,73.7791723867425,151.0,155.0,276.0,152.0,123.0,402.0,3493.0,929.0,16.352754796690725,15.08537229361028,148,667.4754544921549,26.051751452209118,180.3987714843662,374.32745083005983,46,Retail trade,75,13.201901073754621,50.67567567567568,Benito Juárez,014
1950,0901400010558,0.237587,2425,10206.787408401975,74.58977965307079,97.0,73.0,122.0,58.0,49.0,144.0,1489.0,393.0,16.20618556701031,16.45360824742268,248,1043.828155580903,102.26804123711341,210.44922491550463,719.7363492110259,72,Accommodation and food services,121,49.896907216494846,48.79032258064516,Benito Juárez,014
1951,0901400010562,0.273658,3819,13955.374957063195,75.3314121037464,84.0,100.0,163.0,59.0,83.0,299.0,2295.0,736.0,19.272060748887142,12.804399057344854,151,551.7836131229491,39.53914637339618,76.73811838133729,401.96157247367154,81,Other services (except government),114,29.850746268656717,75.49668874172185,Benito Juárez,014
1952,0901400010577,0.486886,6059,12444.391500269057,76.84985632183908,123.0,140.0,228.0,128.0,112.0,357.0,3820.0,1151.0,18.996534081531607,12.064697144743358,461,946.8335503588108,76.08516256808055,96.53183702139721,739.3927942064466,54,"Professional, scientific and technical services",229,37.79501567915498,49.67462039045553,Benito Juárez,014
1953,0901400010581,0.152325,521,3420.318398161825,64.58333333333333,6.0,10.0,25.0,16.0,15.0,39.0,259.0,151.0,28.982725527831093,13.81957773512476,63,413.58936484490397,120.92130518234165,13.129821106187428,288.85606433612344,54,"Professional, scientific and technical services",52,99.8080614203455,82.53968253968254,Benito Juárez,014
1954,0901400010596,0.217991,3156,14477.66192182246,67.55632582322357,74.0,67.0,128.0,71.0,96.0,250.0,1669.0,801.0,25.380228136882128,13.814955640050696,137,628.4663128294287,43.40937896070976,96.33425233151827,463.3218802611117,62,Health care and social assistance,93,29.46768060836502,67.88321167883211,Benito Juárez,014
1955,0901400010609,0.295591,4320,14614.788677598439,65.82278481012658,85.0,119.0,164.0,82.0,94.0,328.0,2361.0,1087.0,25.162037037037038,12.592592592592593,158,534.5223636714244,36.574074074074076,101.49158803887805,378.90192867847804,46,Retail trade,146,33.7962962962963,92.40506329113924,Benito Juárez,014
1956,0901400010613,0.387714,5414,13963.901226161552,73.09407948094079,101.0,146.0,235.0,122.0,108.0,389.0,3155.0,1158.0,21.38899150350942,13.15108976727004,260,670.5973991137797,48.023642408570375,152.17402518351156,477.1558416771125,46,Retail trade,264,48.762467676394536,101.53846153846153,Benito Juárez,014
1957,0901400010628,0.40384,5347,13240.392234548335,65.79857578840284,97.0,115.0,219.0,126.0,121.0,421.0,2918.0,1330.0,24.87376098746961,12.680007480830373,308,762.6782884310618,57.602393865719094,185.71711568938193,490.2931854199683,46,Retail trade,152,28.427155414250983,49.35064935064935,Benito Juárez,014
1958,0901400010632,0.377818,6933,18350.10507704768,67.20897172642553,125.0,164.0,312.0,188.0,164.0,547.0,3862.0,1571.0,22.65974325688735,13.745853166017596,234,619.3458225918299,33.751622674167024,156.15984415776907,391.7229989042343,81,Other services (except government),167,24.08769652387134,71.36752136752136,Benito Juárez,014
1959,0901400010647,0.227636,5658,24855.471015129417,68.59683794466403,117.0,163.0,318.0,187.0,166.0,490.0,3127.0,1090.0,19.264757864969955,16.808059384941675,154,676.5186525857071,27.2180982679392,193.29104359591628,364.6171958741148,81,Other services (except government),108,19.088016967126194,70.12987012987013,Benito Juárez,014
1960,0901400010651,0.357388,6444,18030.823642651685,67.65728189085853,146.0,201.0,343.0,218.0,194.0,606.0,3524.0,1212.0,18.808193668528865,17.101179391682184,883,2470.7041086997883,137.02669149596525,1611.6937334213796,651.9524998041344,46,Retail trade,203,31.502172563625077,22.989807474518685,Benito Juárez,014
1961,0901400010666,0.153843,3479,22613.963586253518,70.2938327413626,92.0,91.0,196.0,109.0,105.0,314.0,1981.0,591.0,16.987640126473124,17.045127910319056,99,643.5131920204365,28.456453003736705,240.5049303510722,305.506262878389,46,Retail trade,66,18.970968669157806,66.66666666666667,Benito Juárez,014
1962,0901400010670,0.286994,6796,23679.937559670238,71.41681750863913,160.0,199.0,360.0,186.0,183.0,585.0,3909.0,1214.0,17.863449087698648,16.009417304296644,273,951.2393987330746,40.17068864037669,344.95494679331273,459.93992905775036,46,Retail trade,164,24.131842260153032,60.07326007326007,Benito Juárez,014
1963,0901400010685,0.261983,4576,17466.78219579133,71.47080561714708,118.0,128.0,271.0,133.0,128.0,371.0,2597.0,830.0,18.138111888111887,17.001748251748253,158,603.0925670749629,34.52797202797203,114.51124691296764,374.0700732490276,81,Other services (except government),121,26.442307692307693,76.58227848101266,Benito Juárez,014
1964,090140001069A,0.256253,1735,6770.652441142152,71.70172084130019,36.0,50.0,79.0,42.0,39.0,125.0,1030.0,334.0,19.2507204610951,14.178674351585014,484,1888.7583755117014,278.9625360230548,1010.7198744990303,760.9667008776482,46,Retail trade,233,134.29394812680115,48.14049586776859,Benito Juárez,014
1965,0901400010702,0.272515,4122,15125.772893235235,69.01669758812616,89.0,95.0,165.0,99.0,96.0,345.0,2281.0,952.0,23.09558466763707,13.197476952935467,288,1056.8225602260427,69.86899563318778,187.14566170669505,759.5912151624681,62,Health care and social assistance,107,25.958272683163514,37.15277777777778,Benito Juárez,014
1966,0901400010717,0.302544,1190,3933.312179385478,68.20276497695852,18.0,27.0,60.0,26.0,33.0,88.0,618.0,320.0,26.89075630252101,13.781512605042018,515,1702.2317414987572,432.7731092436975,347.056957004601,1170.077740758369,46,Retail trade,276,231.9327731092437,53.592233009708735,Benito Juárez,014
1967,0901400010721,0.212544,4471,21035.64438422162,66.26357354392893,87.0,115.0,217.0,125.0,113.0,340.0,2427.0,1047.0,23.41757995974055,14.694699172444643,206,969.2110809996989,46.074703645716845,258.7699488105992,644.5724179464017,46,Retail trade,91,20.35338850369045,44.1747572815534,Benito Juárez,014
1968,0901400010736,0.29603,5045,17042.1916697632,69.56428418115476,93.0,121.0,172.0,117.0,96.0,371.0,2988.0,1087.0,21.546085232903867,11.873141724479684,341,1151.910279363578,67.59167492566898,212.81626862142352,783.7043542884168,72,Accommodation and food services,167,33.10208126858276,48.97360703812317,Benito Juárez,014
1969,0901400010740,0.277193,3523,12709.556157623028,63.5968992248062,60.0,69.0,169.0,76.0,107.0,282.0,1893.0,867.0,24.609707635537895,13.653136531365314,214,772.0252675933375,60.74368435992052,115.44303066816262,580.8227480491931,72,Accommodation and food services,121,34.345728072665345,56.54205607476636,Benito Juárez,014
1970,0901400010755,0.282467,5093,18030.424792984668,70.99056603773585,92.0,113.0,224.0,104.0,112.0,389.0,2865.0,1194.0,23.44394266640487,12.664441390143335,258,913.3810321205663,50.65776556057334,159.3106451373081,654.9437633422665,62,Health care and social assistance,160,31.41566856469664,62.01550387596899,Benito Juárez,014
1971,090140001076A,0.292318,4076,13943.718826757162,73.72282608695652,100.0,124.0,172.0,75.0,91.0,332.0,2447.0,735.0,18.032384690873407,13.78802747791953,203,694.449195738887,49.803729146221784,160.7838039395453,437.87929583535737,46,Retail trade,236,57.89990186457311,116.25615763546799,Benito Juárez,014
1972,0901400010774,0.461232,7049,15282.98123287196,69.64313787140387,181.0,156.0,351.0,193.0,190.0,556.0,4026.0,1396.0,19.80422755000709,15.19364448857994,408,884.5873660110313,57.88055043268549,320.8797308079231,440.1255767162729,46,Retail trade,197,27.947226556958434,48.28431372549019,Benito Juárez,014
1973,0901400010789,0.155494,2843,18283.663678341287,73.2225656877898,67.0,72.0,116.0,59.0,73.0,209.0,1686.0,561.0,19.732676749912066,13.612381287372493,228,1466.294519402678,80.19697502638058,604.5249334379462,720.2850270749997,46,Retail trade,80,28.139289482940555,35.08771929824562,Benito Juárez,014
1974,0901400010793,0.41485,4670,11257.080872604556,68.3317843866171,70.0,98.0,198.0,104.0,103.0,545.0,2569.0,983.0,21.049250535331907,12.269807280513918,426,1026.877184524527,91.22055674518201,183.19874653489214,730.384476316741,46,Retail trade,252,53.96145610278373,59.15492957746479,Benito Juárez,014
1975,0901400010806,0.305115,5486,17980.105861724267,69.60096250250652,133.0,127.0,239.0,109.0,139.0,433.0,3082.0,1224.0,22.311337951148378,13.616478308421437,522,1710.8303426576865,95.1512942034269,327.7452763712043,1235.5996919194401,46,Retail trade,179,32.62850893182647,34.2911877394636,Benito Juárez,014
1976,0901400010810,0.441542,6987,15824.08921461605,69.45559659547133,165.0,204.0,391.0,184.0,166.0,509.0,4031.0,1337.0,19.135537426649492,15.886646629454702,283,640.9356301325809,40.503792757979106,142.68178338640493,423.5157697342495,46,Retail trade,175,25.0465149563475,61.83745583038869,Benito Juárez,014
1977,0901400010825,0.237111,284,1197.75126417585,69.40298507462687,3.0,3.0,10.0,5.0,8.0,33.0,163.0,59.0,20.774647887323944,10.211267605633802,274,1155.5769238879682,964.7887323943662,556.701291800043,565.1361598576194,46,Retail trade,376,1323.943661971831,137.22627737226279,Benito Juárez,014
1978,090140001083A,0.204139,3012,14754.652467191472,70.65097462302317,70.0,71.0,152.0,74.0,75.0,277.0,1721.0,572.0,18.99070385126162,14.674634794156706,251,1229.554372265956,83.33333333333333,328.20774080406,813.1714175145366,72,Accommodation and food services,97,32.20451527224436,38.645418326693225,Benito Juárez,014
1979,0901400010844,0.45529,5577,12249.335588306354,70.57776018994855,115.0,150.0,258.0,109.0,124.0,435.0,3387.0,999.0,17.912856374394835,13.555675094136632,202,443.6732631948868,36.22019006634391,109.82011465219969,254.7826659931033,46,Retail trade,213,38.192576654115115,105.44554455445545,Benito Juárez,014
1980,0901400010859,0.312162,5794,18560.875442879016,68.48923604496095,137.0,149.0,259.0,136.0,170.0,406.0,3434.0,1103.0,19.036934760096653,14.687607870210563,160,512.5543788161275,27.61477390403866,182.59749745324544,253.07372454046296,46,Retail trade,147,25.371073524335518,91.875,Benito Juárez,014
1981,0901400010863,0.329016,7925,24086.974493641646,69.44405545441815,187.0,209.0,388.0,221.0,207.0,650.0,4595.0,1468.0,18.52365930599369,15.293375394321767,196,595.7157098742919,24.73186119873817,139.81082986845624,373.8420016047852,81,Other services (except government),153,19.305993690851736,78.06122448979592,Benito Juárez,014
1982,0901400010878,0.248017,5681,22905.687916554107,69.95699765441752,118.0,149.0,298.0,158.0,176.0,465.0,3311.0,1006.0,17.708149973596196,15.824678753740539,169,681.4049036961176,29.748283752860413,213.69502896978835,350.78240604474695,46,Retail trade,130,22.88329519450801,76.92307692307692,Benito Juárez,014
1983,0901400010882,0.23536,3795,16124.23521414004,71.45766656968286,89.0,103.0,166.0,60.0,79.0,272.0,2334.0,692.0,18.23451910408432,13.096179183135705,256,1087.695445275323,67.45718050065877,305.91434398368455,650.0679809653298,46,Retail trade,139,36.62714097496706,54.296875,Benito Juárez,014
1984,0901400010897,0.183907,1771,9629.867269870098,69.9816961561928,49.0,38.0,45.0,39.0,42.0,173.0,990.0,395.0,22.30378317334839,12.027103331451157,109,592.6908709293284,61.54714850367024,97.87555666722855,435.00247407657133,81,Other services (except government),64,36.13777526821005,58.71559633027523,Benito Juárez,014
1985,090140001090A,0.227798,2649,11628.723693798893,67.58309396799343,56.0,58.0,98.0,46.0,56.0,152.0,1402.0,781.0,29.482823707059268,11.853529633824085,114,500.4433752710735,43.03510758776897,70.23766670471207,338.01877101642685,81,Other services (except government),84,31.710079275198186,73.6842105263158,Benito Juárez,014
1986,0901400010914,0.275362,2250,8171.062092808739,74.633431085044,54.0,62.0,88.0,44.0,48.0,125.0,1357.0,472.0,20.977777777777778,13.155555555555555,284,1031.3696152700809,126.22222222222223,156.1580755514559,722.6850473195285,46,Retail trade,130,57.77777777777778,45.774647887323944,Benito Juárez,014
1987,0901400010929,0.247415,3731,15079.926439383224,69.82961222091657,75.0,102.0,150.0,77.0,67.0,291.0,2095.0,874.0,23.425355132672205,12.62396140444921,161,650.7285330315461,43.151969981238274,68.71046622072227,501.1822241982095,54,"Professional, scientific and technical services",81,21.709997319753416,50.31055900621118,Benito Juárez,014
1988,0901400010933,0.200974,3060,15225.850109964473,68.0766449746927,79.0,73.0,142.0,75.0,73.0,206.0,1734.0,678.0,22.15686274509804,14.444444444444445,80,398.0614407833849,26.143790849673202,34.83037606854618,308.4976166071233,72,Accommodation and food services,84,27.45098039215686,105.0,Benito Juárez,014
1989,0901400010948,0.116166,3045,26212.489024327257,65.28954802259886,37.0,56.0,120.0,88.0,77.0,230.0,1678.0,759.0,24.926108374384235,12.413793103448276,93,800.5784825163989,30.541871921182267,60.258595458223574,688.669662379698,54,"Professional, scientific and technical services",55,18.0623973727422,59.13978494623656,Benito Juárez,014
1990,0901400010952,0.289895,3854,13294.468686938373,68.77611940298507,113.0,103.0,280.0,142.0,123.0,302.0,2105.0,686.0,17.799688635184225,19.745718733783082,149,513.9791993652874,38.66113129216399,193.17339036547716,282.86103589230584,46,Retail trade,189,49.03995848469123,126.84563758389261,Benito Juárez,014
1991,0901400010967,0.247311,705,2850.661717432706,71.94928684627575,21.0,19.0,34.0,15.0,16.0,50.0,429.0,121.0,17.163120567375888,14.893617021276595,500,2021.7458988884441,709.2198581560284,359.87077000214305,1609.3097355152015,62,Health care and social assistance,365,517.7304964539007,73.0,Benito Juárez,014
1992,0901400010971,0.286227,3943,13775.779363931426,69.10935738444194,84.0,114.0,196.0,106.0,114.0,306.0,2209.0,814.0,20.64417955871164,15.571899568856201,79,276.00470954871486,20.035505959928987,45.41849650801637,188.66144703329874,46,Retail trade,152,38.54932792290134,192.40506329113924,Benito Juárez,014
1993,0901400010986,0.360954,5256,14561.412257517579,65.05161154413314,118.0,127.0,264.0,175.0,178.0,423.0,2879.0,1092.0,20.77625570776256,16.400304414003045,111,307.51840954803106,21.118721461187214,88.65395590573868,174.53747568942302,46,Retail trade,109,20.73820395738204,98.1981981981982,Benito Juárez,014
1994,0901400010990,0.338086,5697,16850.742118869162,68.95813047711782,118.0,154.0,289.0,162.0,157.0,475.0,3259.0,1083.0,19.010005265929436,15.446726347200281,233,689.1737605224706,40.898718623837105,230.71052927361677,393.3910306845004,46,Retail trade,175,30.717921713182378,75.10729613733906,Benito Juárez,014
1995,0901400011005,0.377257,7611,20174.575952202344,68.72010436295115,149.0,191.0,372.0,209.0,223.0,631.0,4352.0,1484.0,19.498094862698725,15.030876363158587,303,803.1660114987926,39.810800157666534,241.21487474056147,447.97048166104275,46,Retail trade,208,27.328866114833794,68.64686468646865,Benito Juárez,014
1996,090140001101A,0.280557,4333,15444.276920554468,63.97263744616164,79.0,96.0,211.0,136.0,137.0,396.0,2363.0,915.0,21.11700900069236,15.208862220170783,121,431.284908236116,27.925225017309025,106.93014253788,238.810651667932,46,Retail trade,125,28.84837295176552,103.30578512396694,Benito Juárez,014
1997,0901400011024,0.318568,4142,13001.933653097612,71.91040843214756,81.0,74.0,192.0,98.0,109.0,353.0,2394.0,841.0,20.30420086914534,13.375181071945919,218,684.3122975314533,52.63157894736842,207.17711760126565,376.68566836593754,46,Retail trade,173,41.76726219217769,79.35779816513761,Benito Juárez,014
1998,0901500010019,0.158272,4263,26934.64415689446,63.565891472868216,102.0,142.0,278.0,143.0,160.0,441.0,2200.0,797.0,18.69575416373446,19.35256861365236,125,789.7796198948645,29.322073657049028,303.275374039628,328.5483218762636,46,Retail trade,102,23.926812104152006,81.6,Cuauhtémoc,015
1999,0901500010023,0.167041,4902,29346.08868481391,62.59398496240601,142.0,152.0,352.0,186.0,210.0,479.0,2520.0,861.0,17.56425948592411,21.256629946960423,145,868.0503588939242,29.579763361893104,257.42183056854304,359.19325195610656,46,Retail trade,84,17.135862913096695,57.93103448275862,Cuauhtémoc,015
2000,0901500010038,0.098866,2800,28321.161976817108,69.01524515863206,86.0,79.0,208.0,101.0,108.0,283.0,1465.0,470.0,16.785714285714285,20.785714285714285,101,1021.5847713066171,36.07142857142857,333.7851232982016,576.5379402423482,46,Retail trade,67,23.928571428571427,66.33663366336634,Cuauhtémoc,015
2001,0901500010042,0.458344,2930,6392.578499991273,67.96844181459566,97.0,101.0,197.0,126.0,146.0,374.0,1587.0,302.0,10.30716723549488,22.764505119453926,99,215.99497320789627,33.78839590443686,41.453580716666956,76.36185921491281,31-33,Manufacturing,103,35.153583617747444,104.04040404040404,Cuauhtémoc,015
2002,0901500010057,0.253317,24,94.74295053233695,56.52173913043478,0.0,,0.0,0.0,,5.0,,,,,106,418.44803151782156,4416.666666666667,55.26672114386322,114.48106522657382,31-33,Manufacturing,49,2041.6666666666667,46.22641509433962,Cuauhtémoc,015
2003,0901500010061,0.186239,1327,7125.253035078582,64.8397976391231,29.0,33.0,79.0,41.0,47.0,106.0,722.0,270.0,20.346646571213263,17.256970610399396,91,488.6194620890361,68.57573474001506,85.9111142134569,295.3194551087581,81,Other services (except government),72,54.257724189902035,79.12087912087912,Cuauhtémoc,015
2004,0901500010076,0.296984,6626,22310.966247339926,69.8380221653879,153.0,207.0,401.0,198.0,214.0,589.0,3764.0,1100.0,16.601267733172353,17.70298822819197,142,478.1402365110578,21.430727437367945,151.52331438730707,225.6013791988794,46,Retail trade,200,30.184123151222458,140.8450704225352,Cuauhtémoc,015
2005,0901500010080,0.481343,7933,16480.970950029397,68.53016871604233,201.0,272.0,466.0,262.0,284.0,748.0,4331.0,1369.0,17.25702760620194,18.71927391907223,803,1668.2490448599024,101.22274045127946,918.2641068842801,602.4809751050706,46,Retail trade,315,39.70755073742594,39.22789539227895,Cuauhtémoc,015
2006,0901500010095,0.179947,3670,20394.894052137573,64.70404984423676,96.0,117.0,246.0,120.0,115.0,347.0,1853.0,776.0,21.14441416893733,18.91008174386921,182,1011.4089148471494,49.59128065395095,389.0034287873652,483.4756900642967,46,Retail trade,103,28.065395095367847,56.59340659340659,Cuauhtémoc,015
2007,0901500010108,0.13767,3456,25103.50838962737,64.98041775456919,62.0,104.0,226.0,162.0,124.0,365.0,1768.0,645.0,18.663194444444443,19.618055555555557,140,1016.924529672405,40.50925925925926,312.34110554223867,617.4184644439601,46,Retail trade,49,14.17824074074074,35.0,Cuauhtémoc,015
2008,0901500010112,0.132689,2227,16783.606779763206,62.48720573183214,63.0,81.0,126.0,80.0,77.0,217.0,1084.0,499.0,22.406825325550066,19.17377638078132,551,4152.567281387304,247.41805118994162,2720.6475291847855,1175.681480755752,46,Retail trade,54,24.247867085765606,9.800362976406534,Cuauhtémoc,015
2009,0901500010127,0.272795,8402,30799.684744955004,69.04063678257226,292.0,312.0,637.0,335.0,318.0,833.0,4499.0,1176.0,13.99666746012854,22.54225184479886,263,964.0939166773585,31.30207093549155,359.2441210432743,476.54832383291483,46,Retail trade,205,24.398952630326114,77.9467680608365,Cuauhtémoc,015
2010,0901500010131,0.108524,2585,23819.61593748848,66.07222469906375,72.0,82.0,188.0,136.0,152.0,310.0,1327.0,318.0,12.30174081237911,24.37137330754352,78,718.7350263536176,30.174081237911025,368.58206479672697,239.57834211787255,46,Retail trade,104,40.2321083172147,133.33333333333334,Cuauhtémoc,015
2011,0901500010146,0.084435,1384,16391.306922484753,60.95947063688999,26.0,49.0,100.0,66.0,49.0,112.0,657.0,325.0,23.482658959537574,20.953757225433527,106,1255.403564872387,76.58959537572254,769.8229407236336,355.3028957186001,46,Retail trade,43,31.069364161849713,40.56603773584906,Cuauhtémoc,015
2012,0901500010150,0.103639,1556,15013.653161454666,64.07982261640798,52.0,53.0,98.0,63.0,66.0,148.0,764.0,312.0,20.051413881748072,21.336760925449873,237,2286.7839326894314,152.31362467866325,1669.255782089754,549.986009127838,46,Retail trade,55,35.347043701799485,23.206751054852322,Cuauhtémoc,015
2013,0901500010165,0.29413,5259,17879.849046340056,68.04371584699453,151.0,163.0,370.0,197.0,168.0,514.0,2878.0,818.0,15.554287887431071,19.94675793877163,365,1240.947880189032,69.4048298155543,802.3663006153741,305.98714853976134,46,Retail trade,148,28.142232363567217,40.54794520547945,Cuauhtémoc,015
2014,090150001017A,0.324064,5239,16166.55969191271,68.03385416666667,131.0,155.0,345.0,201.0,213.0,610.0,2885.0,699.0,13.342240885665204,19.94655468600878,102,314.75264145354004,19.469364382515746,86.40268588920706,157.37632072677002,46,Retail trade,105,20.041992746707386,102.94117647058823,Cuauhtémoc,015
2015,0901500010184,0.327369,6961,21263.46721894865,65.1967435549525,232.0,307.0,526.0,282.0,266.0,732.0,3584.0,1032.0,14.825456112627496,23.171958052004022,95,290.1924128429998,13.647464444763683,88.58505234154731,76.36642443236836,46,Retail trade,109,15.658669731360437,114.73684210526316,Cuauhtémoc,015
2016,0901500010199,0.043281,490,11321.365033155425,63.81578947368421,7.0,7.0,20.0,16.0,17.0,48.0,273.0,102.0,20.816326530612244,13.673469387755102,12,277.25791917931656,24.489795918367346,0.0,161.73378618793467,93,Government and international organizations,38,77.55102040816327,316.6666666666667,Cuauhtémoc,015
2017,0901500010201,0.042328,1612,38083.538083538086,62.708333333333336,28.0,48.0,96.0,52.0,39.0,146.0,840.0,363.0,22.51861042183623,16.315136476426797,2,47.25004725004725,1.2406947890818858,0.0,47.25004725004725,52,Finance and insurance,17,10.54590570719603,850.0,Cuauhtémoc,015
2018,0901500010216,0.037974,1285,33838.942434297154,64.51612903225806,18.0,25.0,64.0,45.0,37.0,116.0,696.0,284.0,22.101167315175097,14.70817120622568,21,553.0099541791752,16.342412451361866,184.33665139305842,316.0056881023858,46,Retail trade,22,17.120622568093385,104.76190476190476,Cuauhtémoc,015
2019,0901500010220,0.023088,832,36036.036036036036,59.681697612732094,12.0,29.0,37.0,24.0,23.0,85.0,426.0,196.0,23.557692307692307,15.024038461538462,5,216.56271656271656,6.009615384615385,0.0,216.56271656271656,61,Educational services,10,12.01923076923077,200.0,Cuauhtémoc,015
2020,0901500010235,0.031111,1280,41143.00408215744,67.206132879046,20.0,34.0,52.0,36.0,37.0,129.0,682.0,290.0,22.65625,13.984375,39,1253.5759056282343,30.46875,353.57269133104046,771.4313265404519,46,Retail trade,42,32.8125,107.6923076923077,Cuauhtémoc,015
2021,090150001024A,0.041341,1076,26027.43039597494,64.5621181262729,18.0,21.0,55.0,37.0,20.0,92.0,566.0,267.0,24.814126394052046,14.033457249070633,43,1040.1296533707457,39.962825278810406,314.45780218185337,677.2937277762995,46,Retail trade,36,33.45724907063197,83.72093023255815,Cuauhtémoc,015
2022,0901500010254,0.025792,230,8917.493796526054,75.5868544600939,,5.0,10.0,6.0,5.0,21.0,,55.0,23.91304347826087,,10,387.71712158808936,43.47826086956522,271.40198511166255,116.3151364764268,46,Retail trade,10,43.47826086956522,100.0,Cuauhtémoc,015
2023,0901500010269,0.035324,1259,35641.4902049598,67.72486772486772,21.0,42.0,62.0,32.0,31.0,100.0,713.0,258.0,20.492454328832405,14.932486100079428,42,1188.9933189899218,33.35980937251787,368.0217415921187,792.662212659948,46,Retail trade,53,42.09690230341541,126.19047619047619,Cuauhtémoc,015
2024,0901500010273,0.040643,594,14615.062864453905,61.191335740072205,4.0,11.0,25.0,11.0,26.0,51.0,309.0,157.0,26.430976430976433,12.962962962962964,8,196.83586349432866,13.468013468013469,49.208965873582166,147.6268976207465,72,Accommodation and food services,53,89.22558922558923,662.5,Cuauhtémoc,015
2025,0901500010288,0.025179,235,9333.17447078915,52.293577981651374,,3.0,12.0,5.0,4.0,19.0,,73.0,31.06382978723404,,11,436.871996505024,46.808510638297875,39.715636045911275,317.7250883672902,62,Health care and social assistance,38,161.70212765957447,345.45454545454544,Cuauhtémoc,015
2026,0901500010292,0.030921,1418,45858.80146178972,64.77449455676516,25.0,47.0,60.0,45.0,42.0,98.0,755.0,346.0,24.400564174894217,15.44428772919605,2,64.68096115908283,1.4104372355430184,0.0,64.68096115908283,61,Educational services,37,26.09308885754584,1850.0,Cuauhtémoc,015
2027,0901500010305,0.027874,1377,49400.8753677262,63.02588996763754,31.0,27.0,83.0,56.0,32.0,102.0,719.0,327.0,23.74727668845316,16.63035584604212,25,896.8931620865322,18.15541031227306,394.6329913180742,502.26017076845807,46,Retail trade,20,14.524328249818446,80.0,Cuauhtémoc,015
2028,090150001031A,0.036537,1351,36976.215890740896,66.14497528830313,33.0,35.0,69.0,36.0,48.0,139.0,711.0,280.0,20.72538860103627,16.358253145817912,0,0.0,0.0,0.0,0.0,,,14,10.362694300518134,,Cuauhtémoc,015
2029,0901500010324,0.033192,695,20938.78042901904,71.58555729984302,15.0,19.0,24.0,14.0,19.0,61.0,416.0,127.0,18.27338129496403,13.093525179856115,14,421.7883827428296,20.14388489208633,120.51096649795132,271.14967462039044,46,Retail trade,48,69.06474820143885,342.85714285714283,Cuauhtémoc,015
2030,0901500010339,0.207184,4888,23592.555409684144,69.91546494281452,192.0,224.0,450.0,215.0,196.0,551.0,2379.0,681.0,13.932078559738134,26.125204582651392,236,1139.084099158236,48.28150572831424,772.2604062089737,299.2509074059773,46,Retail trade,249,50.94108019639935,105.50847457627118,Cuauhtémoc,015
2031,0901500010343,0.289605,10857,37488.99362925364,71.40614487553263,429.0,529.0,981.0,542.0,516.0,1304.0,5090.0,1466.0,13.502809247490099,27.60431058303399,827,2855.6136807030266,76.17205489545915,2230.6244712625817,504.13494242157424,46,Retail trade,324,29.84249792760431,39.177750906892385,Cuauhtémoc,015
2032,0901500010358,0.285511,9880,34604.621187975245,71.72980262351355,393.0,484.0,846.0,449.0,447.0,1072.0,4719.0,1470.0,14.878542510121457,26.508097165991902,1225,4290.5527282661615,123.98785425101215,3278.3325335976547,788.060705191744,46,Retail trade,225,22.77327935222672,18.367346938775512,Cuauhtémoc,015
2033,0901500010362,0.027821,3396,122066.06520254484,61.44656118824669,69.0,92.0,138.0,95.0,114.0,306.0,1817.0,765.0,22.526501766784452,14.958775029446407,68,2444.1968297329354,20.023557126030624,862.6577046116244,1258.042485891952,46,Retail trade,9,2.65017667844523,13.235294117647058,Cuauhtémoc,015
2034,0901500010377,0.032458,1050,32349.497812557765,60.35564853556485,21.0,24.0,49.0,29.0,26.0,85.0,534.0,282.0,26.857142857142858,14.19047619047619,5,154.04522767884652,4.761904761904762,30.8090455357693,123.2361821430772,62,Health care and social assistance,28,26.666666666666668,560.0,Cuauhtémoc,015
2035,0901500010381,0.036117,1189,32920.785225793945,63.21626617375231,15.0,34.0,58.0,25.0,28.0,108.0,635.0,286.0,24.053826745164002,13.45668629100084,20,553.7558490461555,16.82085786375105,221.50233961846223,249.19013207077,46,Retail trade,30,25.231286795626577,150.0,Cuauhtémoc,015
2036,0901500010396,0.035392,448,12658.227848101265,66.99029126213593,6.0,11.0,19.0,8.0,18.0,49.0,245.0,92.0,20.535714285714285,13.839285714285714,2,56.50994575045208,4.464285714285714,0.0,56.50994575045208,61,Educational services,28,62.5,1400.0,Cuauhtémoc,015
2037,0901500010409,0.038889,1281,32939.905885983186,66.72283066554338,24.0,18.0,52.0,40.0,44.0,119.0,666.0,318.0,24.824355971896956,13.895394223263075,28,719.9979428630204,21.85792349726776,154.28527347064724,462.8558204119417,46,Retail trade,70,54.6448087431694,250.0,Cuauhtémoc,015
2038,0901500010413,0.035734,218,6100.63245088711,57.76699029126213,3.0,4.0,5.0,,11.0,19.0,,53.0,24.31192660550459,,7,195.89186768903565,32.11009174311926,27.984552527005093,83.95365758101528,22,Utilities,23,105.5045871559633,328.57142857142856,Cuauhtémoc,015
2039,0901500010428,0.059834,1578,26372.96520373032,61.74636174636175,25.0,41.0,69.0,57.0,35.0,141.0,834.0,376.0,23.827629911280102,14.385297845373891,16,267.4064912925761,10.139416983523448,0.0,217.2677741752181,81,Other services (except government),32,20.278833967046896,200.0,Cuauhtémoc,015
2040,0901500010432,0.09843,139,1412.1710860510007,56.0,3.0,8.0,3.0,4.0,3.0,15.0,73.0,30.0,21.58273381294964,15.107913669064748,16,162.552067459108,115.10791366906474,50.79752108097125,111.75454637813675,46,Retail trade,30,215.8273381294964,187.5,Cuauhtémoc,015
2041,0901500010447,0.028504,1394,48905.41678360932,68.82494004796163,35.0,41.0,67.0,36.0,35.0,113.0,760.0,307.0,22.022955523672884,15.351506456241033,25,877.0698849284311,17.93400286944046,456.07634016278416,385.9107493685097,46,Retail trade,9,6.456241032998565,36.0,Cuauhtémoc,015
2042,0901500010451,0.068907,587,8518.728140827492,69.31818181818181,6.0,18.0,35.0,13.0,23.0,59.0,322.0,111.0,18.909710391822827,16.1839863713799,14,203.1723917744206,23.850085178875638,14.5123136981729,145.123136981729,71,"Arts, entertainment and recreation",33,56.218057921635435,235.71428571428572,Cuauhtémoc,015
2043,0901500010466,0.368623,11023,29903.180213931308,68.47321152059462,303.0,341.0,692.0,335.0,362.0,1072.0,5954.0,1964.0,17.817291118570264,18.44325501224712,611,1657.5200136725055,55.429556382110135,849.1059971841149,664.6356846968312,46,Retail trade,214,19.41395264447065,35.02454991816694,Cuauhtémoc,015
2044,0901500010470,0.24226,6778,27978.205234046065,72.89297658862876,182.0,207.0,409.0,233.0,238.0,637.0,3687.0,1185.0,17.483033343169076,18.722336972558278,312,1287.872533641542,46.03127766302744,540.7413522661603,606.7860975811112,46,Retail trade,124,18.294482148126292,39.743589743589745,Cuauhtémoc,015
2045,0901500010485,0.416376,9893,23759.774818913673,69.1456946168604,241.0,266.0,521.0,309.0,317.0,928.0,5418.0,1893.0,19.13474173658142,16.718892145961792,486,1167.2142486598652,49.12564439502679,345.84125886218226,689.2808423155993,46,Retail trade,281,28.403921965025777,57.818930041152264,Cuauhtémoc,015
2046,090150001049A,0.61786,1836,2971.546952384035,67.63042111879321,55.0,58.0,131.0,60.0,81.0,213.0,951.0,287.0,15.631808278867103,20.96949891067538,518,838.3776259994173,282.1350762527233,330.17188359822615,446.7031366328942,46,Retail trade,871,474.400871459695,168.14671814671814,Cuauhtémoc,015
2047,0901500010502,0.292862,8991,30700.466431288456,66.32496155817529,252.0,282.0,649.0,316.0,333.0,823.0,4704.0,1632.0,18.151484818151484,20.3759314870426,198,676.0863478361822,22.02202202202202,201.460073345125,375.6035265756568,46,Retail trade,230,25.581136692247803,116.16161616161617,Cuauhtémoc,015
2048,0901500010517,0.222641,8412,37782.79831657242,68.43208496366685,289.0,317.0,650.0,355.0,321.0,833.0,4289.0,1358.0,16.143604374702804,22.96718972895863,176,790.5102833709874,20.922491678554447,202.11910654371837,444.6620343961804,72,Accommodation and food services,186,22.111269614835948,105.68181818181819,Cuauhtémoc,015
2049,0901500010521,0.261378,8735,33419.032971405395,67.53107873278974,283.0,338.0,633.0,332.0,302.0,832.0,4608.0,1407.0,16.107613050944476,21.614195764167142,237,906.7327778160366,27.1322266742988,225.7267252790977,516.4933544521728,46,Retail trade,187,21.40812821980538,78.90295358649789,Cuauhtémoc,015
2050,0901500010536,0.261321,5292,20250.955721124596,70.91870456047587,178.0,175.0,400.0,231.0,223.0,572.0,2793.0,720.0,13.605442176870747,22.80801209372638,1358,5196.673822616629,256.6137566137566,4148.154951190299,841.8764661087322,46,Retail trade,292,55.17762660619803,21.502209131075112,Cuauhtémoc,015
2051,0901500010540,0.272881,6835,25047.54819866535,69.1543156059285,249.0,293.0,557.0,302.0,319.0,740.0,3399.0,976.0,14.279444038039502,25.16459400146306,676,2477.2703119674875,98.90270665691295,1590.4368570915528,773.2308222265383,46,Retail trade,323,47.25676664228237,47.781065088757394,Cuauhtémoc,015
2052,0901500010555,0.273316,4962,18154.809817207923,63.242879569410185,103.0,131.0,257.0,113.0,156.0,513.0,2552.0,1137.0,22.91414752116082,15.31640467553406,201,735.4124895725095,40.507859733978236,175.62089303224107,464.66361281447115,46,Retail trade,127,25.59451833937928,63.18407960199005,Cuauhtémoc,015
2053,090150001056A,0.205579,7081,34444.179609785046,68.59557867360208,218.0,241.0,469.0,256.0,282.0,787.0,3598.0,1230.0,17.370427905663043,20.7032904956927,1093,5316.690907145185,154.35672927552605,3064.5153444661178,2013.8243692205915,46,Retail trade,302,42.64934331309137,27.630375114364135,Cuauhtémoc,015
2054,0901500010574,0.268438,10841,40385.48938674852,66.74935289042278,364.0,404.0,801.0,439.0,432.0,1113.0,5512.0,1776.0,16.38225255972696,22.50714878701227,292,1087.7744581616612,26.9347846139655,342.7234594207973,562.5135040493522,46,Retail trade,234,21.58472465639701,80.13698630136986,Cuauhtémoc,015
2055,0901500010589,0.225418,5616,24913.715852327678,68.79554222031719,214.0,240.0,496.0,275.0,221.0,565.0,2658.0,947.0,16.862535612535613,25.747863247863247,1519,6738.592304075096,270.47720797720797,5917.894755520854,417.0030787248578,46,Retail trade,178,31.695156695156694,11.718235681369322,Cuauhtémoc,015
2056,0901500010593,0.280125,4685,16724.67648371263,65.89294173377546,111.0,117.0,232.0,124.0,140.0,402.0,2505.0,1054.0,22.497331910352187,15.453575240128067,181,646.1401160196341,38.63393810032017,182.0615796519411,371.26282909415437,46,Retail trade,128,27.321237993596586,70.7182320441989,Cuauhtémoc,015
2057,0901500010606,0.225985,5014,22187.31331725557,68.7900906879009,119.0,137.0,237.0,130.0,135.0,477.0,2787.0,992.0,19.784603111288394,15.117670522536896,296,1309.8214483262163,59.0347028320702,442.50724605615414,743.412173374339,46,Retail trade,193,38.49222177901875,65.20270270270271,Cuauhtémoc,015
2058,0901500010610,0.33279,10667,32053.246792271402,67.88961386244519,246.0,369.0,703.0,415.0,392.0,1187.0,5638.0,1717.0,16.096371988375363,19.921252460860597,349,1048.709396315995,32.717727571013405,333.5436761921933,567.9257189218426,46,Retail trade,323,30.28030374050811,92.55014326647564,Cuauhtémoc,015
2059,0901500010625,0.127032,1497,11784.432269034574,60.39453717754173,28.0,34.0,117.0,59.0,68.0,134.0,748.0,309.0,20.64128256513026,20.440881763527052,94,739.9710309213426,62.79225116900468,133.8245481453492,527.4261603375527,72,Accommodation and food services,125,83.500334001336,132.9787234042553,Cuauhtémoc,015
2060,090150001063A,0.265769,4292,16149.362792500255,70.40370976541189,135.0,192.0,299.0,156.0,167.0,441.0,2303.0,599.0,13.956197576887233,22.11090400745573,235,884.2265275483596,54.753028890959925,334.8772806459745,466.57059325956,46,Retail trade,341,79.45013979496738,145.10638297872342,Cuauhtémoc,015
2061,0901500010644,0.448129,8279,18474.591021781674,71.70263788968825,281.0,316.0,593.0,337.0,384.0,923.0,4079.0,1366.0,16.49957724362846,23.082497886218142,1477,3295.9259498938923,178.40318879091677,1936.942264392619,656.0610895523387,46,Retail trade,459,55.441478439425055,31.07650643195667,Cuauhtémoc,015
2062,0901500010659,0.278399,4180,15014.421747204551,69.1891891891892,133.0,148.0,381.0,179.0,216.0,507.0,1963.0,653.0,15.62200956937799,25.28708133971292,2524,9066.124519125427,603.8277511961722,7568.274311330141,675.289781931688,46,Retail trade,242,57.89473684210526,9.58795562599049,Cuauhtémoc,015
2063,0901500010663,0.18587,1838,9888.631839457685,63.21311475409836,53.0,79.0,181.0,90.0,82.0,164.0,859.0,330.0,17.954298150163222,26.387377584330796,2535,13638.56458815301,1379.2165397170838,12062.194006563726,919.9978479582504,46,Retail trade,95,51.686615886833515,3.747534516765286,Cuauhtémoc,015
2064,0901500010678,0.402281,9903,24617.12086824881,70.09009009009009,211.0,285.0,527.0,286.0,277.0,836.0,5756.0,1725.0,17.418963950318087,16.01534888417651,397,986.8723603650185,40.08886196102191,188.92266848297584,683.6017609581362,81,Other services (except government),228,23.02332626476825,57.43073047858942,Cuauhtémoc,015
2065,0901500010682,0.223686,5682,25401.67913950806,73.28687572590012,133.0,136.0,247.0,151.0,139.0,421.0,3465.0,990.0,17.423442449841605,14.185146075325589,451,2016.219164364332,79.37346004927842,867.287179349624,983.5215435923571,46,Retail trade,158,27.80711017247448,35.033259423503324,Cuauhtémoc,015
2066,0901500010697,0.439576,6982,15883.48772453455,71.16027375457584,152.0,178.0,369.0,170.0,197.0,607.0,4106.0,1203.0,17.23002005156116,15.26783156688628,613,1394.5256337925637,87.79719278143799,391.28614847034413,871.294156186871,46,Retail trade,307,43.970209109137784,50.0815660685155,Cuauhtémoc,015
2067,090150001070A,0.232654,1542,6627.867992813362,70.0921332388377,25.0,41.0,65.0,32.0,40.0,158.0,857.0,324.0,21.011673151750973,13.164721141374837,410,1762.2735908258617,265.88845654993514,348.15648989486533,1250.784426659331,72,Accommodation and food services,242,156.9390402075227,59.02439024390244,Cuauhtémoc,015
2068,0901500010714,0.174426,2769,15874.92690309931,74.11106671993608,54.0,71.0,141.0,60.0,63.0,250.0,1600.0,530.0,19.140483929216323,14.048392921632358,258,1479.1372845791338,93.17443120260022,280.9214222650293,1060.6216963067432,72,Accommodation and food services,161,58.14373420007223,62.4031007751938,Cuauhtémoc,015
2069,0901500010729,0.17232,359,2083.3333333333335,83.04093567251462,5.0,5.0,7.0,7.0,0.0,22.0,275.0,38.0,10.584958217270195,6.685236768802229,229,1328.9229340761374,637.8830083565459,150.8820798514392,934.3082636954504,72,Accommodation and food services,203,565.4596100278552,88.646288209607,Cuauhtémoc,015
2070,0901500010733,0.220292,369,1675.049479781381,82.19584569732937,7.0,5.0,15.0,10.0,15.0,36.0,235.0,46.0,12.466124661246612,14.092140921409214,162,735.3875764893868,439.0243902439024,222.432044740617,444.864089481234,46,Retail trade,507,1373.9837398373984,312.962962962963,Cuauhtémoc,015
2071,0901500010748,0.314311,4753,15121.965187346292,73.49857006673022,135.0,146.0,271.0,153.0,191.0,369.0,2883.0,605.0,12.728802861350726,18.851251840942563,1836,5841.348218802396,386.28234799074266,3108.3862798311225,2004.3841927263124,46,Retail trade,877,184.51504313065433,47.766884531590414,Cuauhtémoc,015
2072,0901500010752,0.267445,1708,6386.359812297856,73.17073170731707,54.0,53.0,125.0,55.0,58.0,169.0,933.0,261.0,15.281030444964872,20.19906323185012,1568,5862.887696535737,918.0327868852459,3230.5707715605076,1533.025481874778,46,Retail trade,234,137.0023419203747,14.923469387755102,Cuauhtémoc,015
2073,0901500010767,0.178385,260,1457.52165260532,64.95726495726495,5.0,8.0,13.0,10.0,13.0,17.0,130.0,64.0,24.615384615384617,18.846153846153847,1486,8330.296829890405,5715.384615384615,5067.690669058497,2455.363399388962,46,Retail trade,474,1823.076923076923,31.89771197846568,Cuauhtémoc,015
2074,0901500010771,0.348392,947,2718.2024845576248,73.35058214747735,33.0,47.0,94.0,56.0,53.0,121.0,437.0,106.0,11.19324181626188,29.883843717001056,2651,7609.244758777469,2799.3664202745513,5350.295069921238,1699.2353440951572,46,Retail trade,551,581.8373812038014,20.78460958129008,Cuauhtémoc,015
2075,0901500010786,0.162789,2006,12322.699936727911,75.6348246674728,73.0,84.0,193.0,121.0,106.0,245.0,941.0,243.0,12.113659022931206,28.763708873379862,1068,6560.639846672687,532.4027916251247,5325.912684517995,927.5811019172057,46,Retail trade,87,43.36989032901296,8.146067415730338,Cuauhtémoc,015
2076,0901500010790,0.301824,2984,9886.556403731976,81.82148040638607,55.0,67.0,106.0,40.0,41.0,175.0,2063.0,437.0,14.644772117962466,10.355227882037534,359,1189.4349024597116,120.3083109919571,178.91221374045801,871.3687446988973,72,Accommodation and food services,199,66.68900804289544,55.43175487465181,Cuauhtémoc,015
2077,0901500010803,0.29315,974,3322.5311274091764,90.51254089422028,30.0,13.0,14.0,9.0,15.0,93.0,674.0,126.0,12.936344969199178,8.316221765913758,445,1517.9942009210301,456.8788501026694,337.7110694183865,979.020979020979,46,Retail trade,525,539.0143737166325,117.97752808988764,Cuauhtémoc,015
2078,0901500010818,0.26755,172,642.8704914969164,75.0,,5.0,,5.0,0.0,19.0,,32.0,18.6046511627907,,2259,8443.281629601943,13133.720930232557,5968.9777611661375,2152.8686226873483,46,Retail trade,418,2430.232558139535,18.503762726870296,Cuauhtémoc,015
2079,0901500010822,0.291834,4209,14422.582701124613,79.74326059050064,103.0,94.0,117.0,63.0,79.0,230.0,2843.0,680.0,16.15585649798052,10.83392729864576,393,1346.6559756573943,93.37134711332858,284.408259489984,890.917439366215,72,Accommodation and food services,200,47.51722499406035,50.89058524173028,Cuauhtémoc,015
2080,0901500010837,0.12724,732,5752.90789060044,83.43108504398828,8.0,17.0,25.0,9.0,5.0,29.0,548.0,91.0,12.431693989071038,8.743169398907105,287,2255.580006287331,392.07650273224044,251.49324111914493,1666.1427224143351,52,Finance and insurance,126,172.13114754098362,43.90243902439025,Cuauhtémoc,015
2081,0901500010841,0.23848,1803,7560.382422006038,81.28760529482551,47.0,29.0,65.0,28.0,25.0,130.0,1196.0,283.0,15.69606211869107,10.759844703272323,385,1614.391143911439,213.53300055463117,394.1630325394163,1094.431398859443,46,Retail trade,202,112.0354963948974,52.467532467532465,Cuauhtémoc,015
2082,0901500010856,0.320499,2963,9244.95864261667,82.30022404779686,76.0,79.0,121.0,64.0,76.0,206.0,1906.0,435.0,14.681066486668916,14.039824502193722,656,2046.808258372101,221.39723253459331,870.5175367161833,1023.4041291860505,46,Retail trade,165,55.686803914951064,25.152439024390244,Cuauhtémoc,015
2083,0901500010860,0.357049,1788,5007.716027772099,76.02950215119853,33.0,43.0,85.0,41.0,38.0,143.0,1121.0,284.0,15.883668903803132,13.422818791946309,755,2114.555705239337,422.2595078299776,859.8259622628827,899.0362667308968,46,Retail trade,354,197.98657718120805,46.88741721854305,Cuauhtémoc,015
2084,0901500010875,0.416955,7970,19114.772577376454,70.59501512750325,261.0,266.0,502.0,298.0,289.0,908.0,4282.0,1164.0,14.604767879548307,20.27603513174404,1966,4715.137125109424,246.6750313676286,3132.2324951133814,1232.7469391181303,46,Retail trade,589,73.9021329987453,29.959308240081384,Cuauhtémoc,015
2085,090150001088A,0.190412,2011,10561.30916118732,65.34598214285714,37.0,71.0,111.0,59.0,76.0,177.0,1022.0,458.0,22.77473893585281,17.603182496270513,1550,8140.243261979287,770.7608155146693,5052.202592273597,2594.3743041404955,46,Retail trade,200,99.45300845350572,12.903225806451612,Cuauhtémoc,015
2086,0901500010894,0.165954,2048,12340.769128794725,69.34589800443459,69.0,59.0,116.0,67.0,74.0,227.0,1079.0,357.0,17.431640625,18.798828125,624,3760.0780939296433,304.6875,2102.9923954830856,1337.7200911095845,46,Retail trade,133,64.94140625,21.314102564102566,Cuauhtémoc,015
2087,0901500010907,0.215701,2642,12248.436493108517,74.69443186962427,107.0,99.0,227.0,115.0,114.0,395.0,1271.0,314.0,11.884935654806965,25.056775170325512,1607,7450.127723098178,608.2513247539742,5887.779843394328,653.6826440303939,46,Retail trade,196,74.18622255866768,12.196639701306783,Cuauhtémoc,015
2088,0901500010911,0.162732,4562,28033.822481134626,75.30072173215717,187.0,211.0,422.0,239.0,220.0,631.0,2172.0,480.0,10.52170100832968,28.035949145111793,805,4946.783668854313,176.45769399386234,3699.333874099747,903.3257134429614,46,Retail trade,127,27.83866725120561,15.77639751552795,Cuauhtémoc,015
2089,0901500010926,0.22164,3007,13567.045659628226,82.3153409090909,70.0,42.0,79.0,43.0,33.0,148.0,2091.0,501.0,16.661124043897573,8.879281676089125,289,1303.9162606027792,96.10907881609577,239.12651146002526,875.2932683631113,72,Accommodation and food services,217,72.16494845360825,75.08650519031141,Cuauhtémoc,015
2090,0901500010930,0.268138,626,2334.618741096003,80.47945205479452,12.0,13.0,17.0,7.0,6.0,37.0,416.0,118.0,18.849840255591054,8.78594249201278,527,1965.4058730951972,841.85303514377,212.57710581864563,1532.792815639708,52,Finance and insurance,260,415.3354632587859,49.33586337760911,Cuauhtémoc,015
2091,0901500010945,0.268517,1082,4029.5400291229234,81.71206225680933,12.0,18.0,24.0,31.0,15.0,76.0,754.0,152.0,14.048059149722736,9.242144177449168,422,1571.595094537776,390.0184842883549,216.00122152414932,1106.0752205633162,72,Accommodation and food services,485,448.2439926062847,114.92890995260663,Cuauhtémoc,015
2092,090150001095A,0.237098,738,3112.636968679618,80.8955223880597,19.0,11.0,38.0,11.0,23.0,53.0,498.0,85.0,11.517615176151761,13.821138211382113,847,3572.3624830238973,1147.6964769647695,1438.2238568018288,1914.8200322229627,46,Retail trade,614,831.9783197831978,72.49114521841794,Cuauhtémoc,015
2093,0901500010964,0.226272,3794,16767.4303493141,74.64484249536751,118.0,149.0,289.0,124.0,143.0,433.0,1987.0,551.0,14.522930943595151,21.6921454928835,1203,5316.610097581672,317.07959936742225,4008.4500070711356,910.4087116390892,46,Retail trade,269,70.90142329994728,22.360764754779716,Cuauhtémoc,015
2094,0901500010979,0.221512,2385,10766.911047708476,69.8685540950455,104.0,110.0,193.0,112.0,79.0,232.0,1233.0,322.0,13.50104821802935,25.07337526205451,818,3692.8021958178338,342.9769392033543,2586.7673083173822,812.5970602044133,46,Retail trade,180,75.47169811320755,22.00488997555012,Cuauhtémoc,015
2095,0901500010983,0.131518,982,7466.658556243252,81.93548387096774,11.0,14.0,27.0,10.0,19.0,65.0,656.0,180.0,18.329938900203665,8.24847250509165,263,1999.7262732097508,267.82077393075355,372.5725756170258,1459.8762146626318,72,Accommodation and food services,83,84.5213849287169,31.55893536121673,Cuauhtémoc,015
2096,0901500010998,0.281431,2370,8421.247126293834,81.43261074458059,56.0,59.0,133.0,45.0,47.0,182.0,1541.0,307.0,12.953586497890296,14.345991561181435,522,1854.8063290824393,220.25316455696202,358.8801517956444,1350.2421552707413,72,Accommodation and food services,286,120.67510548523207,54.78927203065134,Cuauhtémoc,015
2097,0901500011002,0.323821,2701,8341.027913569535,78.96196513470682,40.0,52.0,85.0,41.0,34.0,201.0,1771.0,477.0,17.660125879303962,9.329877823028507,514,1587.296685514528,190.29988893002593,364.39884998193446,1124.0778084188487,72,Accommodation and food services,346,128.1007034431692,67.31517509727627,Cuauhtémoc,015
2098,0901500011017,0.392648,4538,11557.425480328437,75.1153192522457,89.0,103.0,227.0,97.0,95.0,385.0,2690.0,852.0,18.77479065667695,13.464081092992508,659,1678.3480369185631,145.21815777875716,366.7406939548909,1176.626393105275,46,Retail trade,320,70.51564565888056,48.558421851289836,Cuauhtémoc,015
2099,0901500011036,0.361654,6722,18586.82608238814,68.50488097276931,210.0,219.0,454.0,249.0,256.0,682.0,3548.0,1104.0,16.423683427551325,20.648616483189528,360,995.4265679350982,53.55548943766736,248.85664198377455,619.3765311596167,72,Accommodation and food services,550,81.82088664088069,152.77777777777777,Cuauhtémoc,015
2100,0901500011040,0.356551,5119,14356.992407818236,72.2736509370061,153.0,194.0,343.0,195.0,171.0,545.0,2717.0,801.0,15.647587419417855,20.629029107247508,380,1065.7661877263001,74.23324868138309,269.24619479401264,563.734220349964,72,Accommodation and food services,268,52.35397538581754,70.52631578947368,Cuauhtémoc,015
2101,0901500011055,0.2803,2373,8465.929361398501,72.49761677788369,58.0,58.0,159.0,69.0,70.0,235.0,1320.0,404.0,17.024863042562156,17.446270543615675,300,1070.2818408847663,126.42225031605562,239.02961113093116,535.1409204423832,72,Accommodation and food services,165,69.5322376738306,55.0,Cuauhtémoc,015
2102,090150001106A,0.287068,6265,21824.097426393746,71.73058933582787,198.0,235.0,487.0,251.0,245.0,697.0,3391.0,761.0,12.146847565841979,22.601755786113326,247,860.4233143366729,39.42537909018356,327.4485487758998,372.7339863725668,46,Retail trade,217,34.63687150837989,87.85425101214575,Cuauhtémoc,015
2103,0901500011074,0.288305,7648,26527.4622361735,68.18948336654914,232.0,319.0,574.0,313.0,311.0,884.0,4003.0,1012.0,13.232217573221757,22.868723849372383,364,1262.55181144968,47.59414225941423,430.1000676367042,606.9960631969616,46,Retail trade,155,20.26673640167364,42.582417582417584,Cuauhtémoc,015
2104,0901500011089,0.163171,2004,12281.594155824258,80.99838969404186,41.0,45.0,55.0,42.0,32.0,102.0,1423.0,264.0,13.173652694610778,10.728542914171657,271,1660.8343394353162,135.22954091816368,343.1982398833126,1090.8801196291008,72,Accommodation and food services,118,58.88223552894212,43.542435424354245,Cuauhtémoc,015
2105,0901500011093,0.203785,901,4421.326397919376,81.45539906103286,20.0,10.0,19.0,8.0,12.0,58.0,633.0,141.0,15.64927857935627,7.658157602663707,277,1359.275707240474,307.4361820199778,279.7065534754766,981.426503422725,72,Accommodation and food services,299,331.8534961154273,107.94223826714801,Cuauhtémoc,015
2106,0901500011106,0.168561,1552,9207.34926821744,83.12324929971989,37.0,44.0,43.0,18.0,38.0,118.0,985.0,269.0,17.332474226804123,11.597938144329897,296,1756.0408398146665,190.72164948453607,575.45932926359,1055.9975320507117,46,Retail trade,114,73.45360824742268,38.513513513513516,Cuauhtémoc,015
2107,0901500011110,0.360744,6307,17483.31226576187,75.59245805224009,113.0,137.0,275.0,138.0,174.0,483.0,3866.0,1121.0,17.77390201363564,13.270968764864437,602,1668.7734238130088,95.44950055493895,338.189962965427,1180.8928215022288,62,Health care and social assistance,331,52.481369906453146,54.98338870431893,Cuauhtémoc,015
2108,0901500011125,0.31446,8637,27466.13241747758,69.04298143098299,213.0,226.0,497.0,289.0,251.0,769.0,4848.0,1544.0,17.876577515340976,17.08926710663425,371,1179.8002925650321,42.95472965149936,330.72568848184187,674.171595751447,46,Retail trade,258,29.871483153872873,69.54177897574124,Cuauhtémoc,015
2109,090150001113A,0.305726,9074,29680.171133629457,67.65593561368209,234.0,292.0,596.0,297.0,298.0,924.0,4929.0,1504.0,16.57482918227904,18.922195283226802,700,2289.6318926097224,77.14348688560723,1128.4614327862203,667.2641515605477,46,Retail trade,337,37.139078686356626,48.142857142857146,Cuauhtémoc,015
2110,0901500011144,0.275756,7972,28909.61574725482,70.46883933676386,168.0,250.0,558.0,248.0,303.0,717.0,4195.0,1533.0,19.22980431510286,19.15454089312594,372,1349.0186976892614,46.66332162568992,330.0018857250613,489.56323706465133,31-33,Manufacturing,200,25.08780732563974,53.763440860215056,Cuauhtémoc,015
2111,0901500011159,0.205806,4258,20689.387092698948,68.8080700822936,116.0,134.0,241.0,135.0,149.0,453.0,2276.0,754.0,17.707844058243307,18.201033348990137,325,1579.1570702506244,76.32691404415219,296.3956347239633,621.944938437169,31-33,Manufacturing,130,30.530765617660872,40.0,Cuauhtémoc,015
2112,0901500011163,0.22817,2805,12293.465398606302,68.3698296836983,72.0,91.0,176.0,97.0,95.0,309.0,1489.0,476.0,16.96969696969697,18.93048128342246,270,1183.328220186703,96.2566844919786,398.8254371740369,631.1083840995749,46,Retail trade,134,47.771836007130126,49.629629629629626,Cuauhtémoc,015
2113,0901500011178,0.17245,3010,17454.334589736154,76.4578051430641,73.0,62.0,114.0,48.0,66.0,170.0,1875.0,602.0,20.0,12.059800664451828,147,852.4209915917658,48.83720930232558,226.1525079733256,550.8843142939983,72,Accommodation and food services,129,42.857142857142854,87.75510204081633,Cuauhtémoc,015
2114,0901500011182,0.220542,3062,13883.976748193088,77.5,69.0,87.0,106.0,58.0,66.0,161.0,1926.0,589.0,19.23579359895493,12.606139777922927,243,1101.8309437658133,79.35989549314174,213.11133480244126,793.4996508601536,62,Health care and social assistance,145,47.35467015022861,59.67078189300412,Cuauhtémoc,015
2115,0901500011197,0.215344,1206,5600.341778735418,82.02846975088968,32.0,26.0,24.0,16.0,12.0,85.0,820.0,191.0,15.837479270315091,9.12106135986733,146,677.9849914555316,121.06135986733001,116.09332045471432,510.810610000743,72,Accommodation and food services,184,152.57048092868988,126.02739726027397,Cuauhtémoc,015
2116,090150001120A,0.188187,1876,9968.807622205572,83.74497415278576,45.0,38.0,49.0,15.0,25.0,81.0,1324.0,299.0,15.93816631130064,9.168443496801705,300,1594.1590014188016,159.9147121535181,329.45952695988564,1158.4222076976625,72,Accommodation and food services,228,121.53518123667378,76.0,Cuauhtémoc,015
2117,0901500011214,0.274049,2761,10074.840630690132,77.7127244340359,37.0,66.0,96.0,56.0,67.0,209.0,1727.0,503.0,18.218036943136546,11.662441144512858,560,2043.4301894916603,202.8250633828323,379.4941780484512,1547.1685720436856,72,Accommodation and food services,219,79.31908728721477,39.107142857142854,Cuauhtémoc,015
2118,0901500011229,0.500694,840,1677.6713921077544,57.77777777777778,45.0,26.0,49.0,12.0,28.0,80.0,471.0,129.0,15.357142857142858,19.047619047619047,133,265.63130375039447,158.33333333333334,85.88079745313505,161.77545566753346,46,Retail trade,186,221.42857142857142,139.84962406015038,Cuauhtémoc,015
2119,0901500011233,0.333346,9393,28177.92923868893,67.08128078817734,265.0,299.0,709.0,394.0,371.0,964.0,4904.0,1487.0,15.830937932502927,21.69700841051847,936,2807.893300054598,99.64867454487384,1592.9394683002047,806.9693351652637,46,Retail trade,226,24.06047056318535,24.145299145299145,Cuauhtémoc,015
2120,0901500011248,0.201879,6418,31791.320543493875,66.86139139670738,158.0,192.0,419.0,225.0,225.0,637.0,3308.0,1254.0,19.53879713306326,18.993455905266437,236,1169.0170844912052,36.771579931442815,381.4165911263678,421.04428890573064,46,Retail trade,145,22.59270800872546,61.440677966101696,Cuauhtémoc,015
2121,0901500011252,0.192776,5261,27290.741586089556,65.27657735522904,148.0,156.0,329.0,180.0,173.0,487.0,2694.0,1094.0,20.79452575555978,18.741684090477097,297,1540.6482134705566,56.45314578977381,274.9304892725236,430.55152093621615,31-33,Manufacturing,120,22.809351834252045,40.4040404040404,Cuauhtémoc,015
2122,0901500011267,0.146801,3280,22343.17204923672,69.46643717728055,66.0,100.0,209.0,103.0,100.0,296.0,1720.0,686.0,20.914634146341463,17.621951219512194,158,1076.286946274208,48.170731707317074,163.4866247505126,354.2210202927773,31-33,Manufacturing,100,30.48780487804878,63.29113924050633,Cuauhtémoc,015
2123,0901500011271,0.110366,1636,14823.405759019988,63.78488767869299,34.0,37.0,93.0,56.0,38.0,160.0,833.0,385.0,23.533007334963326,15.770171149144254,138,1250.3850823623218,84.3520782396088,443.97731185328814,607.0710182483735,46,Retail trade,133,81.2958435207824,96.3768115942029,Cuauhtémoc,015
2124,0901500011286,0.11139,1346,12083.669988329293,64.20265780730897,30.0,37.0,75.0,39.0,36.0,134.0,658.0,337.0,25.037147102526003,16.12184249628529,96,861.8367896579585,71.32243684992571,242.39159709130084,475.8057276236646,46,Retail trade,78,57.949479940564636,81.25,Cuauhtémoc,015
2125,0901500011290,0.20236,4939,24406.997430322197,67.07345153119964,119.0,148.0,329.0,163.0,185.0,468.0,2542.0,985.0,19.9433083620166,19.11318080583114,168,830.2035975489227,34.01498279003847,380.5099822099229,345.9181656453845,46,Retail trade,90,18.22231220894918,53.57142857142857,Cuauhtémoc,015
2126,0901500011303,0.166365,2006,12057.824662639377,73.58490566037736,43.0,35.0,73.0,25.0,29.0,153.0,1209.0,439.0,21.88434695912263,10.219341974077766,191,1148.0780212184054,95.21435692921236,144.26111261383105,901.6319538364439,52,Finance and insurance,86,42.871385842472584,45.026178010471206,Cuauhtémoc,015
2127,0901500011318,0.206977,2378,11489.199283012122,77.12328767123287,51.0,48.0,89.0,39.0,30.0,145.0,1446.0,530.0,22.287636669470142,10.80740117746005,285,1376.964590268484,119.84861227922624,367.19055740492905,893.8191199988405,46,Retail trade,172,72.32968881412953,60.35087719298246,Cuauhtémoc,015
2128,0901500011322,0.126679,1252,9883.248210042706,78.19420783645656,18.0,19.0,41.0,20.0,29.0,73.0,824.0,228.0,18.210862619808307,10.143769968051119,100,789.396821888395,79.87220447284345,142.0914279399111,544.6838071029927,72,Accommodation and food services,100,79.87220447284345,100.0,Cuauhtémoc,015
2129,0901500011337,0.124667,1967,15778.032679057009,78.02319160684705,53.0,40.0,63.0,38.0,47.0,108.0,1254.0,364.0,18.505338078291814,12.252160650737164,132,1058.8206983403788,67.10726995424504,144.38464068277892,826.2009994625682,72,Accommodation and food services,147,74.73309608540926,111.36363636363636,Cuauhtémoc,015
2130,0901500011341,0.27346,3497,12787.976303664156,81.0625,85.0,91.0,121.0,68.0,38.0,221.0,2310.0,563.0,16.0995138690306,11.524163568773234,551,2014.9199151612668,157.56362596511295,394.9389307394134,1499.3052000292548,62,Health care and social assistance,226,64.62682299113526,41.01633393829401,Cuauhtémoc,015
2131,0901500011356,0.242194,3309,13662.601055352321,72.69492073762537,40.0,67.0,110.0,73.0,80.0,219.0,2009.0,711.0,21.486854034451497,11.18162586884255,1118,4616.134173431216,337.86642490178303,450.05243730232786,3922.475370983592,62,Health care and social assistance,236,71.32064067694168,21.10912343470483,Cuauhtémoc,015
2132,0901500011360,0.135833,1780,13104.326636384383,74.0985576923077,32.0,28.0,56.0,35.0,30.0,148.0,1096.0,355.0,19.9438202247191,10.168539325842696,370,2723.9330648664168,207.86516853932585,1398.776438715187,1082.211244690171,46,Retail trade,110,61.79775280898876,29.72972972972973,Cuauhtémoc,015
2133,0901500011375,0.158015,3238,20491.725469101035,72.42076871207013,62.0,65.0,145.0,65.0,67.0,242.0,1875.0,717.0,22.143298332303893,12.476837554045707,203,1284.6881625162168,62.69302038295244,354.3967344872322,759.4215739012119,46,Retail trade,121,37.36874613959234,59.60591133004926,Cuauhtémoc,015
2134,090150001138A,0.250222,584,2333.927472404505,62.20183486238532,10.0,10.0,19.0,9.0,6.0,49.0,332.0,149.0,25.513698630136986,9.246575342465754,87,347.6912501698492,148.97260273972603,87.92192533030669,223.8012644771443,46,Retail trade,80,136.986301369863,91.95402298850574,Cuauhtémoc,015
2135,0901500011394,0.224135,5232,23343.07448635867,72.09969122187914,147.0,171.0,380.0,221.0,203.0,518.0,2902.0,690.0,13.188073394495413,21.44495412844037,320,1427.7109777589399,61.162079510703364,660.3163272135097,655.854730408013,46,Retail trade,146,27.90519877675841,45.625,Cuauhtémoc,015
2136,0901500011407,0.116548,2280,19562.755259635516,60.953800298062596,63.0,68.0,136.0,65.0,76.0,181.0,1214.0,477.0,20.92105263157895,17.894736842105264,363,3114.5965610735493,159.21052631578948,377.52685588770294,737.8934001441467,31-33,Manufacturing,88,38.59649122807018,24.242424242424242,Cuauhtémoc,015
2137,0901500011411,0.308197,2636,8552.970989334744,73.43946376204441,49.0,55.0,145.0,43.0,60.0,184.0,1654.0,446.0,16.9195751138088,13.353566009104703,227,736.5418871695701,86.11532625189682,113.56372709662975,515.9037888104037,61,Educational services,229,86.87405159332322,100.88105726872247,Cuauhtémoc,015
2138,0901500011426,0.164657,1401,8508.596658508293,78.74136607828089,19.0,31.0,48.0,13.0,21.0,83.0,930.0,256.0,18.27266238401142,9.421841541755889,140,850.2523427488658,99.92862241256246,157.90400651050365,619.4695640027451,72,Accommodation and food services,80,57.10206995003569,57.142857142857146,Cuauhtémoc,015
2139,0901500011430,0.105352,1325,12576.88510896803,82.2061191626409,17.0,29.0,37.0,26.0,14.0,85.0,908.0,209.0,15.773584905660377,9.283018867924529,173,1642.114055736958,130.56603773584905,265.7756853215886,1139.0386513782369,72,Accommodation and food services,90,67.9245283018868,52.02312138728324,Cuauhtémoc,015
2140,0901500011445,0.153936,1674,10874.64920486436,78.01556420233463,31.0,38.0,63.0,24.0,18.0,109.0,1092.0,299.0,17.861409796893668,10.394265232974911,265,1721.4946471260785,158.30346475507767,214.37480511381352,1357.7070990541524,62,Health care and social assistance,91,54.360812425328554,34.339622641509436,Cuauhtémoc,015
2141,090150001145A,0.232687,3506,15067.451125331454,73.4130634774609,62.0,76.0,107.0,63.0,81.0,262.0,2124.0,731.0,20.8499714774672,11.095265259555049,357,1534.249872145844,101.82544209925841,283.64283350595434,1095.89276581846,62,Health care and social assistance,134,38.220193953223045,37.53501400560224,Cuauhtémoc,015
2142,0901500011464,0.135984,3031,22289.386986704318,74.16424418604652,58.0,84.0,137.0,77.0,63.0,231.0,1833.0,548.0,18.079841636423623,13.823820521280105,133,978.056241910813,43.87990762124711,169.13754559359924,647.134957053771,81,Other services (except government),90,29.69317057076872,67.66917293233082,Cuauhtémoc,015
2143,0901500011479,0.170074,3131,18409.63345367311,71.54639175257732,28.0,69.0,124.0,52.0,72.0,235.0,1846.0,705.0,22.51676780581284,11.018843819865857,188,1105.4011783106178,60.04471414883424,276.35029457765444,682.0560461916577,46,Retail trade,177,56.53145959757266,94.14893617021276,Cuauhtémoc,015
2144,0901500011483,0.21039,7382,35087.21897428585,72.75468105363376,229.0,269.0,582.0,297.0,293.0,738.0,4079.0,895.0,12.124085613654836,22.622595502573827,300,1425.9232853272495,40.6393931183961,888.8255145206522,475.3077617757498,46,Retail trade,126,17.06854510972636,42.0,Cuauhtémoc,015
2145,0901500011498,0.386698,6019,15565.117999058697,70.42772861356931,143.0,129.0,323.0,214.0,175.0,542.0,3383.0,1110.0,18.441601594949326,16.348230603090215,1184,3061.820852448164,196.71041701279282,558.5754257844623,431.8615560463204,31-33,Manufacturing,201,33.394251536800134,16.97635135135135,Cuauhtémoc,015
2146,0901500011500,0.272997,3145,11520.273116554394,65.36430834213306,52.0,87.0,162.0,87.0,88.0,261.0,1722.0,686.0,21.812400635930047,15.135135135135135,168,615.39137792723,53.4181240063593,135.53262490063995,377.2935233720517,72,Accommodation and food services,175,55.64387917329094,104.16666666666667,Cuauhtémoc,015
2147,0901500011515,0.173903,3624,20839.203464000046,61.82380216383308,72.0,113.0,204.0,126.0,141.0,331.0,1828.0,809.0,22.323399558498895,18.101545253863133,106,609.535200657838,29.249448123620308,172.5099624503315,304.767600328919,46,Retail trade,94,25.938189845474614,88.67924528301887,Cuauhtémoc,015
2148,090150001152A,0.163534,3565,21799.748064622647,72.70961476205892,94.0,121.0,261.0,129.0,138.0,322.0,1899.0,601.0,16.858345021037866,20.841514726507715,66,403.58579867183585,18.513323983169705,128.41366321376594,189.5630266488926,46,Retail trade,80,22.44039270687237,121.21212121212122,Cuauhtémoc,015
2149,0901500011534,0.28204,3133,11108.353425046093,69.47632711621233,64.0,77.0,204.0,101.0,131.0,321.0,1666.0,569.0,18.16150654324928,18.41685285668688,387,1372.145794922706,123.52377912543888,184.37101120408454,1077.8612962700327,72,Accommodation and food services,807,257.58059368017877,208.52713178294573,Cuauhtémoc,015
2150,0901500011549,0.126993,4833,38057.21575204933,70.35941765241128,104.0,106.0,227.0,144.0,134.0,443.0,2668.0,1007.0,20.835919718601282,14.794123732671219,176,1385.9031600166938,36.41630457272915,251.98239273030796,1007.9295709212319,72,Accommodation and food services,177,36.623215394165115,100.56818181818181,Cuauhtémoc,015
2151,0901600010016,1.009182,7,6.936310794286858,,,,,,,,,,,,14,13.872621588573717,2000.0,0.0,11.890818504491756,71,"Arts, entertainment and recreation",23,3285.714285714286,164.28571428571428,Miguel Hidalgo,016
2152,0901600010020,0.98505,2880,2923.709456372773,69.98003992015968,90.0,97.0,188.0,114.0,116.0,312.0,1669.0,294.0,10.208333333333334,21.006944444444443,63,63.95614435815441,21.875,22.33389168062535,24.36424546977311,46,Retail trade,61,21.180555555555557,96.82539682539682,Miguel Hidalgo,016
2153,0901600010035,0.654487,2,3.0558284580136807,,,,,,,,,,,,21,32.08619880914365,10500.0,1.5279142290068406,25.97454189311629,72,Accommodation and food services,11,5500.0,52.38095238095238,Miguel Hidalgo,016
2154,090160001004A,0.377591,7185,19028.5255739676,62.112103980503655,233.0,261.0,535.0,236.0,290.0,693.0,3742.0,1195.0,16.63187195546277,21.64231036882394,327,866.0164039926799,45.511482254697285,466.1128045954485,309.8590803276561,46,Retail trade,202,28.114126652748784,61.7737003058104,Miguel Hidalgo,016
2155,0901600010054,0.360346,4315,11974.602187897188,67.11793803696953,107.0,123.0,243.0,134.0,134.0,431.0,2380.0,763.0,17.68250289687138,17.172653534183084,413,1146.1206729088153,95.71263035921206,391.29059293012824,541.1465646906029,46,Retail trade,249,57.705677867902665,60.29055690072639,Miguel Hidalgo,016
2156,0901600010069,0.289062,4680,16190.29827511053,65.60570071258907,103.0,119.0,248.0,139.0,169.0,397.0,2549.0,956.0,20.427350427350426,16.623931623931625,119,411.6763877645626,25.427350427350426,117.62182507558931,252.54097736817707,46,Retail trade,59,12.606837606837606,49.57983193277311,Miguel Hidalgo,016
2157,0901600010073,0.14191,1201,8463.110422098513,63.64477335800185,25.0,36.0,59.0,29.0,24.0,96.0,629.0,303.0,25.228975853455452,14.404662781015821,70,493.2703826368825,58.28476269775187,147.98111479106475,267.77535057430765,46,Retail trade,33,27.477102414654453,47.142857142857146,Miguel Hidalgo,016
2158,0901600010088,0.660378,89,134.77129765073943,63.2183908045977,0.0,,0.0,0.0,3.0,4.0,,27.0,30.337078651685392,,129,195.34266738140883,1449.438202247191,24.228547892267763,160.5141297862739,72,Accommodation and food services,102,1146.0674157303372,79.06976744186046,Miguel Hidalgo,016
2159,0901600010092,0.248365,8058,32444.18496970185,76.11671967915917,191.0,208.0,428.0,279.0,276.0,756.0,5385.0,535.0,6.639364606602134,17.15065773144701,91,366.39623135304896,11.293124844874658,64.42131540273388,209.3692750588851,72,Accommodation and food services,76,9.43162074956565,83.51648351648352,Miguel Hidalgo,016
2160,0901600010105,0.265076,5129,19349.16778584255,61.27678374199249,122.0,153.0,327.0,197.0,188.0,538.0,2546.0,1058.0,20.62780269058296,19.243517254825502,264,995.9407867932216,51.472021836615326,426.29283677134106,422.5203337910637,46,Retail trade,84,16.377461493468513,31.818181818181817,Miguel Hidalgo,016
2161,090160001011A,0.208633,5077,24334.597115509052,60.29044701611073,113.0,186.0,371.0,175.0,194.0,477.0,2608.0,953.0,18.770927713216466,20.464841441796338,203,973.0004361726093,39.984242662989956,345.1036029774772,460.1381373033029,46,Retail trade,99,19.49970454993106,48.76847290640394,Miguel Hidalgo,016
2162,0901600010124,0.264721,4285,16186.853328598789,65.56362658057573,111.0,140.0,286.0,155.0,149.0,447.0,2220.0,777.0,18.133022170361727,19.626604434072345,162,611.9650499960336,37.80630105017503,200.2107879616653,290.87227684996657,46,Retail trade,105,24.504084014002334,64.81481481481481,Miguel Hidalgo,016
2163,0901600010139,0.203973,5001,24517.950905266873,63.13107920333488,159.0,155.0,369.0,197.0,185.0,520.0,2603.0,813.0,16.256748650269945,21.295740851829635,187,916.7880062557299,37.39252149570086,284.35136022904993,485.3583562530335,46,Retail trade,105,20.995800839832032,56.149732620320854,Miguel Hidalgo,016
2164,0901600010143,0.212305,6897,32486.28152893243,67.97639123102867,216.0,265.0,486.0,283.0,246.0,659.0,3821.0,921.0,13.353632013919094,21.69059011164274,150,706.530698758861,21.748586341887776,244.93064223640516,372.1061680130002,46,Retail trade,135,19.573727707699,90.0,Miguel Hidalgo,016
2165,0901600010158,0.267679,4030,15055.346142207643,71.30862767805444,127.0,153.0,296.0,122.0,161.0,378.0,2250.0,543.0,13.47394540942928,21.315136476426797,1062,3967.438611172337,263.52357320099253,2585.185987694216,1206.669182117387,46,Retail trade,205,50.86848635235732,19.303201506591336,Miguel Hidalgo,016
2166,0901600010162,0.227204,4905,21588.528370979384,68.31101714822645,128.0,180.0,340.0,166.0,155.0,392.0,2754.0,790.0,16.106014271151885,19.755351681957187,161,708.6142849597718,32.82364933741081,193.65856234925442,391.7184556609919,46,Retail trade,112,22.833843017329254,69.56521739130434,Miguel Hidalgo,016
2167,0901600010177,0.399543,7071,17697.71964469406,70.33019620354123,183.0,221.0,398.0,183.0,223.0,622.0,4091.0,1150.0,16.263611936076934,17.083863668505163,382,956.0923354933011,54.02347617027294,262.8002492848079,488.05760581464324,46,Retail trade,201,28.425965210012727,52.617801047120416,Miguel Hidalgo,016
2168,0901600010181,0.4082,9026,22111.70994610485,64.50892857142857,195.0,236.0,530.0,264.0,297.0,878.0,5012.0,1614.0,17.88167516064702,16.862397518280524,219,536.5017148456639,24.263239530245958,142.08721215090642,303.77266046055854,46,Retail trade,156,17.28340350099712,71.23287671232876,Miguel Hidalgo,016
2169,0901600010196,0.111564,0,0.0,,0.0,0.0,0.0,0.0,0.0,0.0,0.0,0.0,,,9,80.67118425298483,,8.963464916998316,26.890394750994943,93,Government and international organizations,13,,144.44444444444446,Miguel Hidalgo,016
2170,0901600010209,0.147223,1289,8755.425443035396,63.349917081260365,21.0,25.0,37.0,22.0,24.0,160.0,694.0,306.0,23.73933281613654,10.007757951900699,86,584.1478573320745,66.71838634600465,149.4331728058795,393.9601828518642,72,Accommodation and food services,62,48.09930178432894,72.09302325581395,Miguel Hidalgo,016
2171,0901600010213,0.325561,7545,23175.38034346866,69.84409799554565,176.0,208.0,426.0,222.0,244.0,808.0,4065.0,1396.0,18.50231941683234,16.911862160371108,297,912.2714330033389,39.363817097415506,242.65805793691504,522.1755677123489,46,Retail trade,212,28.098078197481776,71.38047138047138,Miguel Hidalgo,016
2172,0901600010228,0.140128,2,14.272664992007307,,,,,,,,,,,,47,335.4076273121717,23500.0,49.954327472025575,264.0443023521352,72,Accommodation and food services,7,3500.0,14.893617021276595,Miguel Hidalgo,016
2173,0901600010232,0.481152,28,58.19366852886406,60.0,,0.0,,,0.0,,,6.0,21.428571428571427,,40,83.13381218409151,1428.5714285714287,37.41021548284118,41.566906092045755,46,Retail trade,29,1035.7142857142858,72.5,Miguel Hidalgo,016
2174,0901600010247,0.382596,10020,26189.505379042123,65.76732387870402,269.0,368.0,710.0,415.0,364.0,1094.0,5259.0,1541.0,15.379241516966069,21.21756487025948,637,1664.941609426131,63.572854291417165,1129.128375623373,433.8780332256479,46,Retail trade,174,17.365269461077844,27.315541601255887,Miguel Hidalgo,016
2175,0901600010251,0.263188,8170,31042.4487438637,64.60214446952595,205.0,298.0,579.0,376.0,323.0,784.0,4304.0,1301.0,15.924112607099143,21.799265605875153,131,497.7430581941426,16.034271725826194,208.97609313494536,224.17435445385047,46,Retail trade,161,19.7062423500612,122.90076335877863,Miguel Hidalgo,016
2176,0901600010270,0.321919,7375,22909.48965422979,68.05186689579753,206.0,254.0,514.0,237.0,255.0,672.0,3974.0,1263.0,17.12542372881356,19.877966101694916,357,1108.9746178386488,48.40677966101695,670.9762393645607,335.48811968228034,46,Retail trade,151,20.47457627118644,42.296918767507,Miguel Hidalgo,016
2177,0901600010285,0.304538,7645,25103.599550794974,66.9849321199463,195.0,257.0,490.0,277.0,281.0,855.0,4109.0,1181.0,15.448005232177893,19.62066710268149,202,663.2998180850994,26.42249836494441,210.1543978091404,311.9479342479428,46,Retail trade,154,20.14388489208633,76.23762376237623,Miguel Hidalgo,016
2178,090160001029A,0.288422,9287,32199.34679046675,69.52137998056365,211.0,285.0,559.0,300.0,300.0,886.0,5343.0,1403.0,15.10713901152148,17.82060945407559,170,589.4141223623718,18.305157747388822,180.29137860496078,305.10848686993364,46,Retail trade,177,19.058899536987187,104.11764705882354,Miguel Hidalgo,016
2179,0901600010302,0.123206,0,0.0,,0.0,0.0,0.0,0.0,0.0,0.0,0.0,0.0,,,370,3003.100498352353,,1777.5108355112575,1193.1237115075564,46,Retail trade,107,,28.91891891891892,Miguel Hidalgo,016
2180,0901600010317,0.081904,1962,23954.873998827898,65.70180229382851,26.0,36.0,68.0,40.0,47.0,144.0,1102.0,499.0,25.43323139653415,11.060142711518859,27,329.65422934166827,13.761467889908257,97.67532721234616,183.14123852314904,46,Retail trade,10,5.096839959225281,37.03703703703704,Miguel Hidalgo,016
2181,0901600010321,0.114167,2123,18595.566144332424,62.64248704663213,39.0,44.0,110.0,48.0,62.0,184.0,1169.0,467.0,21.997173810645315,14.272256241168158,27,236.4956598666865,12.717852096090438,52.554591081485896,157.66377324445767,46,Retail trade,40,18.841262364578427,148.14814814814815,Miguel Hidalgo,016
2182,0901600010336,0.062271,1100,17664.723547076486,61.38415245737212,24.0,32.0,47.0,33.0,21.0,77.0,572.0,294.0,26.727272727272727,14.272727272727273,25,401.47098970628383,22.727272727272727,112.41187711775947,273.000273000273,72,Accommodation and food services,16,14.545454545454545,64.0,Miguel Hidalgo,016
2183,0901600010340,0.250829,1041,4150.23781141734,65.38049303322616,28.0,26.0,54.0,29.0,29.0,87.0,558.0,230.0,22.094140249759846,15.946205571565802,94,374.7573047773583,90.29779058597502,59.80169757085505,235.2200104453632,72,Accommodation and food services,53,50.912584053794426,56.38297872340426,Miguel Hidalgo,016
2184,090160001036A,0.148611,3263,21956.651930207052,61.59217877094972,89.0,113.0,197.0,112.0,131.0,372.0,1654.0,595.0,18.23475329451425,19.675145571559913,105,706.5425843309042,32.17897640208397,174.95340183431912,417.1965736049148,46,Retail trade,54,16.5491878639289,51.42857142857143,Miguel Hidalgo,016
2185,0901600010374,0.140204,5805,41403.954238110186,65.13210568454764,142.0,225.0,439.0,286.0,267.0,618.0,2856.0,972.0,16.74418604651163,23.410852713178294,85,606.2594505149639,14.642549526270457,278.16610082451285,271.0336367008074,46,Retail trade,68,11.714039621016365,80.0,Miguel Hidalgo,016
2186,0901600010389,0.105562,4656,44106.78084916921,65.64386317907444,151.0,181.0,348.0,196.0,221.0,456.0,2406.0,697.0,14.969931271477662,23.560996563573884,90,852.5795267236316,19.329896907216494,350.50491654193746,378.9242340993918,46,Retail trade,61,13.101374570446735,67.77777777777777,Miguel Hidalgo,016
2187,0901600010393,0.417511,10717,25668.784774532887,70.70341598382463,275.0,365.0,677.0,316.0,325.0,1018.0,5977.0,1764.0,16.45983017635532,18.2700382569749,324,776.0274579591915,30.232341140244472,222.74862219199017,349.6913853766727,46,Retail trade,181,16.889054772790892,55.864197530864196,Miguel Hidalgo,016
2188,0901600010410,0.300298,1560,5194.839792472811,63.35403726708075,26.0,35.0,50.0,31.0,32.0,142.0,841.0,403.0,25.833333333333332,11.153846153846153,170,566.1043363592165,108.97435897435898,146.5211223517972,346.3226528315207,46,Retail trade,101,64.74358974358974,59.411764705882355,Miguel Hidalgo,016
2189,0901600010425,0.116071,2723,23459.778928414504,68.84584342211461,55.0,56.0,134.0,69.0,65.0,234.0,1526.0,584.0,21.44693352919574,13.918472273228057,66,568.6174841260952,24.237972824091077,86.15416426152959,344.61665704611835,72,Accommodation and food services,52,19.096584649283876,78.78787878787878,Miguel Hidalgo,016
2190,090160001043A,0.06945,1613,23225.34197264219,60.552933243425485,29.0,48.0,53.0,42.0,39.0,109.0,885.0,408.0,25.294482331060138,13.081215127092374,15,215.9827213822894,9.299442033477991,71.99424046076314,129.58963282937364,46,Retail trade,17,10.539367637941723,113.33333333333333,Miguel Hidalgo,016
2191,0901600010444,0.706652,18174,25718.458307625253,75.7111313157553,709.0,796.0,1271.0,420.0,361.0,1001.0,11547.0,2069.0,11.38439528997469,19.571915923847254,670,948.1328857768746,36.865852316496095,290.10036057352136,539.1621335537153,46,Retail trade,477,26.246285902938265,71.19402985074628,Miguel Hidalgo,016
2192,0901600010459,0.231387,3824,16526.425425801794,69.80345443716497,101.0,141.0,224.0,106.0,120.0,306.0,2258.0,568.0,14.853556485355648,18.09623430962343,179,773.5957508416635,46.80962343096234,108.04409927956195,492.68109271480245,72,Accommodation and food services,110,28.765690376569037,61.452513966480446,Miguel Hidalgo,016
2193,0901600010463,0.274596,4077,14847.266529738234,67.75464265616208,108.0,141.0,274.0,150.0,141.0,413.0,2235.0,615.0,15.084621044885946,19.965661025263675,144,524.4067648472666,35.32008830022075,167.51882765954346,200.29425046249764,46,Retail trade,78,19.131714495952906,54.166666666666664,Miguel Hidalgo,016
2194,0901600010478,0.373192,6255,16760.80944929152,76.07611306114909,227.0,200.0,413.0,214.0,138.0,391.0,4155.0,517.0,8.265387689848122,19.056754596322943,160,428.7337349139317,25.579536370903277,93.78550451242256,270.63817016441936,46,Retail trade,159,25.41966426858513,99.375,Miguel Hidalgo,016
2195,0901600010482,0.467061,9902,21200.65687351331,74.84320557491289,316.0,362.0,612.0,298.0,248.0,714.0,6269.0,1083.0,10.937184407190466,18.541708745707936,372,796.469840127949,37.56816804685922,186.27117228798807,496.72312610130155,72,Accommodation and food services,254,25.651383558876994,68.27956989247312,Miguel Hidalgo,016
2196,0901600010497,0.268915,8511,31649.405946116804,68.03715339434504,273.0,319.0,598.0,302.0,378.0,941.0,4445.0,1255.0,14.745623311009282,21.97156620843614,203,754.8853727014113,23.851486311831746,264.0239480876857,371.86471561645874,46,Retail trade,178,20.914111150276113,87.6847290640394,Miguel Hidalgo,016
2197,090160001050A,0.206314,4753,23037.699816784127,69.28073129660812,133.0,153.0,310.0,164.0,185.0,436.0,2563.0,809.0,17.020828950136757,19.88217967599411,476,2307.1628682493674,100.14727540500736,1342.613685935031,756.1290072413893,46,Retail trade,123,25.878392594151062,25.840336134453782,Miguel Hidalgo,016
2198,0901600010514,0.880417,303,344.15509923138694,53.35820895522388,5.0,13.0,17.0,12.0,17.0,42.0,174.0,23.0,7.590759075907591,21.122112211221122,83,94.27350903037993,273.92739273927396,7.9507778700320415,68.14952460027465,52,Finance and insurance,71,234.32343234323432,85.5421686746988,Miguel Hidalgo,016
2199,0901600010529,0.072061,0,0.0,,0.0,0.0,0.0,0.0,0.0,0.0,0.0,0.0,,,9,124.89418686945783,,13.877131874384203,41.631395623152606,93,Government and international organizations,11,,122.22222222222223,Miguel Hidalgo,016
2200,0901600010533,0.175649,7,39.85220525024339,,,,,,,,,,,,26,148.02247664376114,3714.285714285714,17.07951653581859,85.39758267909296,52,Finance and insurance,20,2857.1428571428573,76.92307692307692,Miguel Hidalgo,016
2201,0901600010548,0.208171,2003,9621.897382440398,65.63852813852814,35.0,37.0,83.0,51.0,46.0,126.0,1122.0,503.0,25.11233150274588,12.581128307538693,73,350.6732445921862,36.445332001997,91.27111845550053,216.1684384472381,81,Other services (except government),59,29.45581627558662,80.82191780821918,Miguel Hidalgo,016
2202,0901600010552,0.224183,1276,5691.7785915970435,61.56552330694811,39.0,42.0,58.0,31.0,39.0,91.0,688.0,288.0,22.570532915360502,16.379310344827587,212,945.6560042465308,166.14420062695925,80.29154753036582,727.0845693027571,62,Health care and social assistance,137,107.3667711598746,64.62264150943396,Miguel Hidalgo,016
2203,0901600010571,0.282399,3127,11072.985385925587,78.00284292821607,81.0,75.0,157.0,64.0,62.0,166.0,2101.0,421.0,13.463383434601855,14.039015030380556,362,1281.8742275999562,115.76590981771666,293.9103892010949,708.2178053038432,46,Retail trade,105,33.578509753757594,29.005524861878452,Miguel Hidalgo,016
2204,0901600010586,0.107973,43,398.24771007566704,71.7948717948718,,,,,0.0,5.0,,4.0,9.30232558139535,,46,426.0324340344345,1069.7674418604652,64.83102257045743,259.32409028182974,72,Accommodation and food services,69,1604.6511627906978,150.0,Miguel Hidalgo,016
2205,0901600010590,0.155256,782,5036.842376462101,74.46197991391679,19.0,27.0,39.0,17.0,14.0,54.0,478.0,134.0,17.135549872122763,14.83375959079284,172,1107.847683825424,219.94884910485933,206.11119699077653,785.7989385273355,52,Finance and insurance,63,80.56265984654732,36.627906976744185,Miguel Hidalgo,016
2206,0901600010603,0.309389,2645,8549.108080765638,71.96144174350377,72.0,66.0,121.0,60.0,50.0,184.0,1561.0,531.0,20.075614366729678,13.95085066162571,537,1735.6790318983544,203.02457466918713,416.9508288917835,1121.565407949216,46,Retail trade,160,60.49149338374291,29.7951582867784,Miguel Hidalgo,016
2207,0901600010618,0.264666,591,2233.003105801274,2.3688663282571913,0.0,0.0,0.0,,0.0,538.0,,9.0,1.5228426395939085,,18,68.01024687719617,30.456852791878173,3.7783470487331203,56.6752057309968,52,Finance and insurance,11,18.612521150592215,61.111111111111114,Miguel Hidalgo,016
2208,0901600010622,0.270161,4721,17474.765047508707,63.680573329920655,210.0,222.0,382.0,170.0,167.0,357.0,2244.0,969.0,20.5253124338064,24.380427875450117,474,1754.5093481294487,100.40245710654523,299.8212177183235,1110.4489545123092,46,Retail trade,147,31.137470874814657,31.0126582278481,Miguel Hidalgo,016
2209,0901600010637,0.506758,3488,6882.969780447472,65.4464591173452,122.0,177.0,265.0,142.0,118.0,257.0,1806.0,601.0,17.230504587155963,23.623853211009173,357,704.4782716799734,102.35091743119266,116.42638103394519,475.5721665962846,46,Retail trade,175,50.17201834862385,49.01960784313726,Miguel Hidalgo,016
2210,0901600010641,0.375915,2207,5871.008073633667,74.08163265306122,75.0,74.0,98.0,41.0,47.0,139.0,1373.0,360.0,16.311735387403715,15.17897598550068,217,577.2581567641621,98.32351608518351,119.70791269302902,412.32725483154434,62,Health care and social assistance,110,49.84141368373358,50.69124423963134,Miguel Hidalgo,016
2211,0901600010656,0.415752,3967,9541.746040909004,74.75588742102241,127.0,141.0,217.0,75.0,82.0,196.0,2461.0,668.0,16.838921099067306,16.183513990420973,355,853.8744251380631,89.48827829594151,214.06992630221862,555.6196963574439,46,Retail trade,162,40.83690446180993,45.63380281690141,Miguel Hidalgo,016
2212,0901600010660,0.250969,4042,16105.574792105797,73.6650824713447,129.0,135.0,201.0,65.0,93.0,208.0,2399.0,812.0,20.089064819396338,15.41316180108857,610,2430.579075503349,150.91538842157348,334.7026923643956,1693.4362411293826,62,Health care and social assistance,168,41.56358238495794,27.540983606557376,Miguel Hidalgo,016
2213,0901600010675,0.221408,2612,11797.22503251915,75.44238239102287,84.0,80.0,131.0,67.0,54.0,126.0,1583.0,487.0,18.644716692189892,15.926493108728943,368,1662.089897384015,140.88820826952528,320.6749530278942,1178.819193525076,46,Retail trade,191,73.12404287901991,51.90217391304348,Miguel Hidalgo,016
2214,090160001068A,0.395488,2198,5557.690751678939,71.43589743589743,81.0,79.0,88.0,43.0,38.0,104.0,1275.0,490.0,22.29299363057325,14.968152866242038,648,1638.4820778380129,294.81346678798906,247.79512905574884,1099.9069504005179,46,Retail trade,297,135.122838944495,45.833333333333336,Miguel Hidalgo,016
2215,0901600010694,0.16478,906,5498.24007767933,69.67821782178218,26.0,29.0,43.0,21.0,16.0,45.0,539.0,187.0,20.6401766004415,14.900662251655628,135,819.2741837601651,149.0066225165563,163.854836752033,546.1827891734433,46,Retail trade,58,64.0176600441501,42.96296296296296,Miguel Hidalgo,016
2216,0901600010707,0.169002,1745,10325.321593827292,72.8119180633147,29.0,30.0,75.0,36.0,50.0,110.0,1069.0,346.0,19.828080229226362,12.607449856733524,108,639.0456917669613,61.891117478510026,71.00507686299571,473.36717908663803,54,"Professional, scientific and technical services",63,36.10315186246418,58.333333333333336,Miguel Hidalgo,016
2217,0901600010711,0.286521,2471,8624.149713284542,79.7513321492007,74.0,69.0,76.0,38.0,30.0,138.0,1555.0,491.0,19.870497774180492,11.614730878186968,234,816.6940643094224,94.69850263051396,153.56640525476317,520.0316905218117,54,"Professional, scientific and technical services",186,75.27316875758802,79.48717948717949,Miguel Hidalgo,016
2218,0901600010730,0.30262,4046,13369.902848456812,74.0434037692747,131.0,174.0,239.0,129.0,102.0,273.0,2296.0,702.0,17.350469599604548,19.154720711814136,266,878.9901526667107,65.7439446366782,85.91633071178376,598.1098407243408,54,"Professional, scientific and technical services",104,25.70439940682155,39.097744360902254,Miguel Hidalgo,016
2219,0901600010745,0.125288,2741,21877.594023370155,69.21108742004265,102.0,128.0,165.0,69.0,70.0,163.0,1448.0,596.0,21.74388909157242,19.48194089748267,144,1149.3518932379798,52.53557095950383,223.4850903518294,734.3081540131537,46,Retail trade,42,15.322874863188618,29.166666666666668,Miguel Hidalgo,016
2220,090160001075A,0.20801,665,3196.9616845343976,74.0,21.0,21.0,23.0,15.0,24.0,35.0,357.0,169.0,25.413533834586467,15.639097744360903,196,942.2623912311908,294.7368421052632,173.06860247103504,586.5102639296188,46,Retail trade,91,136.8421052631579,46.42857142857143,Miguel Hidalgo,016
2221,0901600010764,0.038496,349,9065.876974231089,82.96529968454259,6.0,18.0,8.0,4.0,,18.0,,47.0,13.46704871060172,,136,3532.834580216126,389.68481375358164,1610.556940980881,1792.3940149625935,46,Retail trade,38,108.88252148997135,27.941176470588236,Miguel Hidalgo,016
2222,0901600010779,0.275243,1328,4824.827516049454,73.79543533389688,40.0,44.0,61.0,32.0,24.0,58.0,824.0,245.0,18.448795180722893,15.135542168674698,269,977.3182242600175,202.56024096385542,257.953880752644,592.2039797560701,46,Retail trade,131,98.644578313253,48.698884758364315,Miguel Hidalgo,016
2223,0901600010783,0.382711,3448,9009.409188656715,75.50546900894929,115.0,122.0,194.0,97.0,70.0,173.0,1930.0,747.0,21.66473317865429,17.34338747099768,162,423.2959073556809,46.98375870069606,67.93638019288706,276.9713961710011,46,Retail trade,97,28.132250580046403,59.876543209876544,Miguel Hidalgo,016
2224,0901600010798,2.895648,309,106.71186553061698,75.08650519031141,6.0,3.0,11.0,8.0,3.0,18.0,183.0,77.0,24.919093851132686,10.032362459546926,732,252.79315717932568,2368.9320388349515,162.65789211948413,78.39350639304224,46,Retail trade,241,779.9352750809062,32.923497267759565,Miguel Hidalgo,016
2225,0901600010800,0.207759,1473,7089.945561925115,55.26742301458671,40.0,54.0,145.0,113.0,89.0,194.0,778.0,60.0,4.0733197556008145,29.938900203665987,58,279.1696147940643,39.375424304141205,77.01230752939705,154.0246150587941,46,Retail trade,2,1.357773251866938,3.4482758620689653,Miguel Hidalgo,016
2226,0901600010815,0.197377,2767,14018.857313668766,65.94414339308045,105.0,97.0,164.0,90.0,131.0,254.0,1356.0,570.0,20.59992771955186,21.21431152873148,170,861.2958956717348,61.438380917961695,319.1861260430547,395.1828227199724,46,Retail trade,26,9.3964582580412,15.294117647058824,Miguel Hidalgo,016
2227,090160001082A,0.098298,2213,22513.17422531486,61.83943089430894,48.0,60.0,135.0,80.0,78.0,224.0,1080.0,508.0,22.955264347040217,18.120198825124266,133,1353.0285458503733,60.09941256213285,366.2332906061161,834.1980508250422,46,Retail trade,39,17.62313601446001,29.32330827067669,Miguel Hidalgo,016
2228,0901600010834,0.063523,555,8736.992900209372,71.30620985010707,19.0,24.0,45.0,19.0,12.0,48.0,300.0,88.0,15.855855855855856,21.44144144144144,242,3809.6437510822852,436.036036036036,204.6502841490484,2849.3616485367506,62,Health care and social assistance,45,81.08108108108108,18.59504132231405,Miguel Hidalgo,016
2229,0901600010849,0.386318,831,2151.077609637656,67.95212765957447,21.0,18.0,40.0,19.0,22.0,54.0,434.0,223.0,26.835138387484957,14.440433212996389,663,1716.2027138264332,797.8339350180505,137.19267546425485,1123.4268141789923,52,Finance and insurance,161,193.7424789410349,24.283559577677224,Miguel Hidalgo,016
2230,0901600010853,0.148826,2446,16435.300283552606,69.49074074074075,87.0,82.0,117.0,41.0,54.0,184.0,1115.0,766.0,31.316434995911692,15.576451349141456,5,33.59628021985406,2.044153720359771,0.0,33.59628021985406,81,Other services (except government),11,4.497138184791496,220.0,Miguel Hidalgo,016
2231,0901600010868,0.307745,1152,3743.3589497798503,72.8444003964321,49.0,32.0,62.0,22.0,20.0,61.0,572.0,334.0,28.993055555555557,16.05902777777778,72,233.95993436124064,62.5,38.993322393540105,175.46995077093047,54,"Professional, scientific and technical services",36,31.25,50.0,Miguel Hidalgo,016
2232,0901600010872,0.464033,1363,2937.2910978314044,70.65972222222223,18.0,14.0,34.0,11.0,24.0,52.0,1034.0,176.0,12.912692589875276,7.410124724871607,213,459.01907838451143,156.27292736610417,168.09149349291968,213.3468955871673,46,Retail trade,55,40.352164343360236,25.821596244131456,Miguel Hidalgo,016
2233,0901600010887,0.080204,185,2306.61812378435,55.95238095238095,6.0,,9.0,,5.0,16.0,,55.0,29.72972972972973,,122,1521.12114109022,659.4594594594595,548.6010672784399,872.7744252156999,46,Retail trade,35,189.1891891891892,28.688524590163933,Miguel Hidalgo,016
2234,0901600010891,0.240965,2076,8615.359077044384,78.96928682977615,39.0,52.0,64.0,42.0,29.0,120.0,1313.0,417.0,20.08670520231214,10.886319845857418,158,655.6968854397942,76.10789980732177,141.09932977818355,402.5480878965825,46,Retail trade,117,56.358381502890175,74.0506329113924,Miguel Hidalgo,016
2235,0901600010904,0.425231,1535,3609.8026719594764,74.12116679132386,37.0,50.0,108.0,52.0,59.0,136.0,775.0,318.0,20.71661237785016,19.934853420195438,2,4.703325956950457,1.3029315960912051,2.351662978475229,0.0,22,Utilities,20,13.029315960912053,1000.0,Miguel Hidalgo,016
2236,0901600010919,0.361222,722,1998.7708389854438,68.52713178294573,16.0,15.0,46.0,19.0,29.0,55.0,341.0,201.0,27.8393351800554,17.31301939058172,26,71.9778972487833,36.011080332409975,13.841903317073712,52.5992326048801,46,Retail trade,40,55.40166204986149,153.84615384615384,Miguel Hidalgo,016
2237,0901600010923,0.691903,1521,2198.2850197209723,70.43286867204695,20.0,51.0,87.0,63.0,49.0,138.0,775.0,338.0,22.22222222222222,17.75147928994083,46,66.48330763127201,30.243261012491782,17.343471555984003,46.24925748262401,46,Retail trade,30,19.723865877712033,65.21739130434783,Miguel Hidalgo,016
2238,0901600010942,0.330965,862,2604.505008082426,64.4474034620506,24.0,30.0,51.0,35.0,24.0,58.0,379.0,261.0,30.278422273781903,19.02552204176334,24,72.51522064266614,27.842227378190255,9.064402580333267,57.40788300877736,72,Accommodation and food services,24,27.842227378190255,100.0,Miguel Hidalgo,016
2239,0901600010957,0.039478,83,2102.4368002431734,61.111111111111114,0.0,5.0,6.0,,5.0,10.0,,17.0,20.481927710843372,,124,3140.9899184355845,1493.9759036144578,1722.4783423679012,1367.8504483509803,46,Retail trade,10,120.48192771084338,8.064516129032258,Miguel Hidalgo,016
2240,0901600010961,0.323863,877,2707.935145416426,70.55702917771883,28.0,40.0,55.0,22.0,20.0,67.0,460.0,185.0,21.094640820980615,18.814139110604334,13,40.14042974961635,14.823261117445838,9.263176096065312,24.70180292284083,54,"Professional, scientific and technical services",35,39.908779931584945,269.2307692307692,Miguel Hidalgo,016
2241,0901600010976,0.073945,78,1054.83805531138,72.72727272727273,0.0,,0.0,0.0,,12.0,,26.0,33.333333333333336,,66,892.5552775711677,846.1538461538462,405.7069443505308,392.18337953884645,46,Retail trade,13,166.66666666666666,19.696969696969695,Miguel Hidalgo,016
2242,0901600010980,0.230679,805,3489.6978051751566,70.81604426002767,21.0,34.0,27.0,22.0,33.0,60.0,413.0,195.0,24.22360248447205,17.018633540372672,21,91.03559491761278,26.08695652173913,21.675141647050662,52.020339952921596,54,"Professional, scientific and technical services",11,13.664596273291925,52.38095238095238,Miguel Hidalgo,016
2243,0901600010995,0.415004,1836,4424.053744060298,67.2566371681416,36.0,39.0,66.0,34.0,50.0,141.0,1007.0,463.0,25.21786492374728,12.254901960784313,427,1028.9057454867905,232.57080610021785,122.89038177945272,768.6672899538318,54,"Professional, scientific and technical services",99,53.92156862745098,23.185011709601874,Miguel Hidalgo,016
2244,090160001100A,0.035486,13,366.3416558642845,33.333333333333336,,0.0,0.0,0.0,0.0,0.0,,3.0,23.076923076923077,,31,873.5839485994477,2384.6153846153848,84.54038212252719,676.3230569802175,62,Health care and social assistance,17,1307.6923076923076,54.83870967741935,Miguel Hidalgo,016
2245,0901600011014,1.665325,265,159.12809811898578,67.53246753246754,11.0,10.0,13.0,9.0,11.0,21.0,125.0,65.0,24.528301886792452,20.37735849056604,97,58.24688874544008,366.0377358490566,16.81353489559095,35.428519958566646,46,Retail trade,90,339.62264150943395,92.78350515463917,Miguel Hidalgo,016
2246,0901600011029,0.223442,2458,11000.617609939045,74.76677032430031,39.0,54.0,113.0,44.0,40.0,161.0,1453.0,554.0,22.538649308380798,11.798209926769731,260,1163.612928634724,105.77705451586655,120.83672720437518,984.5955549986127,62,Health care and social assistance,147,59.804719283970705,56.53846153846154,Miguel Hidalgo,016
2247,0901600011033,0.595258,1059,1779.0605082166053,65.46762589928058,19.0,14.0,26.0,18.0,21.0,61.0,721.0,179.0,16.902738432483474,9.254013220018885,2,3.3598876453571394,1.8885741265344664,0.0,3.3598876453571394,53,Real estate and rental,14,13.220018885741265,700.0,Miguel Hidalgo,016
2248,0901600011048,0.486163,1082,2225.5910054858145,69.16167664670658,16.0,16.0,39.0,29.0,27.0,73.0,698.0,184.0,17.005545286506468,11.737523105360443,10,20.56923295273396,9.242144177449168,8.227693181093583,10.28461647636698,46,Retail trade,35,32.34750462107209,350.0,Miguel Hidalgo,016
2249,0901600011052,0.571773,848,1483.1060578236468,64.5203679369251,16.0,28.0,43.0,36.0,26.0,73.0,369.0,257.0,30.306603773584907,17.57075471698113,37,64.71099544749403,43.632075471698116,19.238404051957684,38.47680810391537,46,Retail trade,26,30.660377358490567,70.27027027027027,Miguel Hidalgo,016
2250,0901600011067,0.590568,639,1082.009184378429,67.0807453416149,6.0,9.0,12.0,12.0,10.0,31.0,453.0,106.0,16.588419405320813,7.668231611893583,22,37.25227238861571,34.42879499217528,0.0,33.865702171468826,54,"Professional, scientific and technical services",16,25.039123630672925,72.72727272727273,Miguel Hidalgo,016
2251,0901600011071,1.390711,2,1.4381133103858386,,,,,,,,,,,,15,10.78584982789379,7500.0,0.0,7.1905665519291935,81,Other services (except government),23,11500.0,153.33333333333334,Miguel Hidalgo,016
2252,0901600011086,1.163722,0,0.0,,0.0,0.0,0.0,0.0,0.0,0.0,0.0,0.0,,,17,14.608299920427731,,11.171052880327089,1.7186235200503213,46,Retail trade,16,,94.11764705882354,Miguel Hidalgo,016
2253,0901600011090,0.227097,4044,17807.368657445935,65.65770862800566,85.0,143.0,281.0,147.0,155.0,402.0,2076.0,755.0,18.669634025717112,20.054401582591492,136,598.8630409032264,33.63006923837784,140.90895080075916,347.86897228937414,81,Other services (except government),98,24.23343224530168,72.05882352941177,Miguel Hidalgo,016
2254,0901600011103,0.126042,3137,24888.52922041859,64.12840612168719,102.0,123.0,233.0,118.0,108.0,298.0,1559.0,596.0,18.999043672298374,21.804271597067263,292,2316.688088097618,93.08256295824036,1245.6165405182398,785.4524682248774,46,Retail trade,72,22.95186483901817,24.65753424657534,Miguel Hidalgo,016
2255,0901600011118,0.236483,6098,25786.20873382019,64.28167953304462,166.0,206.0,415.0,251.0,230.0,597.0,3079.0,1154.0,18.924237454903245,20.793702853394556,156,659.666868231543,25.58215808461791,215.660322306466,342.5193354279166,46,Retail trade,144,23.61429977041653,92.3076923076923,Miguel Hidalgo,016
2256,0901600011122,0.112781,2020,17910.818311595038,63.1578947368421,53.0,69.0,150.0,95.0,91.0,197.0,1008.0,357.0,17.673267326732674,22.673267326732674,68,602.9384382121102,33.663366336633665,141.86786781461416,319.20270258288184,81,Other services (except government),69,34.15841584158416,101.47058823529412,Miguel Hidalgo,016
2257,0901600011137,0.198213,3762,18979.58257026532,62.195845697329375,84.0,95.0,213.0,109.0,121.0,335.0,1972.0,833.0,22.1424774056353,16.533758639021798,95,479.2823881380132,25.252525252525253,146.30725532634085,267.3891218033126,46,Retail trade,94,24.986709197235513,98.94736842105263,Miguel Hidalgo,016
2258,0901600011141,0.151627,3492,23030.199107019198,64.17284746855853,96.0,105.0,190.0,113.0,123.0,260.0,1860.0,745.0,21.33447880870561,17.9553264604811,99,652.9180159206473,28.350515463917525,158.2831553747024,349.5419681191345,46,Retail trade,90,25.77319587628866,90.9090909090909,Miguel Hidalgo,016
2259,0901600011156,0.509563,8675,17024.391488392997,64.36537440254912,262.0,314.0,567.0,323.0,335.0,902.0,4608.0,1364.0,15.723342939481268,20.760806916426514,372,730.0373064763337,42.88184438040346,266.8953593569392,341.46906270667216,46,Retail trade,333,38.38616714697406,89.51612903225806,Miguel Hidalgo,016
2260,0901600011160,0.406194,7005,17245.45414260181,67.45944243187904,136.0,174.0,346.0,193.0,184.0,564.0,3802.0,1606.0,22.92648108493933,14.746609564596717,523,1287.5621008680582,74.66095645967167,430.82861883730436,654.8595006327026,46,Retail trade,229,32.69093504639543,43.78585086042065,Miguel Hidalgo,016
2261,0901600011175,0.180812,1823,10082.295422870164,68.81009615384616,27.0,51.0,81.0,43.0,50.0,137.0,1015.0,419.0,22.984092155787163,13.823368074602303,587,3246.4659425259383,321.996708721887,1570.6922106939805,1460.08008318032,46,Retail trade,161,88.31596269884805,27.427597955706986,Miguel Hidalgo,016
2262,090160001118A,0.398589,7942,19925.286447945127,72.5618227285357,166.0,192.0,384.0,182.0,201.0,626.0,4739.0,1452.0,18.282548476454295,14.165197683203223,466,1169.1240852105802,58.67539662553513,451.59299428734863,589.5797425418162,46,Retail trade,205,25.81213800050365,43.99141630901288,Miguel Hidalgo,016
2263,0901600011194,0.193354,1448,7488.854639676449,68.56919468334637,24.0,55.0,90.0,49.0,32.0,134.0,788.0,276.0,19.060773480662984,17.265193370165747,543,2808.320489878668,375.0,1530.8708379449092,987.8254393495868,46,Retail trade,145,100.13812154696133,26.703499079189687,Miguel Hidalgo,016
2264,0901600011207,0.334459,8322,24881.97357523643,71.07770769024292,178.0,238.0,451.0,248.0,203.0,703.0,4843.0,1458.0,17.519826964671953,15.837539053112232,249,744.4858712129139,29.920692141312184,170.42447654271524,427.5561429054084,46,Retail trade,156,18.745493871665467,62.65060240963855,Miguel Hidalgo,016
2265,0901600011211,0.262835,5224,19875.587345673142,67.53715498938429,95.0,126.0,293.0,147.0,149.0,444.0,2969.0,1001.0,19.16156202143951,15.505359877488514,205,779.9570072478932,39.241960183767226,213.06142637015617,437.5368577244279,46,Retail trade,109,20.86523736600306,53.170731707317074,Miguel Hidalgo,016
2266,0901600011226,0.21503,5300,24647.723573454867,74.14573898723755,102.0,96.0,244.0,129.0,124.0,418.0,3210.0,977.0,18.433962264150942,13.11320754716981,404,1878.8076082407106,76.22641509433963,237.17620797098078,1539.3200948704832,62,Health care and social assistance,131,24.71698113207547,32.42574257425743,Miguel Hidalgo,016
2267,0901600011230,0.321319,682,2122.501314892677,64.69594594594595,24.0,29.0,37.0,27.0,24.0,49.0,343.0,149.0,21.8475073313783,20.674486803519063,5,15.560860079858333,7.331378299120234,6.224344031943334,3.112172015971667,46,Retail trade,8,11.730205278592376,160.0,Miguel Hidalgo,016
2268,0901600011245,0.134148,0,0.0,,0.0,0.0,0.0,0.0,0.0,0.0,0.0,0.0,,,461,3436.5029668724096,,447.2671974237409,2385.4250529266183,54,"Professional, scientific and technical services",48,,10.412147505422993,Miguel Hidalgo,016
2269,090160001125A,0.510075,1264,2478.0669509385875,61.85840707964602,33.0,51.0,50.0,37.0,41.0,128.0,588.0,336.0,26.582278481012658,16.772151898734176,1,1.9604960054893887,0.7911392405063291,0.0,0.0,22,Utilities,17,13.449367088607595,1700.0,Miguel Hidalgo,016
2270,0901600011264,0.564107,1029,1824.1220194041202,67.32673267326733,12.0,20.0,23.0,8.0,19.0,62.0,661.0,224.0,21.768707482993197,7.968901846452867,28,49.63597331711892,27.210884353741495,3.545426665508494,33.68155332233069,52,Finance and insurance,33,32.06997084548105,117.85714285714286,Miguel Hidalgo,016
2271,0901600011279,0.561019,1997,3559.594238341304,71.25645438898451,44.0,38.0,78.0,38.0,43.0,116.0,1271.0,369.0,18.477716574862292,12.068102153229844,8,14.259766603270121,4.006009013520281,7.1298833016350605,7.1298833016350605,46,Retail trade,16,8.012018027040561,200.0,Miguel Hidalgo,016
2272,0901600011283,1.449897,1905,1313.8864346915677,67.63636363636364,27.0,31.0,41.0,16.0,29.0,104.0,1412.0,245.0,12.860892388451443,7.559055118110236,127,87.59242897943786,66.66666666666667,8.276449982309089,62.07337486731816,54,"Professional, scientific and technical services",61,32.020997375328086,48.031496062992126,Miguel Hidalgo,016
2273,0901600011298,0.625331,1559,2493.079665009411,61.044460127028934,35.0,49.0,56.0,57.0,48.0,146.0,734.0,434.0,27.83835792174471,15.715202052597819,4,6.39661235409727,2.5657472738935216,3.198306177048635,0.0,46,Retail trade,12,7.6972418216805645,300.0,Miguel Hidalgo,016
2274,0901600011300,1.739413,6096,3504.6305851456787,70.62956717256885,160.0,141.0,206.0,133.0,155.0,472.0,4023.0,806.0,13.221784776902886,13.041338582677165,139,79.91201629515244,22.801837270341206,31.04495597077865,43.117994403859235,46,Retail trade,75,12.303149606299213,53.9568345323741,Miguel Hidalgo,016
2275,0901600011315,0.064308,1526,23729.551533246253,63.27599102468212,37.0,51.0,98.0,54.0,47.0,108.0,771.0,360.0,23.591087811271297,18.807339449541285,72,1119.6118678857995,47.182175622542594,388.7541207936804,622.0065932698886,46,Retail trade,43,28.17824377457405,59.72222222222222,Miguel Hidalgo,016
2276,090160001132A,0.078743,2889,36688.97552798344,61.62698412698413,82.0,102.0,185.0,117.0,96.0,266.0,1498.0,543.0,18.795430944963655,20.145379023883695,72,914.3669913516122,24.922118380062305,317.48853866375424,444.48395412925595,46,Retail trade,31,10.730356524749048,43.05555555555556,Miguel Hidalgo,016
2277,0901600011334,0.079714,3168,39742.07792859473,65.07473569084944,109.0,107.0,209.0,108.0,113.0,351.0,1662.0,509.0,16.06691919191919,20.391414141414142,45,564.5181523948114,14.204545454545455,188.17271746493714,263.441804450912,46,Retail trade,50,15.782828282828282,111.11111111111111,Miguel Hidalgo,016
2278,0901600011349,0.288039,15549,53982.273233832915,64.35981031416716,456.0,558.0,1039.0,554.0,651.0,1591.0,7997.0,2703.0,17.38375458228825,20.953115956010034,325,1128.3194289662165,20.901665701974405,499.93230083426204,492.9887966560084,46,Retail trade,129,8.296353463245225,39.69230769230769,Miguel Hidalgo,016
2279,0901600011353,0.070021,1597,22807.443481241342,52.30891719745223,67.0,100.0,174.0,112.0,100.0,183.0,837.0,24.0,1.5028177833437697,34.62742642454602,2,28.562859713514516,1.2523481527864746,0.0,0.0,93,Government and international organizations,5,3.1308703819661865,250.0,Miguel Hidalgo,016
2280,0901600011368,0.165851,1893,11413.859428040832,32.47761194029851,29.0,40.0,149.0,108.0,122.0,521.0,886.0,38.0,2.0073956682514527,23.666138404648706,24,144.7082019402958,12.678288431061807,30.14754207089496,60.29508414178992,93,Government and international organizations,10,5.282620179609086,41.666666666666664,Miguel Hidalgo,016
2281,0901700010013,0.175504,5152,29355.456285896616,66.56688924706424,167.0,213.0,429.0,198.0,236.0,570.0,2569.0,770.0,14.945652173913043,24.126552795031056,196,1116.7836630504148,38.04347826086956,512.8088248700884,387.45555656851127,46,Retail trade,78,15.139751552795031,39.795918367346935,Venustiano Carranza,017
2282,0901700010028,0.171363,4855,28331.670197183757,60.595947556615016,152.0,173.0,335.0,203.0,213.0,489.0,2428.0,862.0,17.754891864057672,22.16271884654995,101,589.3921091484159,20.803295571575696,210.08035573606904,315.12053360410357,46,Retail trade,67,13.80020597322348,66.33663366336634,Venustiano Carranza,017
2283,0901700010032,0.445157,10277,23086.23699054491,69.92628426629808,331.0,412.0,852.0,415.0,402.0,1000.0,5687.0,1178.0,11.46248905322565,23.469884207453536,262,588.5563969565794,25.493821154033277,332.46697232661734,190.94386924163834,46,Retail trade,182,17.709448282572737,69.46564885496183,Venustiano Carranza,017
2284,0901700010047,0.320139,3850,12026.026194871603,67.01934703748489,104.0,151.0,287.0,144.0,156.0,390.0,1913.0,705.0,18.31168831168831,21.87012987012987,979,3058.0466609816363,254.28571428571428,2174.055644579386,721.5615716922962,46,Retail trade,135,35.064935064935064,13.789581205311542,Venustiano Carranza,017
2285,0901700010051,0.182509,3587,19653.825290807577,62.58853831294269,103.0,121.0,257.0,123.0,122.0,373.0,1776.0,712.0,19.849456370225816,20.23975466964037,100,547.9181848566373,27.878449958182326,208.20891024552213,241.08400133692038,46,Retail trade,78,21.745190967382214,78.0,Venustiano Carranza,017
2286,0901700010066,0.117732,2976,25277.74946488635,62.9887727448703,75.0,100.0,218.0,90.0,106.0,248.0,1522.0,617.0,20.732526881720432,19.791666666666668,71,603.0645873679204,23.857526881720432,212.3466856929297,331.26082968097035,46,Retail trade,50,16.801075268817204,70.4225352112676,Venustiano Carranza,017
2287,0901700010070,0.240265,3664,15249.82831456933,60.638977635782744,102.0,128.0,304.0,160.0,143.0,366.0,1800.0,661.0,18.040393013100438,22.843886462882097,132,549.3933781449649,36.02620087336245,141.510415582794,357.93811000353776,81,Other services (except government),97,26.473799126637555,73.48484848484848,Venustiano Carranza,017
2288,0901700010085,0.164467,2912,17705.67955881727,65.5378486055777,94.0,113.0,195.0,107.0,111.0,285.0,1452.0,555.0,19.059065934065934,21.291208791208792,105,638.4259456304304,36.05769230769231,176.32716593602365,304.01235506210975,46,Retail trade,68,23.35164835164835,64.76190476190476,Venustiano Carranza,017
2289,090170001009A,0.208109,4499,21618.478777948094,61.35291033036182,149.0,169.0,367.0,145.0,181.0,437.0,2255.0,796.0,17.692820626805958,22.471660368970884,132,634.2829959300175,29.339853300733495,254.6742332143252,297.92080111864453,46,Retail trade,102,22.671704823294064,77.27272727272727,Venustiano Carranza,017
2290,0901700010102,0.142489,2899,20345.430173557255,65.78839028406752,93.0,104.0,251.0,105.0,115.0,286.0,1454.0,491.0,16.936874784408417,23.042428423594345,108,757.9532455136888,37.25422559503277,266.6872530511127,364.94045154362794,46,Retail trade,65,22.42152466367713,60.18518518518518,Venustiano Carranza,017
2291,0901700010117,0.151912,3305,21756.016641213333,65.03811503811504,86.0,111.0,222.0,140.0,115.0,327.0,1700.0,604.0,18.27534039334342,20.393343419062028,300,1974.8275317288956,90.77155824508321,1125.6516930854705,684.6068776660171,46,Retail trade,60,18.15431164901664,20.0,Venustiano Carranza,017
2292,0901700010121,0.304803,5176,16981.460156232057,62.27180527383367,139.0,182.0,418.0,233.0,210.0,517.0,2503.0,974.0,18.817619783616692,22.836166924265843,316,1036.735202737506,61.051004636785166,298.5534919275729,370.7312592067663,46,Retail trade,121,23.377125193199383,38.29113924050633,Venustiano Carranza,017
2293,0901700010136,0.306693,0,0.0,,0.0,0.0,0.0,0.0,0.0,0.0,0.0,0.0,,,35,114.12063529327374,,22.824127058654746,84.77532907500334,71,"Arts, entertainment and recreation",15,,42.857142857142854,Venustiano Carranza,017
2294,0901700010140,7.43191,0,0.0,,0.0,0.0,0.0,0.0,0.0,0.0,0.0,0.0,,,778,104.68372195034655,,27.718311981711295,56.64761817621581,52,Finance and insurance,261,,33.54755784061697,Venustiano Carranza,017
2295,0901700010155,0.141808,2974,20972.01850389259,66.57608695652173,82.0,92.0,224.0,100.0,121.0,313.0,1447.0,595.0,20.00672494956288,20.81371889710827,225,1586.6523750423107,75.65568258238063,479.5216066794539,472.46981834593254,46,Retail trade,80,26.899798251513115,35.55555555555556,Venustiano Carranza,017
2296,090170001016A,0.108352,1827,16861.709982279976,68.05912596401028,76.0,69.0,126.0,58.0,69.0,170.0,900.0,359.0,19.64969896004379,21.784345922276955,239,2205.7737743650323,130.81554460864805,1476.6686355581808,599.896633195511,46,Retail trade,39,21.346469622331693,16.317991631799163,Venustiano Carranza,017
2297,0901700010174,0.107232,2235,20842.65890778872,68.84992264053636,63.0,74.0,159.0,77.0,84.0,223.0,1111.0,444.0,19.86577181208054,20.447427293064877,120,1119.0689346463741,53.691275167785236,531.5577439570277,419.6508504923903,46,Retail trade,55,24.60850111856823,45.833333333333336,Venustiano Carranza,017
2298,0901700010189,0.09007,1652,18341.290107694014,60.37735849056604,62.0,52.0,107.0,69.0,76.0,152.0,798.0,336.0,20.338983050847457,22.15496368038741,40,444.0990340846009,24.213075060532688,133.22971022538027,255.3569445986455,46,Retail trade,33,19.975786924939467,82.5,Venustiano Carranza,017
2299,0901700010193,0.099144,1487,14998.38618575002,60.67669172932331,29.0,40.0,88.0,58.0,60.0,144.0,754.0,314.0,21.116341627437794,18.493611297915265,171,1724.7639796659405,114.99663752521856,927.9431937384007,645.5256999919309,46,Retail trade,30,20.174848688634835,17.54385964912281,Venustiano Carranza,017
2300,0901700010206,0.130867,2629,20089.098091955955,62.666666666666664,75.0,102.0,202.0,98.0,107.0,255.0,1288.0,502.0,19.09471281856219,22.213769494104223,52,397.3499812787028,19.779383796120197,183.392299051709,168.10960746406658,46,Retail trade,42,15.97565614302016,80.76923076923077,Venustiano Carranza,017
2301,0901700010210,0.33028,13581,41119.65604941262,66.65773490532332,525.0,636.0,1224.0,667.0,661.0,1509.0,6420.0,1939.0,14.277299167955231,27.339665709447022,302,914.3756812401599,22.236948678300568,326.9952767348916,396.63315974324814,46,Retail trade,280,20.617038509682644,92.71523178807946,Venustiano Carranza,017
2302,0901700010225,0.194501,7677,39470.23408620007,67.46987951807229,291.0,354.0,724.0,368.0,340.0,840.0,3681.0,1079.0,14.054969389084278,27.054839129868437,226,1161.9477534819873,29.438582779731664,791.769708124894,262.20944879460774,46,Retail trade,146,19.017845512570013,64.60176991150442,Venustiano Carranza,017
2303,090170001023A,0.158066,1910,12083.560031885416,64.45526475958613,50.0,68.0,149.0,82.0,91.0,168.0,932.0,370.0,19.3717277486911,23.036649214659686,88,556.7294674376526,46.07329842931937,183.46766540559008,259.38532005617907,46,Retail trade,63,32.98429319371728,71.5909090909091,Venustiano Carranza,017
2304,0901700010244,0.270141,2421,8961.986518151632,59.13410770855332,68.0,74.0,345.0,104.0,105.0,200.0,1049.0,476.0,19.661296984717058,28.748451053283766,95,351.6682029014478,39.239983477901696,99.9478050351483,192.49206895658193,46,Retail trade,59,24.370095002065263,62.10526315789474,Venustiano Carranza,017
2305,0901700010259,0.096861,1596,16477.219933719454,60.40028591851323,39.0,52.0,106.0,64.0,66.0,171.0,764.0,334.0,20.927318295739347,20.48872180451128,68,702.0369395319066,42.606516290726816,247.7777433642023,330.3703244856031,46,Retail trade,52,32.581453634085214,76.47058823529412,Venustiano Carranza,017
2306,0901700010263,0.080867,1799,22246.404590253132,60.7188703465982,45.0,60.0,136.0,69.0,79.0,172.0,872.0,366.0,20.344635908838242,21.62312395775431,62,766.6909864345159,34.463590883824345,160.75778747820496,445.175411478106,81,Other services (except government),40,22.234574763757642,64.51612903225806,Venustiano Carranza,017
2307,0901700010278,0.090848,2185,24051.162381120113,70.26161238654565,69.0,74.0,169.0,73.0,72.0,232.0,1077.0,419.0,19.176201372997713,20.91533180778032,48,528.355054596689,21.96796338672769,187.125748502994,242.16273335681578,46,Retail trade,43,19.679633867276888,89.58333333333333,Venustiano Carranza,017
2308,0901700010282,0.174358,3381,19391.13777400521,62.97565992458005,90.0,123.0,251.0,128.0,127.0,345.0,1699.0,618.0,18.278615794143743,21.26589766341319,71,407.2081579279414,20.999704229517896,131.912501863981,235.14837288796613,46,Retail trade,44,13.013901212658977,61.971830985915496,Venustiano Carranza,017
2309,0901700010297,0.173335,3631,20947.875501197104,62.532722513089006,122.0,155.0,298.0,140.0,144.0,363.0,1804.0,605.0,16.662076562930324,23.65739465711925,59,340.38134248709144,16.24896722665932,109.61433063143623,173.0752588917414,46,Retail trade,69,19.003029468465986,116.94915254237289,Venustiano Carranza,017
2310,090170001030A,0.240624,3513,14599.541192898463,62.3768877216021,89.0,140.0,217.0,144.0,140.0,354.0,1768.0,661.0,18.815826928551097,20.779960148021633,568,2360.529290511337,161.68516937090806,1255.070150940887,943.3805439191435,46,Retail trade,77,21.91858810133789,13.556338028169014,Venustiano Carranza,017
2311,0901700010314,0.184195,3467,18822.443605961074,62.955326460481096,86.0,126.0,263.0,112.0,131.0,341.0,1845.0,563.0,16.238823190077877,20.709547158927027,103,559.1899888704905,29.7086818575137,200.87407367192378,282.30950894432533,46,Retail trade,76,21.920969137582926,73.7864077669903,Venustiano Carranza,017
2312,0901700010329,0.186129,3668,19706.76251417028,64.18193303853442,111.0,132.0,259.0,158.0,171.0,401.0,1766.0,670.0,18.266085059978188,22.655398037077425,206,1106.7592905995305,56.161395856052344,381.45587200275077,553.3796452997652,46,Retail trade,104,28.353326063249728,50.48543689320388,Venustiano Carranza,017
2313,0901700010333,0.185361,3022,16303.32162644785,65.76192322605661,99.0,115.0,228.0,122.0,119.0,287.0,1487.0,565.0,18.69622766379881,22.60092653871608,207,1116.7397672649586,68.49768365320979,480.14415114290495,469.3543949374464,46,Retail trade,64,21.178027796161484,30.917874396135264,Venustiano Carranza,017
2314,0901700010348,0.244162,2881,11799.542926417706,64.22628951747089,100.0,133.0,244.0,97.0,130.0,344.0,1405.0,428.0,14.855952794168692,24.435959736202708,149,610.2505713419779,51.71815341895175,192.4951466649192,229.35591943054203,46,Retail trade,112,38.8753904894134,75.16778523489933,Venustiano Carranza,017
2315,0901700010352,0.155151,3400,21914.135261777235,62.2470341939986,101.0,154.0,279.0,117.0,152.0,401.0,1640.0,556.0,16.352941176470587,23.61764705882353,180,1160.160102094089,52.94117647058823,386.720034031363,457.6187069371129,46,Retail trade,211,62.05882352941177,117.22222222222223,Venustiano Carranza,017
2316,0901700010367,0.165605,5702,34431.32755653513,68.3358193053484,220.0,258.0,528.0,263.0,277.0,626.0,2679.0,851.0,14.924587863907401,27.113293581199578,182,1099.0006340388272,31.918625043844266,561.5772470637963,386.461761420247,46,Retail trade,147,25.78042792002806,80.76923076923077,Venustiano Carranza,017
2317,0901700010371,0.245476,7102,28931.545242712116,65.48376297288249,265.0,288.0,575.0,315.0,350.0,766.0,3452.0,1091.0,15.361869895803999,25.246409462123346,709,2888.2660626700776,99.83103351168685,1637.6346363799312,1051.0192442438365,46,Retail trade,142,19.994367783722893,20.02820874471086,Venustiano Carranza,017
2318,0901700010386,0.082332,1928,23417.383277461984,59.30301240401654,51.0,65.0,119.0,86.0,73.0,189.0,949.0,396.0,20.53941908713693,20.435684647302903,96,1166.010785599767,49.79253112033195,352.2324248165962,740.9026866831852,46,Retail trade,25,12.966804979253112,26.041666666666668,Venustiano Carranza,017
2319,0901700010390,0.207214,6818,32903.18221741774,67.5561797752809,244.0,302.0,576.0,271.0,325.0,801.0,3358.0,941.0,13.801701378703433,25.198005280140805,127,612.8929512484677,18.62716339102376,241.29643749939675,284.7297962492882,46,Retail trade,157,23.027280727486065,123.62204724409449,Venustiano Carranza,017
2320,0901700010403,0.266483,2343,8792.305700551255,61.955990220048896,72.0,72.0,154.0,98.0,96.0,244.0,1152.0,455.0,19.419547588561674,20.998719590268887,80,300.2067674110544,34.14425949637217,60.04135348221087,202.6395680024617,81,Other services (except government),69,29.449423815621,86.25,Venustiano Carranza,017
2321,0901700010418,0.240023,2531,10544.822787816169,63.40664482919981,78.0,89.0,182.0,103.0,107.0,263.0,1245.0,464.0,18.33267483208218,22.086131963650733,65,270.80738095932475,25.68154879494271,137.48682417934947,108.3229523837299,46,Retail trade,54,21.33544053733702,83.07692307692308,Venustiano Carranza,017
2322,0901700010422,0.260046,6439,24761.003822400653,62.2996130458817,214.0,263.0,535.0,264.0,269.0,639.0,3216.0,1039.0,16.1360459698711,23.994409069731326,148,569.1300769863793,22.98493554899829,207.65556863016542,265.3376710274336,46,Retail trade,108,16.77279080602578,72.97297297297297,Venustiano Carranza,017
2323,0901700010437,0.186059,3905,20987.966182769982,61.28935532233883,104.0,155.0,311.0,177.0,169.0,396.0,1923.0,670.0,17.157490396927017,23.457106274007682,99,532.0892835068446,25.352112676056336,150.4898983655722,274.1066005944351,46,Retail trade,99,25.352112676056336,100.0,Venustiano Carranza,017
2324,0901700010441,0.37704,5328,14131.126670910247,70.98641727900245,177.0,229.0,430.0,231.0,227.0,493.0,3143.0,398.0,7.46996996996997,24.286786786786788,129,342.13876511775936,24.21171171171171,156.48207086781244,98.13282410354338,46,Retail trade,172,32.28228228228228,133.33333333333334,Venustiano Carranza,017
2325,0901700010456,0.1327,2635,19856.81989449887,59.51452102297356,51.0,109.0,168.0,97.0,105.0,283.0,1263.0,559.0,21.214421252371917,20.113851992409867,100,753.5795026375282,37.95066413662239,286.3602110022607,331.57498116051244,46,Retail trade,50,18.975332068311197,50.0,Venustiano Carranza,017
2326,0901700010460,0.25082,4897,19523.961406586397,58.77754086709311,126.0,191.0,359.0,180.0,173.0,489.0,2415.0,964.0,19.685521748008984,21.012865019399634,122,486.4045929351726,24.913212170716765,171.4376843951838,187.3853759668288,46,Retail trade,127,25.93424545640188,104.09836065573771,Venustiano Carranza,017
2327,0901700010475,0.152042,1419,9332.947475039791,76.8019884009942,37.0,63.0,89.0,52.0,52.0,143.0,763.0,220.0,15.503875968992249,20.64834390415786,205,1348.3116507280884,144.4679351656096,276.2394601491693,697.1757803764749,72,Accommodation and food services,92,64.83439041578576,44.8780487804878,Venustiano Carranza,017
2328,090170001048A,0.196332,4890,24906.79053847564,67.37048858335379,191.0,196.0,430.0,229.0,253.0,525.0,2299.0,767.0,15.685071574642127,26.56441717791411,188,957.5616812338284,38.445807770961146,422.75329543833914,295.4179654870322,46,Retail trade,112,22.903885480572598,59.57446808510638,Venustiano Carranza,017
2329,0901700010494,0.188113,4947,26298.022996815744,66.08159392789373,155.0,182.0,394.0,202.0,191.0,536.0,2447.0,840.0,16.979987871437235,22.720840913685063,90,478.4358337807594,18.192844147968465,191.37433351230376,212.6381483470042,46,Retail trade,94,19.001414998989286,104.44444444444444,Venustiano Carranza,017
2330,0901700010507,0.124634,2189,17563.425710480285,66.4390756302521,54.0,88.0,143.0,65.0,81.0,229.0,1136.0,393.0,17.953403380539058,19.689355870260393,93,746.1848291798385,42.48515303791686,216.63430524575958,417.2216249177592,46,Retail trade,41,18.730013704888076,44.086021505376344,Venustiano Carranza,017
2331,0901700010511,0.28805,20,69.43239021003298,0.0,0.0,0.0,0.0,0.0,0.0,1.0,15.0,4.0,20.0,0.0,136,472.14025342822424,6800.0,135.3931609095643,208.29717063009895,46,Retail trade,51,2550.0,37.5,Venustiano Carranza,017
2332,0901700010526,0.225066,4882,21691.414962722047,67.20532319391636,148.0,169.0,357.0,201.0,202.0,494.0,2549.0,762.0,15.608357230643179,22.060630888979926,142,630.9260394728657,29.086439983613275,199.94135053717577,333.2355842286263,46,Retail trade,78,15.977058582548135,54.929577464788736,Venustiano Carranza,017
2333,0901700010530,0.110258,1856,16833.245660178854,65.8446362515413,57.0,55.0,122.0,50.0,51.0,179.0,962.0,380.0,20.474137931034484,18.049568965517242,99,897.8940303651435,53.34051724137931,281.15873678100456,507.8996535398792,46,Retail trade,61,32.866379310344826,61.61616161616162,Venustiano Carranza,017
2334,0901700010545,0.179551,3543,19732.555095766664,63.4807878592186,96.0,115.0,235.0,119.0,127.0,335.0,1821.0,695.0,19.616144510302004,19.531470505221563,110,612.639305823972,31.047135196161445,217.2084811557719,339.7363423205663,46,Retail trade,81,22.861981371718883,73.63636363636364,Venustiano Carranza,017
2335,090170001055A,0.293077,5390,18391.071288432733,63.65582191780822,145.0,191.0,382.0,203.0,232.0,552.0,2635.0,1050.0,19.48051948051948,21.391465677179962,565,1927.8210163199433,104.82374768089053,1102.0994482678614,655.117938289255,46,Retail trade,104,19.29499072356215,18.4070796460177,Venustiano Carranza,017
2336,0901700010564,0.276416,3597,13012.994906228294,62.883338602592474,95.0,121.0,218.0,117.0,108.0,397.0,1777.0,764.0,21.23992215735335,18.320822907978872,161,582.4554294975688,44.759521823742006,173.65130817318823,314.74299606390366,46,Retail trade,85,23.63080344731721,52.79503105590062,Venustiano Carranza,017
2337,0901700010579,0.1377,2007,14575.16339869281,76.63316582914572,94.0,116.0,205.0,88.0,94.0,247.0,957.0,206.0,10.264075734927752,29.74588938714499,528,3834.4226579520696,263.0792227204783,2795.933188090051,704.4299201161946,46,Retail trade,145,72.24713502740408,27.46212121212121,Venustiano Carranza,017
2338,0901700010583,0.183094,3123,17056.812347755797,60.45727136431784,119.0,117.0,219.0,118.0,157.0,374.0,1513.0,506.0,16.202369516490553,23.374959974383607,1964,10726.730531857953,628.8824847902657,8132.434705670312,2162.8234677269597,46,Retail trade,72,23.054755043227665,3.6659877800407332,Venustiano Carranza,017
2339,0901700010598,0.480266,4,8.328717835532808,,,,,,,,,,,,103,214.46448426496983,25750.0,22.903974047715224,147.83474158070734,52,Finance and insurance,138,34500.0,133.98058252427185,Venustiano Carranza,017
2340,0901700010600,0.064273,1428,22217.727506106763,58.55365474339036,35.0,31.0,76.0,42.0,47.0,128.0,738.0,331.0,23.179271708683473,16.176470588235293,1,15.558632707357678,0.7002801120448179,0.0,15.558632707357678,52,Finance and insurance,16,11.204481792717086,1600.0,Venustiano Carranza,017
2341,0901700010615,0.123958,1474,11891.124413107666,57.61834319526627,30.0,29.0,63.0,39.0,42.0,137.0,733.0,401.0,27.204884667571235,13.772048846675712,193,1556.9789767501895,130.9362279511533,750.2541183304022,693.7833782410171,46,Retail trade,62,42.06241519674356,32.12435233160622,Venustiano Carranza,017
2342,090170001062A,0.121004,2021,16701.927209017886,68.05399325084365,59.0,48.0,136.0,69.0,80.0,193.0,1033.0,403.0,19.940623453735775,19.396338446313706,283,2338.7656606393175,140.0296882731321,1041.2878913093782,1090.8730289907771,46,Retail trade,43,21.27659574468085,15.19434628975265,Venustiano Carranza,017
2343,0901700010634,0.242248,3946,16289.092170007596,64.48435689455388,104.0,136.0,254.0,148.0,140.0,369.0,2024.0,771.0,19.538773441459707,19.817536746071973,191,788.4482018427396,48.40344652812975,268.32006868993756,371.52009510914434,46,Retail trade,103,26.102382159148505,53.92670157068063,Venustiano Carranza,017
2344,0901700010649,0.214785,5209,24252.159135880065,60.47387068201949,146.0,186.0,361.0,211.0,199.0,590.0,2522.0,994.0,19.082357458245344,21.17488961412939,192,893.9171729869404,36.85928201190248,284.0049351677259,451.6144051027772,46,Retail trade,108,20.733346131695143,56.25,Venustiano Carranza,017
2345,0901700010653,0.199359,4238,21258.132314066585,63.745980707395496,96.0,131.0,279.0,167.0,143.0,428.0,2163.0,831.0,19.608305804624823,19.254365266635205,194,973.1188459011131,45.77630957999056,376.2057393947602,481.54334642529307,46,Retail trade,98,23.124115148655026,50.51546391752577,Venustiano Carranza,017
2346,0901700010668,0.201317,3103,15413.50208874561,66.08792020687108,78.0,107.0,211.0,102.0,123.0,334.0,1603.0,545.0,17.563648082500805,20.01289075088624,128,635.8131702737473,41.2504028359652,178.82245413949144,332.8084563151646,46,Retail trade,123,39.63905897518531,96.09375,Venustiano Carranza,017
2347,0901700010672,0.223796,3902,17435.52163577544,62.55519576096556,106.0,118.0,281.0,147.0,114.0,371.0,1940.0,825.0,21.14300358790364,19.630958482829318,154,688.1266868040537,39.46694003075346,210.0126901285099,375.34182916584746,46,Retail trade,90,23.065094823167605,58.44155844155844,Venustiano Carranza,017
2348,0901700010687,0.140697,368,2615.5497274284457,72.03947368421052,15.0,22.0,27.0,23.0,12.0,41.0,171.0,57.0,15.48913043478261,26.902173913043477,1639,11649.146747976147,4453.804347826087,10547.488574738623,710.7472085403384,46,Retail trade,278,755.4347826086956,16.96156192800488,Venustiano Carranza,017
2349,0901700010691,0.126183,1989,15762.820665224317,72.09026128266034,55.0,92.0,158.0,76.0,95.0,246.0,954.0,313.0,15.736551030668677,23.931623931623932,774,6133.948313164214,389.14027149321265,5056.148609559133,530.9748539819152,46,Retail trade,58,29.16038210155857,7.493540051679586,Venustiano Carranza,017
2350,0901700010704,0.29583,40,135.2127911300409,51.61290322580645,,6.0,,0.0,0.0,,,3.0,7.5,,40,135.2127911300409,1000.0,6.760639556502045,74.36703512152249,93,Government and international organizations,62,1550.0,155.0,Venustiano Carranza,017
2351,0901700010719,0.121753,2109,17321.955105829013,67.870419543282,33.0,61.0,132.0,60.0,61.0,197.0,1137.0,428.0,20.29397818871503,16.453295400663823,176,1445.5495963138485,83.45187292555714,377.814099036574,829.5483478846517,46,Retail trade,77,36.51019440493125,43.75,Venustiano Carranza,017
2352,0901700010723,0.078259,815,10414.137671066586,63.745019920318725,17.0,11.0,34.0,25.0,30.0,83.0,428.0,187.0,22.94478527607362,14.355828220858896,68,868.9096461748809,83.43558282208589,242.7835776076873,562.2356534072759,46,Retail trade,63,77.30061349693251,92.6470588235294,Venustiano Carranza,017
2353,0901700010738,0.061486,961,15629.574212015743,65.41095890410959,14.0,22.0,49.0,20.0,24.0,69.0,505.0,258.0,26.847034339229968,13.423517169614984,12,195.16637933838598,12.486992715920916,65.055459779462,130.110919558924,46,Retail trade,33,34.33922996878252,275.0,Venustiano Carranza,017
2354,0901700010742,0.071073,1718,24172.32985803329,63.60078277886497,38.0,53.0,94.0,41.0,59.0,157.0,899.0,377.0,21.944121071012805,16.589057043073343,3,42.21012198725254,1.7462165308498254,0.0,28.14008132483503,43,Wholesale trade,34,19.79045401629802,1133.3333333333333,Venustiano Carranza,017
2355,0901700010757,0.064318,643,9997.20140551634,65.64102564102564,16.0,13.0,29.0,10.0,14.0,37.0,330.0,194.0,30.171073094867808,12.752721617418352,31,481.98016107466026,48.211508553654745,186.57296557728785,264.3117012344911,46,Retail trade,40,62.208398133748055,129.03225806451613,Venustiano Carranza,017
2356,0901700010761,0.080821,1213,15008.475519976244,60.47794117647059,19.0,40.0,66.0,27.0,40.0,98.0,602.0,321.0,26.463314097279472,15.828524319868096,28,346.4446121676297,23.083264633140974,98.98417490503705,210.34137167320375,46,Retail trade,34,28.02967848309975,121.42857142857143,Venustiano Carranza,017
2357,0901700010776,0.13385,2153,16085.169966380276,63.66427840327533,40.0,51.0,108.0,59.0,54.0,201.0,1077.0,563.0,26.149558755225268,14.491407338597305,57,425.8498319013821,26.474686483975848,134.478894284647,246.54463952185282,46,Retail trade,54,25.081281932187647,94.73684210526316,Venustiano Carranza,017
2358,0901700010780,0.249046,4389,17623.25032323346,65.05961638154484,87.0,139.0,305.0,146.0,155.0,454.0,2146.0,957.0,21.804511278195488,18.95648211437685,347,1393.3168972800206,79.06128958760537,618.3596604643319,590.2524031704986,46,Retail trade,92,20.961494645705173,26.512968299711815,Venustiano Carranza,017
2359,0901700010795,0.26747,201,751.4861479792127,66.29834254143647,7.0,7.0,6.0,4.0,9.0,20.0,109.0,39.0,19.402985074626866,16.417910447761194,256,957.1166859834748,1273.6318407960198,463.6033947732456,385.0899166261637,46,Retail trade,163,810.9452736318408,63.671875,Venustiano Carranza,017
2360,0901700010808,0.157334,3529,22429.98970343346,61.65338645418327,94.0,133.0,290.0,164.0,139.0,385.0,1695.0,629.0,17.8237461037121,23.236044205157267,181,1150.4188541573976,51.289317086993485,597.4550955292563,457.62517955432395,46,Retail trade,46,13.034854066307735,25.414364640883978,Venustiano Carranza,017
2361,0901700010812,0.172973,3791,21916.71532551323,62.28448275862069,107.0,138.0,286.0,163.0,152.0,416.0,1876.0,653.0,17.22500659456608,22.316011606436298,166,959.6873500488515,43.78791875494593,398.9061876709082,456.7186786377065,46,Retail trade,64,16.88208915853337,38.55421686746988,Venustiano Carranza,017
2362,0901700010827,1.100137,4011,3645.90955490089,59.57446808510638,134.0,168.0,325.0,187.0,186.0,531.0,1886.0,594.0,14.80927449513837,24.93143854400399,169,153.6172313084643,42.134131139366744,75.44514910415703,61.81048360340576,46,Retail trade,75,18.698578908002993,44.37869822485207,Venustiano Carranza,017
2363,0901700010831,0.205035,5009,24429.97537005877,60.317090230823034,153.0,167.0,400.0,232.0,221.0,562.0,2435.0,839.0,16.749850269514873,23.41784787382711,337,1643.6218206647645,67.27889798362946,941.3027044163192,590.1431462920965,46,Retail trade,59,11.77879816330605,17.50741839762611,Venustiano Carranza,017
2364,0901700010846,0.165786,3052,18409.27460702351,62.438656096640244,76.0,112.0,208.0,117.0,153.0,335.0,1458.0,593.0,19.429882044560944,21.82175622542595,194,1170.1832482839322,63.564875491481,410.1673241407598,615.2509862111397,46,Retail trade,45,14.74442988204456,23.195876288659793,Venustiano Carranza,017
2365,0901700010865,0.192274,4462,23206.465772803396,60.44278474259803,152.0,193.0,367.0,204.0,216.0,519.0,2142.0,669.0,14.99327655759749,25.369789332138055,260,1352.236911906966,58.2698341550874,566.8993207609973,624.1093439570612,46,Retail trade,71,15.912147019273869,27.307692307692307,Venustiano Carranza,017
2366,090170001087A,0.21477,4441,20677.934534618427,61.95822454308094,123.0,148.0,340.0,152.0,181.0,453.0,2207.0,837.0,18.847106507543344,21.256473767169556,187,870.6988871816362,42.10763341589732,293.3370582483587,465.61437817199794,46,Retail trade,95,21.39157847331682,50.80213903743316,Venustiano Carranza,017
2367,0901700010884,0.337329,8393,24880.75439704265,64.18204875299422,306.0,324.0,666.0,371.0,351.0,947.0,4309.0,1119.0,13.332539020612415,24.043846062194685,314,930.8419969821747,37.41212915524842,486.172253200881,326.09114543961533,46,Retail trade,116,13.821041343977123,36.94267515923567,Venustiano Carranza,017
2368,0901700010899,0.225086,3055,13572.590032254338,72.57300710339385,106.0,151.0,264.0,134.0,140.0,358.0,1563.0,339.0,11.09656301145663,26.02291325695581,794,3527.540584487707,259.90180032733224,3061.05222004034,271.00752601227975,46,Retail trade,160,52.37315875613748,20.151133501259444,Venustiano Carranza,017
2369,0901700010901,0.089735,1384,15423.190505376942,68.7960687960688,28.0,55.0,77.0,42.0,59.0,155.0,676.0,292.0,21.09826589595376,18.858381502890172,80,891.51390204491,57.80346820809248,378.8934083690867,300.8859419401571,46,Retail trade,58,41.907514450867055,72.5,Venustiano Carranza,017
2370,0901700010916,0.092489,1426,15418.049714020046,59.724349157733535,24.0,36.0,60.0,34.0,43.0,136.0,698.0,395.0,27.69985974754558,13.814866760168304,54,583.8532149769162,37.86816269284712,162.18144860469894,389.23547665127745,46,Retail trade,55,38.569424964936886,101.85185185185185,Venustiano Carranza,017
2371,0901700010920,0.12453,170,1365.132899702883,49.65034965034965,6.0,12.0,9.0,4.0,,8.0,,55.0,32.35294117647059,,46,369.3889022725448,270.5882352941176,64.24154822131213,224.84541877459247,52,Finance and insurance,108,635.2941176470588,234.7826086956522,Venustiano Carranza,017
2372,0901700010935,0.111438,3159,28347.60135680827,62.72566371681416,85.0,74.0,175.0,88.0,79.0,246.0,1660.0,752.0,23.80500158277936,15.859449192782526,5,44.86799834885766,1.5827793605571383,17.947199339543065,26.920799009314596,46,Retail trade,30,9.49667616334283,600.0,Venustiano Carranza,017
2373,090170001094A,0.041902,1135,27087.012553100092,73.29376854599407,24.0,32.0,68.0,28.0,37.0,121.0,564.0,261.0,22.995594713656388,16.651982378854626,17,405.7085580640542,14.977973568281937,95.46083719154217,262.51730227674096,81,Other services (except government),8,7.048458149779735,47.05882352941177,Venustiano Carranza,017
2374,0901700010954,0.072586,860,11848.014768688177,65.38461538461539,21.0,27.0,32.0,19.0,21.0,62.0,431.0,247.0,28.72093023255814,13.953488372093023,29,399.5260794092525,33.72093023255814,55.10704543575896,316.865511255614,72,Accommodation and food services,29,33.72093023255814,100.0,Venustiano Carranza,017
2375,0901700010969,0.051611,486,9416.597237023116,62.637362637362635,6.0,7.0,18.0,13.0,9.0,46.0,251.0,136.0,27.983539094650205,10.905349794238683,45,871.9071515762143,92.5925925925926,251.8842882331286,581.2714343841429,46,Retail trade,17,34.97942386831276,37.77777777777778,Venustiano Carranza,017
2376,0901700010973,0.0692,996,14393.063583815028,60.6359649122807,18.0,16.0,50.0,23.0,21.0,90.0,508.0,270.0,27.10843373493976,12.85140562248996,35,505.78034682080926,35.140562248995984,115.60693641618496,375.7225433526012,46,Retail trade,27,27.10843373493976,77.14285714285714,Venustiano Carranza,017
2377,0901700010988,0.07044,1288,18285.065303804655,60.46114432109308,24.0,29.0,64.0,41.0,36.0,105.0,638.0,351.0,27.251552795031056,15.062111801242237,36,511.0732538330494,27.950310559006212,156.16127200454287,312.32254400908573,46,Retail trade,18,13.975155279503106,50.0,Venustiano Carranza,017
2378,0901700010992,0.065134,965,14815.610894463722,55.99078341013825,11.0,31.0,55.0,27.0,38.0,68.0,485.0,250.0,25.906735751295336,16.787564766839377,20,307.0592931495072,20.72538860103627,61.41185862990143,199.58854054717966,81,Other services (except government),26,26.94300518134715,130.0,Venustiano Carranza,017
2379,0901700011007,0.147986,2306,15582.555106564134,66.60019940179461,73.0,75.0,152.0,101.0,98.0,252.0,1231.0,324.0,14.050303555941023,21.639202081526452,130,878.4614760855757,56.37467476149176,412.20115416323165,371.6567783438974,46,Retail trade,82,35.55941023417173,63.07692307692308,Venustiano Carranza,017
2380,0901700011011,0.172323,3456,20055.361153183265,66.28175519630484,94.0,116.0,200.0,125.0,123.0,357.0,1788.0,653.0,18.894675925925927,19.03935185185185,228,1323.0967427447295,65.97222222222223,516.4719741415829,661.5483713723647,46,Retail trade,71,20.54398148148148,31.140350877192983,Venustiano Carranza,017
2381,0901700011026,0.174577,2822,16164.786884870286,68.48388380421807,70.0,74.0,165.0,97.0,104.0,282.0,1453.0,577.0,20.44649184975195,18.072289156626507,121,693.1039025759407,42.87739192062367,189.02833706616565,406.6973312635685,46,Retail trade,63,22.32459248759745,52.06611570247934,Venustiano Carranza,017
2382,0901700011030,0.32405,3171,9785.526924857275,59.27988121752042,81.0,108.0,212.0,102.0,118.0,323.0,1652.0,575.0,18.13308104698833,19.5837275307474,683,2107.6994291004476,215.38946704509618,1246.7211850023145,765.313994753896,46,Retail trade,188,59.28729107537055,27.525622254758417,Venustiano Carranza,017
2383,0901700011045,0.1942,4132,21277.033985581875,71.98855507868383,120.0,178.0,334.0,174.0,149.0,364.0,2436.0,377.0,9.123910939012585,23.112294288480154,120,617.9196704428424,29.04162633107454,169.92790937178168,308.9598352214212,46,Retail trade,116,28.073572120038722,96.66666666666667,Venustiano Carranza,017
2384,090170001105A,0.157871,4115,26065.58519297401,72.00884222160818,90.0,119.0,260.0,141.0,127.0,372.0,2140.0,866.0,21.044957472660997,17.910085054678007,133,842.4599831508003,32.32077764277035,304.0457082048001,361.0542784932002,46,Retail trade,95,23.086269744835967,71.42857142857143,Venustiano Carranza,017
2385,0901700011064,0.217996,1702,7807.482706104699,62.59842519685039,41.0,45.0,92.0,48.0,63.0,124.0,856.0,433.0,25.4406580493537,16.98002350176263,189,866.9883851079836,111.04582843713278,261.472687572249,495.4219343474192,72,Accommodation and food services,75,44.06580493537015,39.682539682539684,Venustiano Carranza,017
2386,0901700011079,0.156704,2580,16464.16173167245,61.10874200426439,48.0,53.0,134.0,76.0,96.0,248.0,1317.0,608.0,23.565891472868216,15.775193798449612,30,191.44374106595876,11.627906976744185,57.43312231978763,127.62916071063917,46,Retail trade,63,24.41860465116279,210.0,Venustiano Carranza,017
2387,0901700011083,0.079073,1213,15340.255207213588,62.36462093862816,18.0,25.0,62.0,27.0,46.0,135.0,583.0,317.0,26.133553173948886,14.674361088211047,84,1062.30951146409,69.24979389942291,366.749712291174,607.0340065509087,46,Retail trade,27,22.25886232481451,32.142857142857146,Venustiano Carranza,017
2388,0901700011098,0.043824,807,18414.567360350495,65.08379888268156,22.0,27.0,42.0,23.0,31.0,76.0,395.0,191.0,23.667905824039654,17.967781908302353,16,365.09675063891933,19.826517967781907,159.7298284045272,159.7298284045272,46,Retail trade,8,9.913258983890954,50.0,Venustiano Carranza,017
2389,0901700011100,0.118431,1312,11078.18054394542,57.785179017485426,19.0,20.0,72.0,38.0,48.0,115.0,612.0,388.0,29.573170731707318,15.015243902439025,45,379.9680826810548,34.298780487804876,92.88108687759117,261.7557902913933,46,Retail trade,41,31.25,91.11111111111111,Venustiano Carranza,017
2390,0901700011115,0.155147,1753,11298.96162993806,61.45181476846057,24.0,37.0,94.0,50.0,50.0,136.0,892.0,470.0,26.811180832857957,14.546491728465488,117,754.1235086724204,66.74272675413577,232.03800266843703,496.30350570749033,46,Retail trade,111,63.32002281802624,94.87179487179488,Venustiano Carranza,017
2391,090170001112A,0.046769,366,7825.696508370929,57.714285714285715,,6.0,9.0,11.0,9.0,38.0,,106.0,28.961748633879782,,30,641.450533473027,81.9672131147541,128.2901066946054,491.7787423293207,72,Accommodation and food services,14,38.25136612021858,46.666666666666664,Venustiano Carranza,017
2392,0901700011134,0.083947,1331,15855.241997927264,65.02914238134888,26.0,29.0,75.0,33.0,29.0,117.0,691.0,331.0,24.868519909842224,14.425244177310294,51,607.5261772308719,38.317054845980465,154.85961380394772,393.10517350232885,46,Retail trade,30,22.53944402704733,58.8235294117647,Venustiano Carranza,017
2393,0901700011149,0.090757,1182,13023.788798660158,71.26969416126043,25.0,33.0,45.0,24.0,34.0,109.0,588.0,324.0,27.411167512690355,13.62098138747885,102,1123.880251661029,86.29441624365482,639.0691627092125,440.73735359256034,46,Retail trade,32,27.072758037225043,31.372549019607842,Venustiano Carranza,017
2394,0901700011153,0.095664,885,9251.128951329654,73.80352644836272,22.0,22.0,47.0,27.0,11.0,76.0,561.0,119.0,13.446327683615818,14.576271186440678,133,1390.2826559625355,150.28248587570621,773.5407258738919,543.5691587221944,46,Retail trade,37,41.80790960451977,27.81954887218045,Venustiano Carranza,017
2395,0901700011168,0.214556,2078,9685.11717220679,64.29341963322545,27.0,53.0,144.0,70.0,59.0,203.0,1077.0,445.0,21.414821944177092,16.987487969201155,193,899.5320568988982,92.87776708373435,344.898301608904,424.1316952217603,46,Retail trade,87,41.86717998075072,45.07772020725388,Venustiano Carranza,017
2396,0901700011172,0.122433,2458,20076.286622070846,63.95985401459854,52.0,68.0,146.0,89.0,87.0,227.0,1253.0,536.0,21.80634662327095,17.982099267697315,97,792.2700579092239,39.462978030919444,261.36744178448623,449.22529056708566,46,Retail trade,58,23.596419853539462,59.79381443298969,Venustiano Carranza,017
2397,0901700011187,0.151981,2452,16133.595646824275,67.4547983310153,60.0,87.0,148.0,60.0,94.0,240.0,1231.0,532.0,21.696574225122347,18.3115823817292,80,526.3815871720807,32.62642740619902,230.29194438778532,236.8717142274363,46,Retail trade,64,26.10114192495922,80.0,Venustiano Carranza,017
2398,0901700011191,0.1371,2663,19423.778264040848,63.07692307692308,73.0,78.0,172.0,97.0,87.0,283.0,1318.0,555.0,20.84115659031168,19.038678182500938,86,627.2793581327498,32.29440480660909,196.93654266958424,350.109409190372,46,Retail trade,67,25.15959444235824,77.90697674418605,Venustiano Carranza,017
2399,0901700011204,0.173718,3016,17361.47088960269,64.72809667673717,71.0,103.0,194.0,98.0,117.0,326.0,1540.0,567.0,18.79973474801061,19.33023872679045,179,1030.4055998802658,59.350132625994696,322.3615284541613,523.8374837380122,46,Retail trade,58,19.23076923076923,32.40223463687151,Venustiano Carranza,017
2400,0901700011219,0.126301,2419,19152.659123839083,64.52067669172932,59.0,93.0,139.0,81.0,76.0,252.0,1217.0,502.0,20.752377015295576,18.520049607275734,166,1314.320551697928,68.62339809838777,443.3852463559275,712.5834316434549,46,Retail trade,84,34.725093013642,50.602409638554214,Venustiano Carranza,017
2401,0901700011223,0.206281,3613,17514.94320853593,64.37836127807655,98.0,122.0,232.0,112.0,130.0,379.0,1823.0,717.0,19.84500415167451,19.20841406033767,446,2162.099272351792,123.44312205923056,1274.9598848173123,736.8589448373821,46,Retail trade,91,25.186825352892335,20.40358744394619,Venustiano Carranza,017
2402,0901700011238,0.219818,3484,15849.475475165818,66.2003903708523,90.0,112.0,205.0,132.0,144.0,332.0,1792.0,677.0,19.431687715269806,19.60390355912744,141,641.4397365092941,40.4707233065442,191.06715555595994,350.2897851859265,46,Retail trade,83,23.823191733639494,58.86524822695036,Venustiano Carranza,017
2403,0901700011242,0.208883,4012,19206.92445052972,65.17370083261557,118.0,143.0,267.0,151.0,142.0,400.0,2030.0,761.0,18.968095712861416,20.463609172482553,177,847.3643139939584,44.11764705882353,315.96635437062855,426.075841499787,46,Retail trade,130,32.40279162512463,73.44632768361582,Venustiano Carranza,017
2404,0901700011257,0.398896,2583,6475.372026793952,65.89316987740806,63.0,86.0,150.0,73.0,102.0,219.0,1352.0,538.0,20.828493999225707,18.35075493612079,172,431.1900846335887,66.58923732094463,233.14347599374273,165.45666038265614,46,Retail trade,44,17.034456058846303,25.58139534883721,Venustiano Carranza,017
2405,0901700011261,0.179736,3703,20602.43913295055,65.86046511627907,83.0,115.0,274.0,120.0,130.0,349.0,1956.0,676.0,18.255468539022413,19.497704563867135,107,595.3175768905506,28.895490143127194,205.85747985934927,267.0583522499666,46,Retail trade,88,23.764515257899,82.24299065420561,Venustiano Carranza,017
2406,0901700011276,0.174358,2438,13982.725197581985,61.524076671341746,64.0,65.0,170.0,92.0,83.0,264.0,1208.0,492.0,20.180475799835932,19.442165709598033,336,1927.0695924477225,137.81788351107465,1072.5059934158455,671.0331616559034,46,Retail trade,94,38.55619360131255,27.976190476190474,Venustiano Carranza,017
2407,0901700011280,0.200876,3707,18454.170732192993,65.52369077306733,115.0,136.0,240.0,148.0,156.0,397.0,1882.0,633.0,17.07580253574319,21.445913137307794,294,1463.5894780859835,79.30941462098733,781.5766940799299,602.3616559469524,46,Retail trade,121,32.640949554896146,41.156462585034014,Venustiano Carranza,017
2408,0901700011295,0.215928,4277,19807.528435404394,68.33060556464812,134.0,146.0,323.0,121.0,151.0,442.0,2250.0,710.0,16.600420855740005,20.458265139116204,172,796.5618169019302,40.21510404489128,314.9197880775073,384.3873883887222,46,Retail trade,130,30.3951367781155,75.5813953488372,Venustiano Carranza,017
2409,0901700011308,0.179398,2791,15557.587041104138,62.58698321735571,69.0,85.0,194.0,91.0,104.0,299.0,1426.0,523.0,18.738803296309566,19.45539233249731,140,780.387741223425,50.16123253314224,340.0260872473495,362.322879853733,46,Retail trade,79,28.30526692941598,56.42857142857143,Venustiano Carranza,017
2410,0901700011312,0.15211,10188,66977.84498060614,69.45674982513407,297.0,403.0,908.0,469.0,454.0,1035.0,5439.0,1183.0,11.611700039261876,24.84295249312917,81,532.5093682203668,7.950530035335689,276.1159687068569,210.37407139570047,46,Retail trade,95,9.324695720455438,117.28395061728395,Venustiano Carranza,017
2411,0901700011327,0.163788,2763,16869.36771924683,66.88232915487262,58.0,75.0,157.0,89.0,106.0,248.0,1407.0,623.0,22.547955121245025,17.553384002895402,135,824.2362077807898,48.85993485342019,244.21813563875253,464.01445771362984,46,Retail trade,110,39.811798769453496,81.48148148148148,Venustiano Carranza,017
2412,0901700011331,0.179001,3109,17368.618052413116,61.452714850773106,64.0,78.0,184.0,109.0,113.0,271.0,1546.0,744.0,23.9305242843358,17.62624638147314,116,648.0410723962436,37.31103248633001,201.11619488159283,357.5399020117206,46,Retail trade,74,23.801865551624317,63.793103448275865,Venustiano Carranza,017
2413,0901700011346,0.088968,1274,14319.755417678267,64.8323301805675,20.0,31.0,59.0,43.0,46.0,137.0,644.0,294.0,23.076923076923077,15.620094191522764,26,292.2399064832299,20.408163265306122,78.67997482240806,179.8399424512184,46,Retail trade,33,25.90266875981162,126.92307692307692,Venustiano Carranza,017
2414,0901700011350,0.071529,1222,17083.979924226536,61.82310469314079,18.0,34.0,62.0,31.0,38.0,90.0,632.0,317.0,25.941080196399344,14.97545008183306,61,852.8009618476423,49.91816693944354,237.6658418263921,559.2137454738637,46,Retail trade,18,14.729950900163667,29.508196721311474,Venustiano Carranza,017
2415,0901700011365,0.097606,1058,10839.497571870583,57.9324462640737,15.0,25.0,41.0,19.0,38.0,79.0,549.0,292.0,27.599243856332702,13.043478260869565,47,481.5277749318689,44.4234404536862,133.18853349179355,317.60342601889226,46,Retail trade,36,34.02646502835539,76.59574468085107,Venustiano Carranza,017
2416,090170001137A,0.129474,1940,14983.703291780588,57.24217844727694,43.0,52.0,119.0,57.0,62.0,172.0,953.0,482.0,24.84536082474227,17.164948453608247,81,625.6082302238287,41.75257731958763,208.53607674127625,378.45436149342726,46,Retail trade,29,14.948453608247423,35.80246913580247,Venustiano Carranza,017
2417,0901700011384,0.094584,1299,13733.8239025628,63.9386189258312,18.0,36.0,72.0,27.0,32.0,123.0,658.0,333.0,25.635103926097,14.24172440338722,32,338.3236065296456,24.634334103156274,63.43567622430855,232.59747948913136,81,Other services (except government),33,25.40415704387991,103.125,Venustiano Carranza,017
2418,0901700011399,0.223636,4440,19853.690819009462,73.01001581444386,131.0,182.0,333.0,164.0,147.0,391.0,2569.0,523.0,11.77927927927928,21.554054054054053,1381,6175.213293029745,311.036036036036,5008.138224615,1037.400060813107,46,Retail trade,124,27.92792792792793,8.97900072411296,Venustiano Carranza,017
2419,0901700011401,0.207561,4497,21665.91989824678,71.48803329864724,128.0,191.0,334.0,172.0,208.0,513.0,2246.0,705.0,15.677118078719147,22.970869468534577,333,1604.3476375619698,74.04936624416277,770.8577237534989,640.775482870096,46,Retail trade,131,29.13053146542139,39.33933933933934,Venustiano Carranza,017
2420,0901700011416,0.400324,6791,16963.759354922513,64.27831491712708,214.0,269.0,516.0,277.0,291.0,772.0,3388.0,1064.0,15.6677956118392,23.074657635105286,382,954.2270760683846,56.25092033573848,544.558907285099,287.2673134760844,46,Retail trade,191,28.12546016786924,50.0,Venustiano Carranza,017
2421,0901700011420,0.077787,547,7032.0233458032835,59.1578947368421,11.0,25.0,36.0,22.0,23.0,63.0,260.0,107.0,19.561243144424132,21.389396709323584,54,694.2034015966678,98.72029250457038,167.12304112512373,372.8129378945068,46,Retail trade,25,45.703839122486286,46.2962962962963,Venustiano Carranza,017
2422,0901700011435,0.370332,0,0.0,,0.0,0.0,0.0,0.0,0.0,0.0,0.0,0.0,,,21,56.705874728621886,,8.100839246945984,40.50419623472992,72,Accommodation and food services,92,,438.0952380952381,Venustiano Carranza,017
2423,090170001144A,0.159052,5519,34699.34361089455,64.42775974025975,120.0,154.0,317.0,172.0,228.0,644.0,2895.0,989.0,17.919913027722412,17.956151476716798,68,427.53313381787086,12.321072658090234,188.617559037296,220.0538188768453,46,Retail trade,83,15.038956332668961,122.05882352941177,Venustiano Carranza,017
2424,0901700011454,0.074916,1543,20596.40130279246,57.77295733911786,37.0,38.0,85.0,35.0,48.0,131.0,783.0,386.0,25.016202203499677,15.748541801685029,49,654.0658871269155,31.756318859364875,213.57253457205402,373.7519355010946,46,Retail trade,25,16.202203499675957,51.02040816326531,Venustiano Carranza,017
2425,0901700011469,0.022978,1356,59012.96892679955,66.20879120879121,57.0,61.0,146.0,75.0,63.0,143.0,664.0,147.0,10.84070796460177,29.646017699115045,14,609.278440247193,10.32448377581121,391.6789973017669,217.59944294542606,46,Retail trade,7,5.162241887905605,50.0,Venustiano Carranza,017
2426,0901700011473,0.019325,1181,61112.54851228978,66.11570247933884,48.0,50.0,115.0,71.0,58.0,138.0,592.0,109.0,9.229466553767994,28.958509737510585,8,413.97153945666236,6.7739204064352245,310.47865459249675,0.0,46,Retail trade,4,3.3869602032176123,50.0,Venustiano Carranza,017
2427,0901700011488,0.023108,1079,46693.78570192141,70.09237875288683,46.0,61.0,106.0,55.0,52.0,107.0,537.0,115.0,10.658016682113068,29.657089898053755,11,476.02561883330446,10.194624652455978,259.6503375454388,173.10022503029253,46,Retail trade,8,7.414272474513439,72.72727272727273,Venustiano Carranza,017
2428,0901700011492,0.025787,900,34901.306860045755,63.812154696132595,36.0,48.0,92.0,40.0,47.0,95.0,448.0,94.0,10.444444444444445,29.22222222222222,16,620.4676775119246,17.77777777777778,271.454608911467,271.454608911467,46,Retail trade,8,8.88888888888889,50.0,Venustiano Carranza,017
2429,0901700011505,0.078851,2513,31870.236268404966,63.50093109869646,83.0,99.0,183.0,89.0,87.0,291.0,1382.0,299.0,11.898129725427776,21.528054118583366,7,88.77503138831467,2.785515320334262,63.41073670593905,25.36429468237562,46,Retail trade,1,0.3979307600477517,14.285714285714286,Venustiano Carranza,017
2430,090170001151A,0.087889,2248,25577.717348018523,63.918067226890756,82.0,76.0,186.0,90.0,99.0,242.0,1162.0,311.0,13.834519572953736,23.709964412811388,11,125.1578695854999,4.893238434163701,102.40189329722719,11.377988144136355,46,Retail trade,12,5.338078291814947,109.0909090909091,Venustiano Carranza,017
2431,0901700011524,0.223051,4295,19255.685919363732,63.567771490164375,117.0,158.0,309.0,198.0,195.0,468.0,2144.0,706.0,16.437718277066356,22.747380675203726,254,1138.7530206096365,59.13853317811409,497.6440365656285,511.09387539172656,46,Retail trade,113,26.30966239813737,44.488188976377955,Venustiano Carranza,017
