cvegeo,nom_mun,crime_cluster,crime_local_I,crime_p_sim,biz_cluster,bv_cluster
0900200010010,Azcapotzalco,Not significant,0.2057714561124163,0.071,Not significant,Not significant
0900200010025,Azcapotzalco,Not significant,-0.06751465481224633,0.751,Not significant,Not significant
090020001003A,Azcapotzalco,Not significant,0.4331401095235373,0.479,Not significant,Not significant
0900200010044,Azcapotzalco,Not significant,-0.1469542281391908,0.659,Not significant,Not significant
0900200010097,Azcapotzalco,Not significant,-0.002397938408251281,0.979,High-Low,Not significant
090020001010A,Azcapotzalco,Not significant,-0.22802946177437353,0.193,Not significant,Not significant
0900200010114,Azcapotzalco,Not significant,-0.021256708670275,0.217,Not significant,Not significant
0900200010129,Azcapotzalco,Not significant,0.0025290237476999,0.661,Not significant,Not significant
0900200010133,Azcapotzalco,Not significant,0.17248824219958866,0.631,Not significant,Not significant
0900200010148,Azcapotzalco,Not significant,-0.003219572708914545,0.945,Not significant,Not significant
0900200010167,Azcapotzalco,Not significant,0.14824670543452573,0.397,Not significant,Not significant
0900200010171,Azcapotzalco,Not significant,0.060939723554803475,0.483,Not significant,Not significant
0900200010186,Azcapotzalco,Not significant,-0.38977980030693243,0.257,Not significant,Not significant
0900200010190,Azcapotzalco,Not significant,-0.03860529504656349,0.719,Not significant,Not significant
0900200010203,Azcapotzalco,Not significant,0.14457028538958608,0.441,Not significant,Not significant
0900200010218,Azcapotzalco,Not significant,0.008136999108561235,0.829,Not significant,Not significant
0900200010222,Azcapotzalco,Not significant,-0.07851764024741141,0.627,Not significant,Not significant
0900200010237,Azcapotzalco,Not significant,0.0529794708979249,0.511,Not significant,Not significant
0900200010256,Azcapotzalco,Not significant,-0.008293048720181696,0.931,Not significant,Not significant
0900200010260,Azcapotzalco,Not significant,0.07295541171635232,0.385,Not significant,Not significant
0900200010275,Azcapotzalco,Not significant,-0.009676453083449105,0.727,Not significant,Not significant
090020001028A,Azcapotzalco,Not significant,-0.022153562712432556,0.857,Not significant,Not significant
0900200010294,Azcapotzalco,Not significant,-0.0061501861510841575,0.599,Not significant,Not significant
0900200010307,Azcapotzalco,Not significant,-0.1265142915348746,0.387,Not significant,Not significant
0900200010311,Azcapotzalco,Not significant,0.21396969002938018,0.643,Not significant,Not significant
0900200010326,Azcapotzalco,Not significant,-0.2159234175772386,0.309,Not significant,Not significant
0900200010330,Azcapotzalco,Not significant,-0.09910432075744406,0.777,Not significant,Not significant
0900200010345,Azcapotzalco,Not significant,-0.035551102942648675,0.539,Not significant,Not significant
090020001035A,Azcapotzalco,Not significant,0.08792684087900192,0.567,Low-Low,Not significant
0900200010364,Azcapotzalco,Not significant,-0.11147852717986076,0.223,Not significant,Not significant
0900200010379,Azcapotzalco,Not significant,-0.07579590354614058,0.731,Not significant,Not significant
0900200010383,Azcapotzalco,Not significant,0.0006848930125635349,0.983,Not significant,Not significant
0900200010398,Azcapotzalco,Not significant,0.06601741501769089,0.583,Not significant,Not significant
0900200010400,Azcapotzalco,Not significant,0.04808048091350368,0.697,Not significant,Not significant
0900200010415,Azcapotzalco,Not significant,0.01693555110482158,0.761,High-High,Not significant
0900200010434,Azcapotzalco,Not significant,-0.08907509063100899,0.717,Not significant,Not significant
0900200010449,Azcapotzalco,Not significant,0.0027720366586936255,0.895,Not significant,Not significant
0900200010468,Azcapotzalco,Not significant,0.29565291484116113,0.549,Not significant,Not significant
0900200010472,Azcapotzalco,Not significant,0.3067885912710876,0.135,Not significant,Not significant
0900200010487,Azcapotzalco,Not significant,0.15710690545719616,0.543,Not significant,Not significant
0900200010491,Azcapotzalco,Not significant,-0.10763490421778849,0.237,Not significant,Not significant
0900200010504,Azcapotzalco,Not significant,0.10322696415171195,0.155,Not significant,Not significant
0900200010519,Azcapotzalco,Not significant,-0.02519879464839968,0.963,High-Low,Not significant
0900200010542,Azcapotzalco,Not significant,0.011821167284971035,0.915,Not significant,Not significant
0900200010557,Azcapotzalco,Not significant,-0.006791629304289377,0.941,Not significant,Not significant
0900200010561,Azcapotzalco,Not significant,-0.0007254580146554459,0.791,Not significant,Not significant
0900200010576,Azcapotzalco,Not significant,0.02964775492353157,0.399,Not significant,Not significant
0900200010580,Azcapotzalco,Not significant,0.2457346141091804,0.321,Not significant,Not significant
0900200010595,Azcapotzalco,Not significant,-0.057545533897792565,0.363,Not significant,Not significant
0900200010608,Azcapotzalco,Not significant,0.0827821414221311,0.723,Not significant,Not significant
0900200010612,Azcapotzalco,Not significant,0.07747004135111721,0.657,Not significant,Not significant
0900200010627,Azcapotzalco,Not significant,0.10190263414491295,0.393,Not significant,Not significant
0900200010631,Azcapotzalco,Not significant,-0.03885798635186504,0.541,Not significant,Not significant
0900200010650,Azcapotzalco,Not significant,0.023995296077418276,0.727,Not significant,Not significant
0900200010665,Azcapotzalco,Not significant,0.13172805726895484,0.449,Not significant,Not significant
090020001067A,Azcapotzalco,Not significant,0.09383106511560751,0.377,Not significant,Not significant
0900200010684,Azcapotzalco,Not significant,0.16021802597423088,0.323,Not significant,Not significant
0900200010699,Azcapotzalco,Not significant,0.5119601998993233,0.161,Not significant,Not significant
0900200010701,Azcapotzalco,Not significant,0.39946240095008323,0.159,Not significant,Not significant
0900200010716,Azcapotzalco,Not significant,0.44152924373399577,0.189,Not significant,Not significant
0900200010720,Azcapotzalco,Not significant,0.44160613250559266,0.101,Not significant,Not significant
090020001074A,Azcapotzalco,Not significant,0.3831029534003043,0.601,Not significant,Not significant
0900200010754,Azcapotzalco,Not significant,-0.26494360892542895,0.365,Not significant,Not significant
0900200010769,Azcapotzalco,Not significant,0.020894508374430677,0.689,Not significant,Not significant
0900200010773,Azcapotzalco,Not significant,-0.29817757996269106,0.167,Not significant,Not significant
0900200010788,Azcapotzalco,Not significant,0.8021557458105689,0.203,High-High,Not significant
0900200010792,Azcapotzalco,Not significant,-0.07218630543780968,0.097,Not significant,Not significant
0900200010805,Azcapotzalco,Not significant,0.2980500484029232,0.541,Not significant,Not significant
090020001081A,Azcapotzalco,Not significant,0.13478543445037885,0.145,Not significant,Not significant
0900200010824,Azcapotzalco,Not significant,0.19567036080119635,0.153,Not significant,Not significant
0900200010839,Azcapotzalco,Not significant,-0.000767035172866597,0.857,Not significant,Not significant
0900200010843,Azcapotzalco,Not significant,0.01132144595578087,0.815,Not significant,Not significant
0900200010858,Azcapotzalco,Not significant,-0.0223834880199883,0.661,Not significant,Not significant
0900200010877,Azcapotzalco,Not significant,3.2565317546123396,0.061,Not significant,Not significant
0900200010881,Azcapotzalco,Not significant,0.4636001132051356,0.183,Not significant,Not significant
0900200010896,Azcapotzalco,Not significant,-0.5695514567618887,0.617,Low-Low,Not significant
0900200010909,Azcapotzalco,Not significant,0.12743788400663023,0.723,Low-Low,Not significant
0900200010913,Azcapotzalco,Not significant,0.7550165830569778,0.149,Not significant,Not significant
0900200010928,Azcapotzalco,High-Low,-1.668369281746088,0.021,Not significant,Low-Low
0900200010947,Azcapotzalco,Not significant,-0.05524365940140514,0.917,Not significant,Not significant
0900200010966,Azcapotzalco,Not significant,-0.09176695840670876,0.679,Low-Low,Not significant
0900200010970,Azcapotzalco,Not significant,0.15955405989512142,0.337,Not significant,Not significant
0900200010985,Azcapotzalco,Not significant,0.018489116980324835,0.927,Not significant,Not significant
090020001099A,Azcapotzalco,Not significant,0.07817142179327423,0.685,Not significant,Not significant
0900200011004,Azcapotzalco,Not significant,0.10320201344692852,0.479,Not significant,Not significant
0900200011019,Azcapotzalco,Not significant,-0.13966828015478291,0.551,Not significant,Not significant
0900200011023,Azcapotzalco,Not significant,0.05988879676801809,0.333,Not significant,Not significant
0900200011038,Azcapotzalco,Not significant,0.11082399855442739,0.627,Not significant,Not significant
0900200011042,Azcapotzalco,Not significant,0.009169392643382002,0.961,Not significant,Not significant
0900200011057,Azcapotzalco,Not significant,0.0018715408646725108,0.933,Not significant,Not significant
0900200011061,Azcapotzalco,Not significant,-0.006427304386998113,0.941,Not significant,Not significant
0900200011080,Azcapotzalco,Not significant,0.10896297783156618,0.705,Not significant,Not significant
0900200011095,Azcapotzalco,Not significant,-0.06936382715469606,0.727,Not significant,Not significant
0900200011112,Azcapotzalco,Not significant,0.88054705149101,0.401,Not significant,Not significant
0900200011127,Azcapotzalco,Not significant,0.2527311310576829,0.889,Not significant,Not significant
0900200011131,Azcapotzalco,Not significant,-0.23409492526449524,0.549,Not significant,Not significant
0900200011146,Azcapotzalco,Not significant,0.21852079824596748,0.385,Not significant,Not significant
0900200011150,Azcapotzalco,Low-High,-1.9263218414073022,0.015,Not significant,Low-High
090020001117A,Azcapotzalco,Not significant,0.03936553446364571,0.901,Not significant,Not significant
0900200011184,Azcapotzalco,Not significant,0.10644497485323964,0.153,Not significant,Not significant
0900300010018,Coyoacán,High-High,3.408281080112875,0.003,Not significant,Low-High
0900300010022,Coyoacán,High-High,4.626503732345939,0.003,Not significant,High-High
0900300010037,Coyoacán,High-High,4.982216065058855,0.003,Not significant,High-High
0900300010041,Coyoacán,High-High,1.228020820608628,0.007,Not significant,Low-High
0900300010056,Coyoacán,High-High,1.6743057545878481,0.017,Not significant,Low-High
0900300010060,Coyoacán,High-High,0.8859604094660559,0.009,Not significant,High-High
0900300010075,Coyoacán,High-High,0.9290611643425604,0.037,Not significant,Low-High
090030001008A,Coyoacán,Not significant,0.1165999670750283,0.541,Not significant,Not significant
0900300010094,Coyoacán,Not significant,-0.0006811497492799478,0.933,Not significant,Not significant
0900300010107,Coyoacán,Not significant,-0.004548771872336279,0.877,Not significant,Not significant
0900300010111,Coyoacán,High-High,3.967598623433615,0.003,Not significant,Low-High
0900300010126,Coyoacán,High-High,3.013914360247424,0.003,Not significant,Low-High
0900300010130,Coyoacán,High-High,4.031634085906251,0.003,Not significant,High-High
0900300010145,Coyoacán,High-High,2.7234252891928628,0.003,Not significant,High-High
090030001015A,Coyoacán,High-High,1.1920346992325297,0.003,Not significant,Low-High
0900300010164,Coyoacán,High-High,2.052264193543942,0.009,Not significant,High-High
0900300010179,Coyoacán,Not significant,0.37145957793642,0.129,Not significant,Not significant
0900300010183,Coyoacán,Not significant,0.3232373307521648,0.113,Not significant,Not significant
0900300010198,Coyoacán,Not significant,-0.10462237572240893,0.491,Not significant,Not significant
0900300010200,Coyoacán,Not significant,0.0830258707956007,0.459,Low-Low,Not significant
0900300010215,Coyoacán,Not significant,0.11163608323414594,0.683,Not significant,Not significant
090030001022A,Coyoacán,Not significant,0.06086277405074553,0.831,Not significant,Not significant
0900300010234,Coyoacán,High-High,4.011490060000992,0.013,Not significant,High-High
0900300010249,Coyoacán,High-High,4.2461010717305,0.009,Not significant,High-High
0900300010268,Coyoacán,High-High,2.356857984206256,0.015,Not significant,High-High
0900300010272,Coyoacán,Not significant,0.29279523724154227,0.073,Not significant,Not significant
0900300010287,Coyoacán,High-High,0.6244852630200519,0.009,Not significant,Low-High
0900300010291,Coyoacán,High-High,1.1782755965751304,0.013,Not significant,Low-High
0900300010304,Coyoacán,High-High,1.6815237702890318,0.017,Not significant,High-High
0900300010319,Coyoacán,High-High,2.425415307923964,0.041,Not significant,High-High
0900300010323,Coyoacán,High-High,0.4322774862229163,0.025,Not significant,Low-High
0900300010342,Coyoacán,Not significant,-0.013240343757675311,0.815,Not significant,Not significant
0900300010357,Coyoacán,Not significant,0.008961912779814136,0.591,Not significant,Not significant
0900300010361,Coyoacán,Low-High,-0.39074571133866004,0.011,Not significant,Low-High
0900300010376,Coyoacán,Not significant,-4.056651624451649,0.059,Not significant,Not significant
0900300010380,Coyoacán,High-High,0.44834336745595504,0.039,Not significant,Low-High
0900300010395,Coyoacán,Low-High,-0.29494234156660143,0.047,Not significant,Low-High
0900300010408,Coyoacán,Not significant,-0.19046054160458395,0.341,Not significant,Not significant
0900300010412,Coyoacán,Not significant,-0.792460005180689,0.275,Not significant,Not significant
0900300010427,Coyoacán,Not significant,0.02854160051137399,0.555,Not significant,Not significant
0900300010431,Coyoacán,Not significant,-0.032703275986092475,0.321,Not significant,Not significant
0900300010446,Coyoacán,Not significant,0.03029412230575645,0.589,Not significant,Not significant
0900300010450,Coyoacán,High-High,0.4636883088459189,0.027,Not significant,High-High
0900300010465,Coyoacán,Not significant,1.0654929676077838,0.063,Not significant,Not significant
0900300010484,Coyoacán,Not significant,0.15830733506838324,0.121,Not significant,Not significant
0900300010499,Coyoacán,Not significant,0.0977443083698855,0.575,Not significant,Not significant
0900300010501,Coyoacán,Not significant,-0.24951985598217488,0.135,Not significant,Not significant
0900300010516,Coyoacán,Not significant,-0.262053439757592,0.671,Not significant,Not significant
0900300010520,Coyoacán,Not significant,0.19300077730267526,0.381,Not significant,Not significant
0900300010535,Coyoacán,Not significant,-0.10191270489589341,0.355,Not significant,Not significant
090030001054A,Coyoacán,Not significant,-0.9951966877977856,0.363,Not significant,Not significant
0900300010554,Coyoacán,Not significant,-0.057998300893594,0.501,Not significant,Not significant
0900300010573,Coyoacán,Not significant,-0.10203324388923975,0.227,Not significant,Not significant
0900300010588,Coyoacán,Not significant,0.009299211066782491,0.963,Not significant,Not significant
0900300010605,Coyoacán,Not significant,-0.04694672493001729,0.561,Not significant,Not significant
090030001061A,Coyoacán,Not significant,-0.0002943945109422645,0.971,Not significant,Not significant
0900300010624,Coyoacán,Not significant,0.006592108342365032,0.817,High-High,Not significant
0900300010639,Coyoacán,Not significant,0.026376408725410302,0.905,Not significant,Not significant
0900300010643,Coyoacán,Not significant,0.0047475066642337915,0.679,Not significant,Not significant
0900300010658,Coyoacán,Not significant,-0.0044017432374252406,0.709,Not significant,Not significant
0900300010662,Coyoacán,Not significant,-0.0016842519608463763,0.693,Not significant,Not significant
0900300010677,Coyoacán,Not significant,-0.026363996928266357,0.313,Not significant,Not significant
0900300010681,Coyoacán,Not significant,-0.01671409362521625,0.247,Not significant,Not significant
0900300010696,Coyoacán,Not significant,0.9117596005959402,0.055,Not significant,Not significant
0900300010709,Coyoacán,Not significant,0.2772361659695286,0.121,Not significant,Not significant
0900300010713,Coyoacán,Not significant,0.031064049477494946,0.159,Not significant,Not significant
0900300010728,Coyoacán,Not significant,0.3664055343641424,0.123,Not significant,Not significant
0900300010785,Coyoacán,Not significant,-0.052170613618133445,0.735,Not significant,Not significant
090030001079A,Coyoacán,Not significant,-0.012611710795754053,0.889,Not significant,Not significant
0900300010802,Coyoacán,Not significant,0.009182158558620021,0.927,Not significant,Not significant
0900300010817,Coyoacán,Not significant,-0.01352090794869798,0.897,High-High,Not significant
0900300010821,Coyoacán,Not significant,0.03808862304810284,0.909,Not significant,Not significant
0900300010836,Coyoacán,Not significant,0.023742497338812396,0.579,Not significant,Not significant
0900300010840,Coyoacán,Not significant,0.08010991742187831,0.609,Not significant,Not significant
0900300010855,Coyoacán,Not significant,-0.013927089205552298,0.775,Not significant,Not significant
090030001086A,Coyoacán,Not significant,0.7028623912067334,0.153,Not significant,Not significant
0900300010889,Coyoacán,Not significant,-0.00020033479779490814,0.583,Not significant,Not significant
0900300010893,Coyoacán,Not significant,0.2850974929129124,0.285,Not significant,Not significant
0900300010906,Coyoacán,Not significant,0.11238208502731221,0.737,Not significant,Not significant
090030001093A,Coyoacán,Not significant,0.02319474998817438,0.663,Not significant,Not significant
0900300010959,Coyoacán,Not significant,0.05403433515530713,0.667,Not significant,Not significant
0900300010963,Coyoacán,Not significant,-0.3388927852560961,0.395,Not significant,Not significant
0900300010978,Coyoacán,Not significant,0.04057670060814614,0.677,Not significant,Not significant
0900300010982,Coyoacán,Not significant,0.11506450820651537,0.503,Not significant,Not significant
0900300010997,Coyoacán,Not significant,-0.07613493699644847,0.581,Not significant,Not significant
0900300011001,Coyoacán,Not significant,0.03807103170100945,0.699,Not significant,Not significant
0900300011016,Coyoacán,Not significant,-0.040090951716021526,0.789,Not significant,Not significant
0900300011020,Coyoacán,Not significant,0.2157830620192024,0.387,Not significant,Not significant
0900300011069,Coyoacán,Not significant,-0.04395575746992331,0.749,Not significant,Not significant
0900300011073,Coyoacán,Not significant,-0.08690011712862822,0.581,Not significant,Not significant
0900300011092,Coyoacán,Not significant,0.1063114212288391,0.145,Not significant,Not significant
0900300011105,Coyoacán,Not significant,2.348157754120369,0.131,Low-Low,Not significant
0900300011124,Coyoacán,Not significant,0.596380962405465,0.157,Not significant,Not significant
0900300011139,Coyoacán,Not significant,1.0297018594741085,0.163,Not significant,Not significant
0900300011143,Coyoacán,Not significant,-0.09221973362741302,0.183,Not significant,Not significant
0900300011158,Coyoacán,Not significant,-0.023529048486247373,0.837,Not significant,Not significant
0900300011162,Coyoacán,Not significant,0.002041016249880138,0.717,Not significant,Not significant
0900300011181,Coyoacán,Not significant,-0.053357459639511044,0.653,Not significant,Not significant
0900300011213,Coyoacán,Not significant,-0.011888442309186372,0.767,Not significant,Not significant
0900300011228,Coyoacán,Not significant,-0.27174816939564284,0.425,Not significant,Not significant
0900300011232,Coyoacán,Not significant,0.042331751470876686,0.671,Not significant,Not significant
0900300011247,Coyoacán,Not significant,0.02800668602737054,0.691,Not significant,Not significant
0900300011251,Coyoacán,Not significant,0.07389806102907553,0.775,Not significant,Not significant
0900300011266,Coyoacán,Not significant,-0.0069631107668403636,0.803,Not significant,Not significant
0900300011270,Coyoacán,Not significant,0.10235841064597892,0.429,Not significant,Not significant
0900300011285,Coyoacán,Not significant,0.027000285004516237,0.733,Not significant,Not significant
090030001129A,Coyoacán,Not significant,0.03074965146109519,0.901,Not significant,Not significant
0900300011302,Coyoacán,Not significant,0.0037376611549096643,0.985,Not significant,Not significant
0900300011317,Coyoacán,Not significant,-0.005730318348625085,0.797,Not significant,Not significant
0900300011321,Coyoacán,Not significant,0.00820824052572714,0.965,Not significant,Not significant
0900300011336,Coyoacán,Not significant,-0.0022625559333064376,0.685,Not significant,Not significant
0900300011340,Coyoacán,Not significant,-0.09971818831267071,0.331,Not significant,Not significant
0900300011355,Coyoacán,Not significant,0.14459512441526517,0.145,Not significant,Not significant
090030001136A,Coyoacán,Not significant,-0.02887899762470468,0.527,Not significant,Not significant
0900300011374,Coyoacán,Not significant,-0.013087248856141665,0.807,Not significant,Not significant
0900300011389,Coyoacán,Not significant,-0.004398032816370149,0.943,Not significant,Not significant
0900300011393,Coyoacán,Not significant,-9.593964792955753e-05,0.939,Not significant,Not significant
0900300011406,Coyoacán,Not significant,-0.020318817941499576,0.867,Not significant,Not significant
0900300011410,Coyoacán,Not significant,0.268900809590284,0.301,Not significant,Not significant
0900300011425,Coyoacán,Not significant,-0.1757168554479416,0.051,Not significant,Not significant
090030001143A,Coyoacán,Not significant,0.12202841569441154,0.227,Not significant,Not significant
0900300011444,Coyoacán,Not significant,0.4152970125382988,0.283,Not significant,Not significant
0900300011459,Coyoacán,Not significant,0.11985528183573808,0.517,Not significant,Not significant
0900300011463,Coyoacán,Not significant,0.2596863426366358,0.175,Not significant,Not significant
0900300011478,Coyoacán,Not significant,0.15713055731543904,0.271,Not significant,Not significant
0900300011482,Coyoacán,Not significant,0.3552106380177242,0.193,Not significant,Not significant
0900300011497,Coyoacán,Not significant,0.47722134913614656,0.195,Not significant,Not significant
090030001150A,Coyoacán,Not significant,0.3074436261854947,0.299,Not significant,Not significant
0900300011514,Coyoacán,Not significant,0.6091880988241017,0.187,Not significant,Not significant
0900300011529,Coyoacán,Not significant,0.4483806493580319,0.101,Low-Low,Not significant
0900300011548,Coyoacán,Not significant,0.573255188290157,0.057,Not significant,Not significant
0900300011552,Coyoacán,Not significant,1.8170261992990022,0.061,Low-Low,Not significant
0900300011567,Coyoacán,Not significant,0.7009356163566813,0.237,Not significant,Not significant
0900300011571,Coyoacán,Not significant,0.07174912173032655,0.793,Low-Low,Not significant
0900300011590,Coyoacán,Not significant,0.699968811189753,0.071,Not significant,Not significant
0900300011618,Coyoacán,Not significant,-0.005182174090988292,0.731,Not significant,Not significant
0900300011622,Coyoacán,Not significant,0.23936556970100448,0.695,Not significant,Not significant
0900300011637,Coyoacán,Not significant,-0.004361089451319149,0.979,Not significant,Not significant
0900300011641,Coyoacán,Not significant,-0.15358620151663857,0.677,Not significant,Not significant
0900300011656,Coyoacán,Not significant,-0.38208729413345116,0.097,Not significant,Not significant
0900300011660,Coyoacán,Not significant,0.11143668992315754,0.335,Not significant,Not significant
0900300011675,Coyoacán,Not significant,-0.21999666481385383,0.409,Not significant,Not significant
090030001168A,Coyoacán,Not significant,0.623352233063638,0.263,Not significant,Not significant
0900300011694,Coyoacán,Not significant,0.7141584672514164,0.121,Not significant,Not significant
0900300011707,Coyoacán,Not significant,0.12085709806234993,0.389,Not significant,Not significant
0900300011726,Coyoacán,Not significant,-0.050725515070317716,0.669,Not significant,Not significant
0900300011730,Coyoacán,Not significant,0.0028117957363472173,0.999,Not significant,Not significant
0900300011745,Coyoacán,Not significant,0.004135827135635873,0.985,Not significant,Not significant
090030001175A,Coyoacán,Not significant,-0.07398439718625575,0.725,Not significant,Not significant
0900300011764,Coyoacán,Not significant,0.047787631770274695,0.869,Not significant,Not significant
0900300011779,Coyoacán,Not significant,-0.15080716994677598,0.273,Not significant,Not significant
0900300011783,Coyoacán,Not significant,-0.06089443368077328,0.657,Not significant,Not significant
0900300011798,Coyoacán,Not significant,-0.11930706414766337,0.897,Not significant,Not significant
090040001002A,Cuajimalpa de Morelos,Not significant,0.07997456948457347,0.375,Not significant,Not significant
0900400010049,Cuajimalpa de Morelos,Not significant,-0.10133917986770435,0.451,Not significant,Not significant
0900400010053,Cuajimalpa de Morelos,Not significant,0.259767980424561,0.387,Not significant,Not significant
0900400010072,Cuajimalpa de Morelos,Not significant,0.11859925116177054,0.575,Not significant,Not significant
0900400010091,Cuajimalpa de Morelos,Not significant,-0.06915019326427017,0.715,Not significant,Not significant
0900400010104,Cuajimalpa de Morelos,Not significant,0.01780691010544887,0.695,Not significant,Not significant
0900400010119,Cuajimalpa de Morelos,Not significant,-0.0011326958007377445,0.985,Not significant,Not significant
0900400010123,Cuajimalpa de Morelos,Not significant,-0.024465086860780458,0.809,Not significant,Not significant
0900400010138,Cuajimalpa de Morelos,Not significant,0.47000514205204974,0.089,Low-Low,Not significant
0900400010176,Cuajimalpa de Morelos,Not significant,0.5005260275928541,0.161,Low-Low,Not significant
0900400010180,Cuajimalpa de Morelos,Not significant,0.5507166459937207,0.167,Low-Low,Not significant
0900400010195,Cuajimalpa de Morelos,Not significant,-0.006115965704969649,0.859,Low-Low,Not significant
0900400010208,Cuajimalpa de Morelos,Not significant,-0.0011576358069337917,0.995,Not significant,Not significant
0900400010212,Cuajimalpa de Morelos,Not significant,-0.292599511550785,0.601,Not significant,Not significant
0900400010227,Cuajimalpa de Morelos,Not significant,0.5502309375321622,0.125,Low-Low,Not significant
0900400010231,Cuajimalpa de Morelos,Not significant,0.03216117132854522,0.523,Not significant,Not significant
0900400010250,Cuajimalpa de Morelos,Not significant,0.3885542533686618,0.151,Low-Low,Not significant
090040001027A,Cuajimalpa de Morelos,Not significant,0.07223010038293635,0.231,Not significant,Not significant
0900400010299,Cuajimalpa de Morelos,Not significant,0.03679611067622208,0.737,Not significant,Not significant
0900400010301,Cuajimalpa de Morelos,Not significant,-0.01960743961275248,0.881,Not significant,Not significant
0900400010320,Cuajimalpa de Morelos,Not significant,0.0605422356480023,0.401,Not significant,Not significant
090040001034A,Cuajimalpa de Morelos,Not significant,0.22033795548188237,0.651,Not significant,Not significant
0900400010354,Cuajimalpa de Morelos,Not significant,-0.15484028386011428,0.417,Not significant,Not significant
0900400010369,Cuajimalpa de Morelos,Not significant,-0.07849804856982458,0.839,Low-Low,Not significant
0900400010373,Cuajimalpa de Morelos,Not significant,0.4559925791467318,0.283,Not significant,Not significant
0900400010392,Cuajimalpa de Morelos,Not significant,0.93450169922431,0.361,Not significant,Not significant
0900400010405,Cuajimalpa de Morelos,Not significant,0.20593685198607695,0.147,Not significant,Not significant
090040001041A,Cuajimalpa de Morelos,Not significant,0.08538234514939878,0.871,Not significant,Not significant
0900400200246,Cuajimalpa de Morelos,Not significant,0.02646666045507707,0.285,Low-Low,Not significant
0900400200316,Cuajimalpa de Morelos,Not significant,0.019480476837959115,0.977,Not significant,Not significant
0900400200388,Cuajimalpa de Morelos,Not significant,0.03345284407219503,0.977,Not significant,Not significant
0900500010012,Gustavo A. Madero,Low-Low,1.9303671032389011,0.003,Not significant,High-Low
0900500010027,Gustavo A. Madero,Low-Low,1.1609511121095029,0.021,Not significant,High-Low
0900500010050,Gustavo A. Madero,Not significant,0.18504782410122086,0.055,Not significant,Not significant
0900500010084,Gustavo A. Madero,Not significant,0.13447646535085944,0.067,Not significant,Not significant
0900500010099,Gustavo A. Madero,Low-Low,0.909315184095839,0.035,Not significant,High-Low
0900500010101,Gustavo A. Madero,Not significant,0.26847093967805646,0.081,Not significant,Not significant
0900500010135,Gustavo A. Madero,Low-Low,1.1770488370936432,0.031,Not significant,High-Low
090050001014A,Gustavo A. Madero,Low-Low,1.1941219963898193,0.035,Not significant,High-Low
0900500010154,Gustavo A. Madero,Not significant,0.3382540934787869,0.087,Not significant,Not significant
0900500010169,Gustavo A. Madero,Low-Low,0.6853345805055635,0.015,Not significant,High-Low
0900500010173,Gustavo A. Madero,Not significant,-0.1254735183540041,0.473,Not significant,Not significant
0900500010188,Gustavo A. Madero,Not significant,0.27871246709052744,0.187,Not significant,Not significant
0900500010192,Gustavo A. Madero,Low-Low,0.21607751236184894,0.043,Not significant,High-Low
0900500010205,Gustavo A. Madero,Low-Low,1.406019924698896,0.007,Not significant,High-Low
0900500010224,Gustavo A. Madero,Low-Low,0.5218112048363964,0.025,Not significant,High-Low
0900500010243,Gustavo A. Madero,Low-Low,1.5527949828923497,0.003,Not significant,High-Low
0900500010258,Gustavo A. Madero,Low-Low,0.7011682433863351,0.003,Not significant,High-Low
0900500010262,Gustavo A. Madero,Not significant,0.6055545139993993,0.079,Not significant,Not significant
0900500010277,Gustavo A. Madero,Not significant,-0.08253648199142852,0.677,Not significant,Not significant
0900500010281,Gustavo A. Madero,Not significant,0.22865728887499084,0.559,Not significant,Not significant
0900500010296,Gustavo A. Madero,Not significant,0.4220471218407277,0.215,Not significant,Not significant
0900500010309,Gustavo A. Madero,Not significant,-0.04026099453258661,0.119,Not significant,Not significant
0900500010313,Gustavo A. Madero,Not significant,0.19816639186136314,0.541,Not significant,Not significant
0900500010328,Gustavo A. Madero,Not significant,-0.05358367998887486,0.199,Not significant,Not significant
0900500010332,Gustavo A. Madero,Not significant,0.3938758841286236,0.181,Not significant,Not significant
0900500010351,Gustavo A. Madero,Not significant,1.100831491632141,0.117,Not significant,Not significant
0900500010366,Gustavo A. Madero,Not significant,0.041093712181858956,0.969,Not significant,Not significant
0900500010370,Gustavo A. Madero,Not significant,-0.013879215900514155,0.375,Not significant,Not significant
0900500010385,Gustavo A. Madero,Not significant,0.16562145520343416,0.509,Not significant,Not significant
090050001039A,Gustavo A. Madero,Low-Low,0.09689423756862875,0.033,Not significant,Low-Low
0900500010402,Gustavo A. Madero,Not significant,0.3563464043318929,0.145,Not significant,Not significant
0900500010417,Gustavo A. Madero,Not significant,0.1281382595609946,0.113,Not significant,Not significant
0900500010421,Gustavo A. Madero,Not significant,0.03229709545586539,0.585,Not significant,Not significant
0900500010436,Gustavo A. Madero,Not significant,-0.03237163014848589,0.505,Not significant,Not significant
0900500010440,Gustavo A. Madero,Not significant,-0.021264046039267324,0.797,Not significant,Not significant
0900500010455,Gustavo A. Madero,Not significant,0.01979980053516463,0.953,Not significant,Not significant
0900500010474,Gustavo A. Madero,Not significant,0.04495318544025765,0.835,Not significant,Not significant
0900500010489,Gustavo A. Madero,Not significant,-0.008096170531463697,0.873,Not significant,Not significant
0900500010493,Gustavo A. Madero,Not significant,0.02313822329023836,0.899,Not significant,Not significant
0900500010506,Gustavo A. Madero,Not significant,-0.21200293276956642,0.261,Not significant,Not significant
0900500010510,Gustavo A. Madero,Not significant,4.049049395837101e-05,0.949,Not significant,Not significant
0900500010525,Gustavo A. Madero,Not significant,-0.4225588586600972,0.583,Not significant,Not significant
0900500010559,Gustavo A. Madero,Not significant,-0.17886688041080587,0.125,Not significant,Not significant
0900500010563,Gustavo A. Madero,Not significant,0.18285242755422662,0.189,Not significant,Not significant
0900500010582,Gustavo A. Madero,Not significant,0.005205785256207756,0.699,Not significant,Not significant
0900500010597,Gustavo A. Madero,Not significant,0.34984674175312097,0.627,Not significant,Not significant
090050001060A,Gustavo A. Madero,Not significant,0.04635937818788106,0.551,Not significant,Not significant
0900500010614,Gustavo A. Madero,Not significant,0.0005198953485181401,0.993,Not significant,Not significant
0900500010629,Gustavo A. Madero,Not significant,0.010945328055939507,0.443,Not significant,Not significant
0900500010633,Gustavo A. Madero,Not significant,-0.052239990334150256,0.583,Not significant,Not significant
0900500010667,Gustavo A. Madero,Not significant,0.18346062915429487,0.407,High-Low,Not significant
0900500010671,Gustavo A. Madero,Not significant,0.1026599651856644,0.359,Not significant,Not significant
0900500010703,Gustavo A. Madero,Not significant,0.06455862829502845,0.845,Not significant,Not significant
0900500010722,Gustavo A. Madero,Not significant,0.16653798107169743,0.073,Not significant,Not significant
0900500010737,Gustavo A. Madero,Not significant,0.8207158949207572,0.061,Not significant,Not significant
0900500010741,Gustavo A. Madero,Not significant,0.49115497363083604,0.109,Not significant,Not significant
0900500010760,Gustavo A. Madero,Not significant,0.12248474755297686,0.163,Not significant,Not significant
0900500010775,Gustavo A. Madero,Not significant,-0.17575409646285112,0.675,Not significant,Not significant
090050001078A,Gustavo A. Madero,Not significant,-0.06673428406845561,0.437,Low-Low,Not significant
0900500010794,Gustavo A. Madero,Not significant,0.10183566582100655,0.803,Low-Low,Not significant
0900500010807,Gustavo A. Madero,Not significant,0.05463891468299613,0.175,Not significant,Not significant
0900500010811,Gustavo A. Madero,Not significant,0.006687955745034304,0.827,Not significant,Not significant
0900500010826,Gustavo A. Madero,Not significant,0.39324233192735203,0.317,Not significant,Not significant
0900500010830,Gustavo A. Madero,Not significant,0.04991407307339979,0.649,High-High,Not significant
0900500010845,Gustavo A. Madero,Not significant,0.036799571048715445,0.589,Not significant,Not significant
090050001085A,Gustavo A. Madero,Not significant,-0.03731017629531167,0.487,Not significant,Not significant
0900500010864,Gustavo A. Madero,Not significant,0.1861385177770552,0.359,Not significant,Not significant
0900500010879,Gustavo A. Madero,Not significant,-0.495677247859943,0.273,Not significant,Not significant
0900500010883,Gustavo A. Madero,Not significant,-0.9856711214546835,0.329,High-Low,Not significant
0900500010898,Gustavo A. Madero,Not significant,-0.27843046180461184,0.807,Not significant,Not significant
0900500010900,Gustavo A. Madero,Not significant,0.12723150833424685,0.779,Not significant,Not significant
0900500010915,Gustavo A. Madero,Not significant,0.19683802082432889,0.657,Not significant,Not significant
090050001092A,Gustavo A. Madero,Not significant,-0.00638120213714727,0.987,Not significant,Not significant
0900500010934,Gustavo A. Madero,Not significant,0.07472213215228647,0.135,Not significant,Not significant
0900500010949,Gustavo A. Madero,Not significant,1.2257037035831768,0.111,Not significant,Not significant
0900500010953,Gustavo A. Madero,High-High,3.098694019533159,0.003,Not significant,High-High
0900500010968,Gustavo A. Madero,High-High,1.5339973815310195,0.007,Not significant,High-High
0900500010972,Gustavo A. Madero,Not significant,-0.08675787951854468,0.787,Not significant,Not significant
0900500010987,Gustavo A. Madero,Not significant,0.050234619939330614,0.811,Not significant,Not significant
0900500010991,Gustavo A. Madero,Not significant,0.13643392304291607,0.655,Not significant,Not significant
0900500011006,Gustavo A. Madero,Not significant,-0.0066405683151794835,0.541,Not significant,Not significant
0900500011025,Gustavo A. Madero,Not significant,0.020641709453647565,0.609,High-High,Not significant
090050001103A,Gustavo A. Madero,Not significant,0.0077588856487097214,0.797,High-High,Not significant
0900500011044,Gustavo A. Madero,Not significant,0.026933876395215064,0.503,Not significant,Not significant
0900500011059,Gustavo A. Madero,Not significant,0.4512236908789723,0.195,Not significant,Not significant
0900500011063,Gustavo A. Madero,Not significant,-0.6014868750203506,0.243,Not significant,Not significant
0900500011082,Gustavo A. Madero,Not significant,0.2341031606067857,0.093,Not significant,Not significant
0900500011097,Gustavo A. Madero,High-High,1.2820582898693669,0.003,Not significant,High-High
090050001110A,Gustavo A. Madero,Low-High,-0.022417641586526788,0.015,Not significant,Low-High
0900500011114,Gustavo A. Madero,High-High,2.7034825435151397,0.003,Not significant,High-High
0900500011129,Gustavo A. Madero,High-High,1.6572673955994979,0.013,Not significant,High-High
0900500011133,Gustavo A. Madero,Not significant,-0.14935380516080474,0.373,Not significant,Not significant
0900500011148,Gustavo A. Madero,Not significant,0.003616336729348836,0.811,Not significant,Not significant
0900500011152,Gustavo A. Madero,Not significant,0.030281893581301265,0.649,Not significant,Not significant
0900500011167,Gustavo A. Madero,Not significant,0.12052890231706635,0.571,Not significant,Not significant
0900500011171,Gustavo A. Madero,Not significant,-0.04921753477433461,0.459,Not significant,Not significant
0900500011186,Gustavo A. Madero,Not significant,0.14968302384433052,0.559,Not significant,Not significant
0900500011190,Gustavo A. Madero,Not significant,0.026360900936569304,0.379,High-High,Not significant
0900500011203,Gustavo A. Madero,Not significant,-0.05489349620077366,0.347,High-High,Not significant
0900500011218,Gustavo A. Madero,Not significant,0.13137046056993965,0.293,Not significant,Not significant
0900500011222,Gustavo A. Madero,Not significant,0.14402842127715754,0.163,Not significant,Not significant
0900500011237,Gustavo A. Madero,High-High,3.738128335085897,0.003,Not significant,High-High
0900500011256,Gustavo A. Madero,High-High,2.8180895716693044,0.035,High-High,High-High
0900500011260,Gustavo A. Madero,High-High,2.377388623882718,0.003,Not significant,High-High
0900500011275,Gustavo A. Madero,High-High,1.5969038252502123,0.003,Not significant,High-High
090050001128A,Gustavo A. Madero,Not significant,0.1450586793633624,0.063,Not significant,Not significant
0900500011294,Gustavo A. Madero,Not significant,0.0016274133649071272,0.657,Not significant,Not significant
0900500011307,Gustavo A. Madero,Not significant,0.029349795077940142,0.885,Not significant,Not significant
0900500011311,Gustavo A. Madero,Not significant,0.01601261309844912,0.603,Not significant,Not significant
0900500011326,Gustavo A. Madero,Not significant,0.2255976888299549,0.273,Not significant,Not significant
0900500011330,Gustavo A. Madero,Not significant,0.3988839212294873,0.215,Not significant,Not significant
0900500011345,Gustavo A. Madero,Not significant,0.2274323775321573,0.435,Not significant,Not significant
090050001135A,Gustavo A. Madero,Not significant,0.15625618005024022,0.455,High-High,Not significant
0900500011364,Gustavo A. Madero,Not significant,0.09588939374249833,0.433,Not significant,Not significant
0900500011379,Gustavo A. Madero,Low-High,-1.3935417113136062,0.015,Not significant,High-High
0900500011383,Gustavo A. Madero,Not significant,-0.15678455839146682,0.051,Not significant,Not significant
0900500011398,Gustavo A. Madero,High-High,0.45354856021331774,0.031,Not significant,High-High
0900500011400,Gustavo A. Madero,High-High,1.0852197410069113,0.015,Not significant,High-High
0900500011415,Gustavo A. Madero,High-High,0.43700308503581925,0.007,Not significant,High-High
090050001142A,Gustavo A. Madero,High-High,0.059786004968500894,0.047,Not significant,High-High
0900500011434,Gustavo A. Madero,Not significant,1.8212474573694422,0.099,Not significant,Not significant
0900500011449,Gustavo A. Madero,High-High,0.9047803725395119,0.005,Not significant,High-High
0900500011453,Gustavo A. Madero,Not significant,0.3314861801088658,0.265,Not significant,Not significant
0900500011468,Gustavo A. Madero,Not significant,0.003813020044452926,0.993,Not significant,Not significant
0900500011472,Gustavo A. Madero,Not significant,0.05788540358324155,0.501,Not significant,Not significant
0900500011487,Gustavo A. Madero,Not significant,-0.02608100377880456,0.825,Not significant,Not significant
0900500011504,Gustavo A. Madero,Not significant,-0.9555387521473748,0.121,Not significant,Not significant
0900500011523,Gustavo A. Madero,Not significant,0.2200665688535896,0.137,Not significant,Not significant
0900500011538,Gustavo A. Madero,Not significant,-0.060098853992082216,0.287,Not significant,Not significant
0900500011542,Gustavo A. Madero,Not significant,0.1092247300521107,0.637,Not significant,Not significant
0900500011557,Gustavo A. Madero,High-High,0.010803877919876654,0.045,Not significant,High-High
0900500011561,Gustavo A. Madero,High-High,0.5908416250034141,0.033,Not significant,High-High
0900500011576,Gustavo A. Madero,Not significant,0.003961762024697488,0.595,Not significant,Not significant
0900500011580,Gustavo A. Madero,Not significant,-0.00039651413998482554,0.453,Not significant,Not significant
0900500011595,Gustavo A. Madero,Not significant,0.10177694040010145,0.409,Not significant,Not significant
0900500011608,Gustavo A. Madero,Not significant,0.5097804436252534,0.081,Not significant,Not significant
0900500011612,Gustavo A. Madero,High-High,0.5597247481656827,0.025,Not significant,High-High
0900500011627,Gustavo A. Madero,Not significant,0.907388715897524,0.381,Not significant,Not significant
0900500011631,Gustavo A. Madero,Not significant,0.0004735008210165979,0.873,Not significant,Not significant
0900500011650,Gustavo A. Madero,Not significant,-0.06988295490677382,0.677,Not significant,Not significant
0900500011665,Gustavo A. Madero,Not significant,0.10755090566109622,0.645,Not significant,Not significant
090050001167A,Gustavo A. Madero,Not significant,0.12154556421254398,0.367,Not significant,Not significant
0900500011684,Gustavo A. Madero,Not significant,0.10862297060317172,0.361,Not significant,Not significant
0900500011699,Gustavo A. Madero,Not significant,0.26940071695051143,0.513,Not significant,Not significant
0900500011701,Gustavo A. Madero,Not significant,0.144136190152744,0.351,Not significant,Not significant
0900500011716,Gustavo A. Madero,Not significant,-0.011543409545295273,0.175,Not significant,Not significant
0900500011720,Gustavo A. Madero,Not significant,-0.004653731907486317,0.451,Not significant,Not significant
0900500011735,Gustavo A. Madero,Not significant,0.2526770168191677,0.077,High-High,Not significant
090050001174A,Gustavo A. Madero,Not significant,0.06461611059746211,0.397,Not significant,Not significant
0900500011754,Gustavo A. Madero,Not significant,0.0007737401377329429,0.269,Not significant,Not significant
0900500011769,Gustavo A. Madero,Not significant,0.12466398129546033,0.465,Not significant,Not significant
0900500011773,Gustavo A. Madero,Not significant,0.523136684591874,0.069,Not significant,Not significant
0900500011788,Gustavo A. Madero,Not significant,0.45065582029548307,0.089,Not significant,Not significant
0900500011792,Gustavo A. Madero,High-High,0.5090469275858374,0.027,Not significant,High-High
0900500011805,Gustavo A. Madero,Not significant,1.0252153849039725,0.165,Not significant,Not significant
090050001181A,Gustavo A. Madero,High-High,1.1727922523797478,0.019,Not significant,High-High
0900500011824,Gustavo A. Madero,High-High,0.6077217815989193,0.015,Not significant,High-High
0900500011839,Gustavo A. Madero,High-High,0.07743142097082761,0.027,Not significant,High-High
0900500011843,Gustavo A. Madero,Not significant,-0.06350700939508984,0.055,Not significant,Not significant
0900500011858,Gustavo A. Madero,Not significant,0.0021525744778315677,0.917,Not significant,Not significant
0900500011862,Gustavo A. Madero,Not significant,-0.015954284602275406,0.279,Not significant,Not significant
0900500011877,Gustavo A. Madero,Not significant,-0.0036463171118332554,0.981,Not significant,Not significant
0900500011881,Gustavo A. Madero,Not significant,-0.02664761226834484,0.765,Not significant,Not significant
0900500011896,Gustavo A. Madero,Not significant,0.015868525472287936,0.899,Not significant,Not significant
0900500011909,Gustavo A. Madero,Not significant,-0.1252751358828436,0.387,Not significant,Not significant
0900500011913,Gustavo A. Madero,Not significant,0.019502273302995324,0.519,Not significant,Not significant
0900500011932,Gustavo A. Madero,Not significant,0.17007224445774444,0.117,Not significant,Not significant
0900500011951,Gustavo A. Madero,Not significant,-0.009310839250825913,0.743,Not significant,Not significant
0900500011970,Gustavo A. Madero,Not significant,-0.01787685056296566,0.723,Not significant,Not significant
0900500011985,Gustavo A. Madero,Not significant,-0.0814836627058773,0.315,Not significant,Not significant
090050001199A,Gustavo A. Madero,Not significant,0.02664935334848987,0.633,Not significant,Not significant
0900500012004,Gustavo A. Madero,Not significant,0.038692480579556134,0.553,Not significant,Not significant
0900500012019,Gustavo A. Madero,Not significant,0.25375752363898385,0.423,Not significant,Not significant
0900500012023,Gustavo A. Madero,Not significant,0.3780294741462859,0.557,Not significant,Not significant
0900500012038,Gustavo A. Madero,Not significant,-0.010018957647474866,0.123,Not significant,Not significant
0900500012042,Gustavo A. Madero,Not significant,-0.10066818741177191,0.337,Not significant,Not significant
0900500012057,Gustavo A. Madero,Not significant,-0.02618673694971618,0.101,Not significant,Not significant
0900500012061,Gustavo A. Madero,Not significant,0.19697374928200082,0.227,Not significant,Not significant
0900500012076,Gustavo A. Madero,Not significant,0.12580247175450587,0.271,Not significant,Not significant
0900500012080,Gustavo A. Madero,Not significant,-0.00017453560583742035,0.989,Not significant,Not significant
0900500012095,Gustavo A. Madero,Not significant,-0.02023472239748471,0.895,Not significant,Not significant
0900500012108,Gustavo A. Madero,Not significant,-0.008209875460108592,0.855,Not significant,Not significant
0900500012127,Gustavo A. Madero,Not significant,-0.0003093703532450852,0.773,Not significant,Not significant
0900500012131,Gustavo A. Madero,Not significant,0.0795145361491404,0.583,Not significant,Not significant
0900500012146,Gustavo A. Madero,Not significant,0.01470402702069297,0.899,Not significant,Not significant
0900500012150,Gustavo A. Madero,Not significant,-0.1739620702803303,0.379,Not significant,Not significant
0900500012165,Gustavo A. Madero,Not significant,-0.5023048579681189,0.361,Not significant,Not significant
090050001217A,Gustavo A. Madero,Not significant,0.07952991003498201,0.295,Not significant,Not significant
0900500012184,Gustavo A. Madero,Not significant,-0.09468592921908048,0.219,Not significant,Not significant
0900500012199,Gustavo A. Madero,Not significant,-0.002803083542787141,0.899,Not significant,Not significant
0900500012201,Gustavo A. Madero,Not significant,0.005011635633020033,0.825,Not significant,Not significant
0900500012216,Gustavo A. Madero,Not significant,0.03460568117596298,0.627,High-High,Not significant
0900500012220,Gustavo A. Madero,Not significant,-0.004778937054824471,0.969,Not significant,Not significant
0900500012235,Gustavo A. Madero,Not significant,-0.0025154377422232856,0.529,Not significant,Not significant
090050001224A,Gustavo A. Madero,Not significant,0.03300459755493525,0.649,Not significant,Not significant
0900500012254,Gustavo A. Madero,Not significant,-0.10585031710494455,0.545,Not significant,Not significant
0900500012269,Gustavo A. Madero,Not significant,-0.023690534316857977,0.683,Not significant,Not significant
0900500012273,Gustavo A. Madero,Not significant,-0.05414222345779254,0.723,Not significant,Not significant
0900500012288,Gustavo A. Madero,Not significant,1.2629323151216493e-05,0.909,High-High,Not significant
0900500012292,Gustavo A. Madero,Not significant,0.05966092624748885,0.835,Not significant,Not significant
0900500012305,Gustavo A. Madero,Not significant,-0.057058124124391076,0.773,Not significant,Not significant
090050001231A,Gustavo A. Madero,Not significant,0.047489864213966136,0.733,Not significant,Not significant
0900500012324,Gustavo A. Madero,Not significant,-0.030691044684295947,0.827,Not significant,Not significant
0900500012339,Gustavo A. Madero,Not significant,-0.597136696693972,0.267,Not significant,Not significant
0900500012343,Gustavo A. Madero,Not significant,-0.08702433483614719,0.253,Not significant,Not significant
0900500012358,Gustavo A. Madero,Not significant,0.2911625075786785,0.251,Not significant,Not significant
0900500012362,Gustavo A. Madero,Not significant,-0.16012705810791544,0.313,Not significant,Not significant
0900500012377,Gustavo A. Madero,Not significant,-0.0004766217257105416,0.819,Not significant,Not significant
0900500012381,Gustavo A. Madero,Not significant,0.16415710017662533,0.215,Not significant,Not significant
0900500012396,Gustavo A. Madero,Not significant,0.0430345533702385,0.673,Not significant,Not significant
0900500012409,Gustavo A. Madero,Not significant,0.09037835545245866,0.605,Not significant,Not significant
0900500012428,Gustavo A. Madero,Not significant,0.09886082950323821,0.431,Not significant,Not significant
0900500012432,Gustavo A. Madero,Not significant,0.3259558437156561,0.233,Not significant,Not significant
0900500012447,Gustavo A. Madero,Not significant,0.5599623297454054,0.133,Not significant,Not significant
0900500012451,Gustavo A. Madero,Not significant,0.20831728589431667,0.109,Not significant,Not significant
0900500012466,Gustavo A. Madero,Not significant,0.23665094885826554,0.221,Not significant,Not significant
0900500012470,Gustavo A. Madero,Not significant,0.25841722732188227,0.247,Not significant,Not significant
0900500012485,Gustavo A. Madero,Not significant,0.10810895467992482,0.229,Not significant,Not significant
0900500012536,Gustavo A. Madero,Low-Low,1.8515562500006273,0.003,Low-Low,Low-Low
0900500012574,Gustavo A. Madero,Low-Low,0.9094148556322743,0.003,Not significant,Low-Low
0900500012593,Gustavo A. Madero,Low-Low,1.597191033080126,0.003,Not significant,Low-Low
0900500012606,Gustavo A. Madero,Low-Low,0.8599059148820671,0.027,Not significant,Low-Low
0900500012610,Gustavo A. Madero,Low-Low,1.0087367885377772,0.039,Not significant,High-Low
0900500012625,Gustavo A. Madero,Low-Low,1.1249399516487755,0.017,Not significant,High-Low
090050001263A,Gustavo A. Madero,Not significant,-0.01908194774601756,0.273,Not significant,Not significant
0900500012644,Gustavo A. Madero,Not significant,0.15065792887761675,0.689,Not significant,Not significant
0900500012659,Gustavo A. Madero,Not significant,0.26610187415199876,0.247,Not significant,Not significant
0900500012663,Gustavo A. Madero,Not significant,0.409289921593631,0.229,Not significant,Not significant
0900500012678,Gustavo A. Madero,Not significant,0.23496057704938908,0.387,Not significant,Not significant
0900500012682,Gustavo A. Madero,Not significant,0.15506310571555657,0.191,Not significant,Not significant
0900500012697,Gustavo A. Madero,Not significant,0.29459962295329184,0.119,Not significant,Not significant
090050001270A,Gustavo A. Madero,Not significant,0.026792793796426715,0.987,Not significant,Not significant
0900500012714,Gustavo A. Madero,Not significant,-0.13025580405193443,0.617,Not significant,Not significant
0900500012729,Gustavo A. Madero,Low-Low,0.6670684356496053,0.037,Not significant,High-Low
0900500012733,Gustavo A. Madero,Low-Low,0.24945675421185445,0.013,Not significant,High-Low
0900500012748,Gustavo A. Madero,Low-Low,0.910693303334927,0.045,Not significant,High-Low
0900500012752,Gustavo A. Madero,Not significant,1.264885031985647,0.069,Not significant,Not significant
0900500012767,Gustavo A. Madero,Low-Low,0.9010741372326647,0.015,Not significant,High-Low
0900500012771,Gustavo A. Madero,Low-Low,1.3556513811060908,0.035,Not significant,Low-Low
0900500012786,Gustavo A. Madero,Not significant,-0.2671235885595642,0.113,Not significant,Not significant
0900500012790,Gustavo A. Madero,Low-Low,0.7821184006625652,0.037,Not significant,Low-Low
0900500012803,Gustavo A. Madero,Not significant,0.47367201717737306,0.243,Not significant,Not significant
0900500012822,Gustavo A. Madero,High-Low,-0.062174406302427127,0.007,Not significant,High-Low
0900500012837,Gustavo A. Madero,Not significant,0.7290371392910063,0.085,Not significant,Not significant
0900500012841,Gustavo A. Madero,Not significant,1.1254725335160713,0.069,Not significant,Not significant
0900500012856,Gustavo A. Madero,Not significant,0.10619705806089852,0.563,Not significant,Not significant
0900500012860,Gustavo A. Madero,Not significant,0.035828849275352924,0.353,Not significant,Not significant
0900500012875,Gustavo A. Madero,Not significant,-0.20199885724059694,0.449,Not significant,Not significant
090050001288A,Gustavo A. Madero,Not significant,0.10748098051929725,0.443,Low-Low,Not significant
0900500012894,Gustavo A. Madero,Not significant,0.05394594355711144,0.353,Not significant,Not significant
0900500012907,Gustavo A. Madero,Not significant,0.008720447639372686,0.953,Not significant,Not significant
0900500012930,Gustavo A. Madero,Not significant,0.37708678843014937,0.411,Not significant,Not significant
0900500012945,Gustavo A. Madero,Not significant,-0.03338317539125356,0.879,Not significant,Not significant
090050001295A,Gustavo A. Madero,Not significant,-0.18519458855712342,0.397,Not significant,Not significant
0900500012964,Gustavo A. Madero,Low-Low,1.3418586150364535,0.029,Not significant,Low-Low
0900500012979,Gustavo A. Madero,Low-Low,1.969600573972497,0.003,Not significant,Low-Low
0900500012983,Gustavo A. Madero,Low-Low,1.7438664028785922,0.017,Not significant,Low-Low
0900500012998,Gustavo A. Madero,Low-Low,1.194562992705779,0.003,Not significant,High-Low
0900500013017,Gustavo A. Madero,Low-Low,1.6661440286969775,0.003,Not significant,Low-Low
0900500013055,Gustavo A. Madero,Not significant,-0.018040310659822322,0.897,Not significant,Not significant
090050001306A,Gustavo A. Madero,Not significant,0.08212023853190774,0.803,Not significant,Not significant
0900500013074,Gustavo A. Madero,Not significant,0.0027217812536700103,0.627,Not significant,Not significant
0900500013089,Gustavo A. Madero,High-Low,-0.06112190025579216,0.035,Not significant,High-Low
0900500013093,Gustavo A. Madero,Not significant,0.36378055412952826,0.157,Not significant,Not significant
0900500013110,Gustavo A. Madero,Not significant,-0.9711878809949468,0.571,Not significant,Not significant
0900500013125,Gustavo A. Madero,Not significant,-0.578968754532629,0.383,Not significant,Not significant
090050001313A,Gustavo A. Madero,Not significant,-0.04026364236060341,0.691,Not significant,Not significant
0900500013144,Gustavo A. Madero,Not significant,0.7005203900850556,0.137,Not significant,Not significant
0900500013159,Gustavo A. Madero,Not significant,0.5785403487832758,0.159,Not significant,Not significant
0900500013163,Gustavo A. Madero,Not significant,-0.0815573063823044,0.767,Not significant,Not significant
0900500013178,Gustavo A. Madero,Not significant,0.0054034095676782565,0.879,Not significant,Not significant
0900500013182,Gustavo A. Madero,Low-Low,1.694097101563607,0.023,Not significant,Low-Low
0900500013197,Gustavo A. Madero,Low-Low,2.165229277117695,0.013,Not significant,High-Low
090050001320A,Gustavo A. Madero,Not significant,0.8937747473844888,0.081,Not significant,Not significant
0900500013214,Gustavo A. Madero,Low-Low,1.7153997688811073,0.003,Not significant,High-Low
0900500013229,Gustavo A. Madero,Low-Low,1.664069483757903,0.019,Not significant,High-Low
0900500013233,Gustavo A. Madero,Low-Low,1.5286279646240384,0.003,Not significant,Low-Low
0900500013248,Gustavo A. Madero,Low-Low,2.1922774225494184,0.015,Not significant,Low-Low
0900500013252,Gustavo A. Madero,Low-Low,0.7547446014044111,0.009,Not significant,High-Low
0900500013267,Gustavo A. Madero,Low-Low,1.7039727383471197,0.035,Not significant,High-Low
0900500013271,Gustavo A. Madero,Low-Low,1.038475078952357,0.011,Not significant,Low-Low
0900500013286,Gustavo A. Madero,Low-Low,1.3016379937624323,0.025,Not significant,Low-Low
0900500013290,Gustavo A. Madero,Not significant,0.5795877344983936,0.261,Not significant,Not significant
0900500013303,Gustavo A. Madero,Not significant,0.4997719754081422,0.359,Not significant,Not significant
0900500013318,Gustavo A. Madero,Low-Low,1.1927243177524824,0.031,Not significant,Low-Low
0900500013322,Gustavo A. Madero,Low-Low,1.9752949022245239,0.011,Low-Low,Low-Low
0900500013337,Gustavo A. Madero,Not significant,-0.0879817095032456,0.725,Not significant,Not significant
0900500013341,Gustavo A. Madero,Not significant,-0.6741884369549893,0.081,Not significant,Not significant
0900500013356,Gustavo A. Madero,Not significant,-0.544593086758773,0.081,Not significant,Not significant
0900500013360,Gustavo A. Madero,Not significant,0.02569614053038909,0.955,Not significant,Not significant
0900500013375,Gustavo A. Madero,Not significant,-0.16302035927510367,0.247,Not significant,Not significant
090050001338A,Gustavo A. Madero,Not significant,-0.7405702988108096,0.163,Not significant,Not significant
0900500013394,Gustavo A. Madero,Not significant,-0.5041352814786733,0.519,Not significant,Not significant
0900500013407,Gustavo A. Madero,Not significant,-0.38811939714617166,0.203,Not significant,Not significant
0900500013411,Gustavo A. Madero,Low-Low,1.8897552497747943,0.003,Not significant,Low-Low
0900500013426,Gustavo A. Madero,Low-Low,2.3754107498568704,0.019,Not significant,Low-Low
0900500013430,Gustavo A. Madero,Low-Low,1.8312661867246018,0.009,Low-Low,Low-Low
0900500013445,Gustavo A. Madero,Low-Low,3.188661023734166,0.003,Low-Low,Low-Low
090060001001A,Iztacalco,Not significant,-0.022111271730954715,0.945,Not significant,Not significant
0900600010024,Iztacalco,Not significant,-0.003500960062225487,0.983,Not significant,Not significant
0900600010039,Iztacalco,Not significant,-0.036195208188557336,0.641,Not significant,Not significant
0900600010043,Iztacalco,Not significant,0.07463734274333338,0.593,Not significant,Not significant
0900600010058,Iztacalco,Not significant,0.07595248456025923,0.399,Not significant,Not significant
0900600010077,Iztacalco,Not significant,0.0026090521577460447,0.945,Not significant,Not significant
0900600010081,Iztacalco,Not significant,0.005650256653810463,0.987,Not significant,Not significant
0900600010096,Iztacalco,Not significant,-0.09341479019833004,0.657,Not significant,Not significant
0900600010109,Iztacalco,Not significant,0.2113755445520618,0.539,Not significant,Not significant
0900600010128,Iztacalco,Not significant,0.10391234836061904,0.681,Not significant,Not significant
0900600010132,Iztacalco,Not significant,0.8327024144509036,0.215,Not significant,Not significant
0900600010166,Iztacalco,Not significant,0.14517293038590254,0.335,Not significant,Not significant
0900600010170,Iztacalco,Not significant,0.10409273294540082,0.791,Not significant,Not significant
0900600010185,Iztacalco,Not significant,0.18604920195746524,0.115,Not significant,Not significant
090060001019A,Iztacalco,Not significant,0.3951437548431413,0.345,Not significant,Not significant
0900600010202,Iztacalco,Not significant,-0.022193162855196444,0.405,Not significant,Not significant
0900600010217,Iztacalco,Not significant,0.00754459322681438,0.473,Not significant,Not significant
0900600010221,Iztacalco,High-High,0.3484348696485379,0.041,High-High,High-High
0900600010236,Iztacalco,Not significant,0.25996089680502327,0.225,High-High,Not significant
0900600010240,Iztacalco,Not significant,0.0981250073887175,0.355,Not significant,Not significant
0900600010255,Iztacalco,Not significant,0.12069610339184222,0.279,Not significant,Not significant
090060001026A,Iztacalco,Not significant,0.114682388416231,0.691,Not significant,Not significant
0900600010274,Iztacalco,Not significant,0.13890040604604872,0.277,Not significant,Not significant
0900600010289,Iztacalco,Not significant,-0.14644068617256234,0.285,Not significant,Not significant
0900600010293,Iztacalco,Not significant,0.38359069108371985,0.239,Not significant,Not significant
0900600010310,Iztacalco,Not significant,0.07258945065688087,0.509,Not significant,Not significant
0900600010325,Iztacalco,Not significant,0.27539460072864186,0.429,Not significant,Not significant
090060001033A,Iztacalco,Not significant,-0.07815056938068546,0.305,Not significant,Not significant
0900600010344,Iztacalco,Not significant,0.09101139676259458,0.705,Not significant,Not significant
0900600010359,Iztacalco,Not significant,0.003168922392783882,0.795,High-High,Not significant
0900600010363,Iztacalco,Not significant,0.01000400888506527,0.923,Not significant,Not significant
0900600010378,Iztacalco,Not significant,0.127812498332425,0.357,Not significant,Not significant
0900600010382,Iztacalco,Not significant,-0.006297207349399189,0.999,Not significant,Not significant
0900600010397,Iztacalco,Not significant,-0.05167870104140975,0.489,Not significant,Not significant
0900600010414,Iztacalco,Not significant,0.22618716003802286,0.397,Not significant,Not significant
0900600010429,Iztacalco,Not significant,0.1904799952720175,0.329,Not significant,Not significant
0900600010433,Iztacalco,Not significant,0.12264967956248074,0.177,Not significant,Not significant
0900600010448,Iztacalco,Not significant,0.02562191166171071,0.119,Not significant,Not significant
0900600010452,Iztacalco,Not significant,0.608580529549252,0.133,Not significant,Not significant
0900600010471,Iztacalco,Not significant,0.18632794512309286,0.305,High-High,Not significant
0900600010486,Iztacalco,Not significant,0.23691035055296084,0.321,Not significant,Not significant
0900600010490,Iztacalco,Not significant,-0.08463695610783759,0.483,Not significant,Not significant
0900600010503,Iztacalco,Not significant,-0.00013239336681583792,0.959,Not significant,Not significant
0900600010518,Iztacalco,Not significant,0.02181350739676353,0.195,Not significant,Not significant
0900600010522,Iztacalco,Not significant,-0.012108559678472127,0.349,Not significant,Not significant
0900600010537,Iztacalco,Not significant,-6.0990848066770384e-05,0.999,Not significant,Not significant
0900600010541,Iztacalco,Not significant,0.00493619829066789,0.801,Not significant,Not significant
0900600010556,Iztacalco,Not significant,-0.028584043390785678,0.711,Not significant,Not significant
0900600010575,Iztacalco,Not significant,0.02705161589162633,0.781,Not significant,Not significant
090060001058A,Iztacalco,Not significant,0.0714972591438795,0.523,Not significant,Not significant
0900600010594,Iztacalco,Not significant,-0.05232495572963698,0.441,Not significant,Not significant
0900600010607,Iztacalco,Not significant,0.0747787541939574,0.371,Not significant,Not significant
0900600010611,Iztacalco,Not significant,0.024815511164398136,0.733,Not significant,Not significant
0900600010626,Iztacalco,Not significant,-0.1342326240404769,0.617,Not significant,Not significant
0900600010630,Iztacalco,Not significant,0.1484541091631309,0.453,Not significant,Not significant
0900600010645,Iztacalco,Not significant,-0.015214499202934908,0.593,Not significant,Not significant
090060001065A,Iztacalco,Not significant,0.07039890948512391,0.631,Not significant,Not significant
0900600010664,Iztacalco,Not significant,-0.005900342889202689,0.825,Not significant,Not significant
0900600010679,Iztacalco,Not significant,-0.007104602856206184,0.509,Not significant,Not significant
0900600010683,Iztacalco,Not significant,-0.025864973002174763,0.673,Not significant,Not significant
0900600010698,Iztacalco,Not significant,0.017485028279845462,0.631,Not significant,Not significant
0900600010700,Iztacalco,Not significant,0.07244240662736381,0.389,High-High,Not significant
0900600010715,Iztacalco,Not significant,0.10327788243361835,0.631,Not significant,Not significant
090060001072A,Iztacalco,Not significant,0.06740377794829551,0.423,High-High,Not significant
0900600010734,Iztacalco,Not significant,0.17550462197031727,0.371,Not significant,Not significant
0900600010749,Iztacalco,Not significant,-0.17207416516003124,0.209,Not significant,Not significant
0900600010753,Iztacalco,Not significant,-0.028568597263611332,0.607,Not significant,Not significant
0900600010768,Iztacalco,Not significant,0.0012574483992005864,0.785,Not significant,Not significant
0900600010772,Iztacalco,Not significant,0.000888699429250617,0.961,Not significant,Not significant
0900600010787,Iztacalco,Not significant,0.017865728705998448,0.665,Not significant,Not significant
0900600010791,Iztacalco,Not significant,0.07046223346764299,0.655,Not significant,Not significant
0900600010804,Iztacalco,Not significant,0.005917140462052847,0.921,Not significant,Not significant
0900600010823,Iztacalco,Not significant,0.02126370752468861,0.901,Not significant,Not significant
0900600010838,Iztacalco,Not significant,0.03696206352835691,0.677,Not significant,Not significant
0900600010842,Iztacalco,Not significant,0.04119547138069595,0.463,Not significant,Not significant
0900600010876,Iztacalco,Not significant,0.07407980323465987,0.651,Not significant,Not significant
0900600010880,Iztacalco,Not significant,0.033518665643705425,0.779,Not significant,Not significant
0900600010895,Iztacalco,Not significant,-0.011529281991612213,0.603,Not significant,Not significant
0900600010908,Iztacalco,Not significant,-0.0038595893659639953,0.639,Not significant,Not significant
0900600010927,Iztacalco,Not significant,0.02015978235934611,0.779,Not significant,Not significant
0900600010931,Iztacalco,Not significant,0.023424831267251874,0.375,Not significant,Not significant
0900600010946,Iztacalco,Not significant,0.1938987557886721,0.485,Not significant,Not significant
0900600010950,Iztacalco,Not significant,-0.06639374984105814,0.443,Not significant,Not significant
0900600010965,Iztacalco,Not significant,-0.00461813881475963,0.871,Not significant,Not significant
090060001097A,Iztacalco,Not significant,-0.03456553073505955,0.767,Not significant,Not significant
0900600010984,Iztacalco,Not significant,-0.01285820522765023,0.815,Not significant,Not significant
0900600010999,Iztacalco,Not significant,0.011830603533146194,0.907,Not significant,Not significant
0900600011003,Iztacalco,Not significant,0.0013632421002273808,0.931,Not significant,Not significant
0900600011018,Iztacalco,Not significant,0.08872852242158392,0.693,Not significant,Not significant
0900600011022,Iztacalco,Not significant,0.03571013054367621,0.761,Not significant,Not significant
0900600011037,Iztacalco,Not significant,0.19141531443796767,0.461,Not significant,Not significant
0900600011041,Iztacalco,Not significant,0.04625907025895804,0.681,Not significant,Not significant
0900600011056,Iztacalco,Not significant,0.018452591981766527,0.731,Not significant,Not significant
0900600011060,Iztacalco,Not significant,-0.02107892938654202,0.459,Not significant,Not significant
0900600011075,Iztacalco,Not significant,-0.0550446021500643,0.713,Not significant,Not significant
090060001108A,Iztacalco,Not significant,0.12264789166538076,0.609,Not significant,Not significant
0900600011094,Iztacalco,Not significant,1.3693313119676116,0.059,Not significant,Not significant
0900600011107,Iztacalco,Not significant,0.7012790231424443,0.275,Not significant,Not significant
0900600011111,Iztacalco,Not significant,-0.049886494743352286,0.567,Not significant,Not significant
0900600011126,Iztacalco,Not significant,-0.02564823897202922,0.493,Not significant,Not significant
0900600011130,Iztacalco,Not significant,0.02047161791449662,0.265,Not significant,Not significant
090060001115A,Iztacalco,Not significant,-0.2717055298765005,0.405,Not significant,Not significant
0900600011164,Iztacalco,Not significant,0.13482164746595676,0.573,Not significant,Not significant
0900600011179,Iztacalco,Not significant,0.031021367966646174,0.889,Not significant,Not significant
0900600011183,Iztacalco,Not significant,0.002506806963663026,0.977,Not significant,Not significant
0900600011198,Iztacalco,Not significant,0.39049901720628205,0.099,Not significant,Not significant
0900600011200,Iztacalco,Not significant,-0.12652780246952847,0.479,Not significant,Not significant
0900700010017,Iztapalapa,Not significant,0.24469384515403642,0.345,Not significant,Not significant
0900700010021,Iztapalapa,Not significant,0.08123886718296446,0.575,Not significant,Not significant
0900700010036,Iztapalapa,Not significant,-0.03630881031182597,0.507,Not significant,Not significant
0900700010040,Iztapalapa,Not significant,0.33459203062622805,0.219,Not significant,Not significant
0900700010055,Iztapalapa,Not significant,-0.17276800318869331,0.553,Not significant,Not significant
090070001006A,Iztapalapa,Not significant,-0.06347227391704464,0.675,Not significant,Not significant
0900700010074,Iztapalapa,Not significant,0.2900563823127001,0.427,Not significant,Not significant
0900700010089,Iztapalapa,Not significant,0.41262430531434646,0.205,Not significant,Not significant
0900700010093,Iztapalapa,Not significant,0.03679060259853374,0.889,Not significant,Not significant
0900700010106,Iztapalapa,Not significant,0.1365675633286924,0.601,Not significant,Not significant
0900700010110,Iztapalapa,Not significant,-0.014823833759446561,0.725,Not significant,Not significant
090070001013A,Iztapalapa,Not significant,-0.001553633869978426,0.573,Not significant,Not significant
0900700010144,Iztapalapa,Not significant,-0.0427239771256722,0.731,Not significant,Not significant
0900700010178,Iztapalapa,Not significant,-0.17536492366216389,0.311,Not significant,Not significant
0900700010182,Iztapalapa,Not significant,-0.002333332150665743,0.913,Not significant,Not significant
0900700010197,Iztapalapa,Not significant,0.02094050284508058,0.571,Not significant,Not significant
0900700010214,Iztapalapa,Not significant,-0.026915228530923152,0.849,Not significant,Not significant
0900700010233,Iztapalapa,Not significant,0.5211592744735749,0.423,Not significant,Not significant
0900700010248,Iztapalapa,Not significant,0.046002051107788315,0.851,Not significant,Not significant
0900700010252,Iztapalapa,Not significant,-0.019196521125826142,0.875,Not significant,Not significant
0900700010271,Iztapalapa,Not significant,0.03630032586684937,0.777,Not significant,Not significant
0900700010286,Iztapalapa,Not significant,-0.027000388433068664,0.785,Not significant,Not significant
0900700010290,Iztapalapa,Not significant,0.1987507101806961,0.539,Not significant,Not significant
0900700010303,Iztapalapa,Not significant,0.3215751465538074,0.643,Not significant,Not significant
0900700010318,Iztapalapa,Not significant,0.045146941192482505,0.785,Not significant,Not significant
0900700010322,Iztapalapa,Not significant,-0.03899893270514535,0.891,Not significant,Not significant
0900700010337,Iztapalapa,Not significant,-0.005026778770680509,0.499,Not significant,Not significant
0900700010356,Iztapalapa,Not significant,-0.07032165154320814,0.577,Not significant,Not significant
0900700010360,Iztapalapa,Not significant,0.14836573324062682,0.581,Not significant,Not significant
0900700010375,Iztapalapa,Not significant,0.08206470423578788,0.531,Not significant,Not significant
090070001038A,Iztapalapa,Not significant,0.00638260227950614,0.969,Not significant,Not significant
0900700010407,Iztapalapa,Not significant,-0.14084563516443932,0.255,Not significant,Not significant
0900700010411,Iztapalapa,Not significant,-0.06743261253400483,0.515,Not significant,Not significant
0900700010426,Iztapalapa,Not significant,0.13816015930840717,0.533,Not significant,Not significant
0900700010445,Iztapalapa,Not significant,0.08039656906846843,0.183,Not significant,Not significant
0900700010464,Iztapalapa,Not significant,0.06560938723021305,0.445,Not significant,Not significant
0900700010479,Iztapalapa,Not significant,-0.07118792134190768,0.579,Not significant,Not significant
0900700010483,Iztapalapa,Not significant,-0.00020065100459149002,0.965,Not significant,Not significant
0900700010498,Iztapalapa,Not significant,-0.006267699783498725,0.785,Not significant,Not significant
0900700010500,Iztapalapa,Not significant,-0.004667223149567446,0.967,Not significant,Not significant
0900700010515,Iztapalapa,Not significant,-0.0018551308104087652,0.815,Not significant,Not significant
0900700010534,Iztapalapa,Not significant,0.1416506681536149,0.389,Not significant,Not significant
0900700010553,Iztapalapa,Not significant,-0.01635255964572101,0.677,Not significant,Not significant
0900700010568,Iztapalapa,Not significant,0.3319331017889304,0.227,Not significant,Not significant
0900700010572,Iztapalapa,Not significant,0.09890935204540914,0.233,Not significant,Not significant
0900700010587,Iztapalapa,Not significant,0.04798522302910566,0.157,Not significant,Not significant
0900700010591,Iztapalapa,Not significant,-0.051189962151354546,0.069,Not significant,Not significant
0900700010604,Iztapalapa,Not significant,0.023687739582479297,0.751,Not significant,Not significant
0900700010619,Iztapalapa,Not significant,0.040789980437158736,0.759,Not significant,Not significant
0900700010623,Iztapalapa,Not significant,0.005811311154172141,0.801,Not significant,Not significant
0900700010638,Iztapalapa,Low-Low,0.1291197889018157,0.015,Not significant,High-Low
0900700010642,Iztapalapa,Not significant,-0.009814707817868147,0.563,Not significant,Not significant
0900700010657,Iztapalapa,Not significant,0.004869921376703335,0.647,Not significant,Not significant
0900700010676,Iztapalapa,Not significant,-0.11996769721131173,0.505,Not significant,Not significant
0900700010680,Iztapalapa,Not significant,0.028795211346064487,0.823,Not significant,Not significant
0900700010695,Iztapalapa,Not significant,0.03616457063446456,0.821,Not significant,Not significant
0900700010708,Iztapalapa,Not significant,0.037912846959747844,0.583,Not significant,Not significant
0900700010727,Iztapalapa,Not significant,0.6448041343787844,0.273,Not significant,Not significant
0900700010731,Iztapalapa,Not significant,-0.21166081184658386,0.257,Not significant,Not significant
0900700010746,Iztapalapa,Not significant,0.005952914266788275,0.939,Not significant,Not significant
0900700010750,Iztapalapa,Not significant,-0.126843453914914,0.295,Not significant,Not significant
0900700010765,Iztapalapa,Not significant,-0.06858614832545945,0.439,Not significant,Not significant
090070001077A,Iztapalapa,Not significant,0.012186784311837057,0.963,Not significant,Not significant
0900700010784,Iztapalapa,Not significant,0.03930559636982069,0.617,Not significant,Not significant
0900700010801,Iztapalapa,Not significant,-0.12682434873778306,0.417,Not significant,Not significant
0900700010816,Iztapalapa,Not significant,-0.028082578409359522,0.935,Not significant,Not significant
0900700010820,Iztapalapa,Not significant,-0.002818855609015385,0.947,Not significant,Not significant
0900700010835,Iztapalapa,Not significant,0.11054157411958505,0.599,Not significant,Not significant
090070001084A,Iztapalapa,Not significant,-0.12394328130048535,0.373,Not significant,Not significant
0900700010854,Iztapalapa,Not significant,0.08537750877472153,0.821,Not significant,Not significant
0900700010888,Iztapalapa,Not significant,0.6919622725837874,0.245,Not significant,Not significant
0900700010892,Iztapalapa,Not significant,0.29596066013005534,0.339,Not significant,Not significant
0900700010905,Iztapalapa,Not significant,0.03867357784137243,0.349,Not significant,Not significant
090070001091A,Iztapalapa,Not significant,-0.002246750412836019,0.913,Not significant,Not significant
0900700010924,Iztapalapa,Not significant,0.03508646875553672,0.639,Not significant,Not significant
0900700010939,Iztapalapa,Not significant,0.013063718355570629,0.707,Not significant,Not significant
0900700010943,Iztapalapa,Not significant,-0.038305485227175876,0.475,Not significant,Not significant
0900700010958,Iztapalapa,Not significant,-0.0829116802854092,0.399,Not significant,Not significant
0900700010962,Iztapalapa,Not significant,-0.2984028130573742,0.069,Not significant,Not significant
0900700010977,Iztapalapa,Not significant,0.08746743118514493,0.519,Not significant,Not significant
0900700010981,Iztapalapa,Not significant,0.03203826853634056,0.829,Not significant,Not significant
0900700011000,Iztapalapa,Not significant,-0.029369503241125576,0.459,Not significant,Not significant
0900700011015,Iztapalapa,Not significant,-0.0513948078233292,0.301,Not significant,Not significant
0900700011034,Iztapalapa,Not significant,-0.1295901485343535,0.287,Not significant,Not significant
0900700011049,Iztapalapa,Not significant,-0.020264310619263023,0.829,Not significant,Not significant
0900700011053,Iztapalapa,Not significant,-0.00028030396060509875,0.947,Not significant,Not significant
0900700011087,Iztapalapa,Not significant,0.05290955958119501,0.689,Not significant,Not significant
0900700011091,Iztapalapa,Not significant,-0.004228157430331063,0.585,Not significant,Not significant
0900700011104,Iztapalapa,Not significant,0.015342688513822126,0.901,Not significant,Not significant
0900700011123,Iztapalapa,Not significant,0.3267979659549207,0.651,Not significant,Not significant
0900700011138,Iztapalapa,Not significant,0.03258615521994115,0.929,Not significant,Not significant
0900700011142,Iztapalapa,Not significant,-0.05676758470274026,0.845,Not significant,Not significant
0900700011157,Iztapalapa,Not significant,0.02607583778115136,0.411,Not significant,Not significant
0900700011176,Iztapalapa,Not significant,0.023939048232899208,0.909,Not significant,Not significant
0900700011180,Iztapalapa,Not significant,0.22625329247584924,0.571,Not significant,Not significant
0900700011195,Iztapalapa,Low-High,-0.12171239547110978,0.029,Not significant,High-High
0900700011208,Iztapalapa,Not significant,-0.13905214685063386,0.905,Not significant,Not significant
0900700011227,Iztapalapa,Not significant,0.001991424216731812,0.995,Not significant,Not significant
0900700011246,Iztapalapa,Not significant,0.00651974822118425,0.837,Not significant,Not significant
0900700011250,Iztapalapa,Not significant,-0.10298649337393216,0.675,Not significant,Not significant
0900700011265,Iztapalapa,Not significant,0.0002525676082170354,0.359,Not significant,Not significant
090070001127A,Iztapalapa,Not significant,-0.08506682683819591,0.655,Not significant,Not significant
0900700011284,Iztapalapa,Not significant,0.08225806096948916,0.385,Not significant,Not significant
0900700011299,Iztapalapa,Not significant,0.1215997363984791,0.149,Not significant,Not significant
0900700011301,Iztapalapa,Not significant,-0.07284079758372777,0.435,Not significant,Not significant
0900700011316,Iztapalapa,Not significant,-0.06198075161185792,0.663,Not significant,Not significant
090070001134A,Iztapalapa,Not significant,0.08991746123482622,0.085,High-High,Not significant
0900700011354,Iztapalapa,Not significant,-0.033585402081515545,0.873,Not significant,Not significant
0900700011369,Iztapalapa,Not significant,-0.0009192983104236259,0.381,Not significant,Not significant
0900700011388,Iztapalapa,Not significant,0.07864857161254414,0.709,Not significant,Not significant
090070001141A,Iztapalapa,Not significant,0.024564668825003508,0.835,Not significant,Not significant
0900700011424,Iztapalapa,Not significant,0.07186485877298887,0.833,Not significant,Not significant
0900700011439,Iztapalapa,Not significant,0.11912201955861916,0.301,Not significant,Not significant
0900700011443,Iztapalapa,Not significant,0.088523490289253,0.561,Not significant,Not significant
0900700011458,Iztapalapa,Not significant,0.31104252634471957,0.497,Not significant,Not significant
0900700011462,Iztapalapa,Not significant,-0.025196665033144123,0.681,Not significant,Not significant
0900700011477,Iztapalapa,Not significant,0.3839345421071274,0.481,Not significant,Not significant
0900700011481,Iztapalapa,Not significant,0.7555673226728093,0.361,Not significant,Not significant
0900700011496,Iztapalapa,Not significant,0.0028576642106743558,0.935,Not significant,Not significant
0900700011509,Iztapalapa,Not significant,-0.009596124934109919,0.889,Not significant,Not significant
0900700011513,Iztapalapa,Not significant,-0.027503549590795446,0.757,Not significant,Not significant
0900700011566,Iztapalapa,Not significant,0.010853356193577262,0.657,Not significant,Not significant
090070001159A,Iztapalapa,Not significant,0.10566607746606743,0.291,Not significant,Not significant
0900700011621,Iztapalapa,Not significant,0.05205498148059071,0.281,High-High,Not significant
0900700011636,Iztapalapa,Not significant,0.35853970885296194,0.149,Not significant,Not significant
0900700011640,Iztapalapa,Not significant,0.1482968063927931,0.493,Not significant,Not significant
0900700011655,Iztapalapa,Not significant,-0.041603611279354934,0.107,High-High,Not significant
090070001166A,Iztapalapa,Not significant,0.010291481767549874,0.851,Not significant,Not significant
0900700011674,Iztapalapa,Not significant,-0.0001377803102977755,0.989,Not significant,Not significant
0900700011689,Iztapalapa,Not significant,-0.0025674200584517182,0.931,Not significant,Not significant
0900700011693,Iztapalapa,Not significant,0.016094044206434392,0.891,Not significant,Not significant
0900700011706,Iztapalapa,Not significant,-0.14448058706724307,0.489,Not significant,Not significant
0900700011710,Iztapalapa,Not significant,-0.022994161884723675,0.723,High-High,Not significant
0900700011759,Iztapalapa,Not significant,-0.07412339980008407,0.277,High-High,Not significant
0900700011763,Iztapalapa,Not significant,-0.022033285412403823,0.801,Not significant,Not significant
0900700011778,Iztapalapa,Not significant,0.12454308203054514,0.073,Not significant,Not significant
0900700011814,Iztapalapa,Not significant,0.23059878692372596,0.517,High-High,Not significant
0900700011833,Iztapalapa,Not significant,0.16993474007616688,0.143,Not significant,Not significant
0900700011848,Iztapalapa,Not significant,0.2149421144886544,0.565,Not significant,Not significant
0900700011852,Iztapalapa,Not significant,0.09849885341312335,0.341,Not significant,Not significant
0900700011867,Iztapalapa,Not significant,0.20030509495192977,0.415,Not significant,Not significant
0900700011890,Iztapalapa,Not significant,0.07137827951707255,0.081,Not significant,Not significant
0900700011918,Iztapalapa,Not significant,0.049923754270224587,0.073,Not significant,Not significant
0900700011941,Iztapalapa,Low-Low,0.2570217732238033,0.007,Not significant,Low-Low
0900700011960,Iztapalapa,Not significant,-0.07525916436305533,0.803,Not significant,Not significant
0900700011975,Iztapalapa,Not significant,0.0026293035492850232,0.555,Not significant,Not significant
090070001198A,Iztapalapa,Not significant,0.14629839583747606,0.491,Not significant,Not significant
0900700011994,Iztapalapa,Not significant,-0.052035401695809134,0.169,Not significant,Not significant
0900700012047,Iztapalapa,Not significant,-0.005047247363456014,0.955,Not significant,Not significant
0900700012051,Iztapalapa,Low-Low,0.3660176987620879,0.017,Not significant,Low-Low
0900700012070,Iztapalapa,Not significant,0.17452061667205013,0.167,Not significant,Not significant
0900700012085,Iztapalapa,Not significant,0.47951631792806915,0.147,Not significant,Not significant
090070001209A,Iztapalapa,Not significant,-0.004042537535608712,0.933,High-High,Not significant
0900700012102,Iztapalapa,Not significant,0.06924333718850394,0.845,High-High,Not significant
0900700012117,Iztapalapa,Not significant,-0.006100401585662061,0.703,High-High,Not significant
0900700012140,Iztapalapa,Not significant,0.2630044922250231,0.223,High-High,Not significant
0900700012155,Iztapalapa,Not significant,0.2520561756719421,0.275,High-High,Not significant
090070001216A,Iztapalapa,Not significant,0.049127298759540125,0.753,High-High,Not significant
0900700012174,Iztapalapa,Not significant,0.06899139227861209,0.785,Not significant,Not significant
0900700012189,Iztapalapa,Not significant,0.21605061874349152,0.375,Not significant,Not significant
0900700012193,Iztapalapa,Low-Low,0.47796147170212,0.027,Not significant,High-Low
0900700012206,Iztapalapa,Not significant,0.6934105062129658,0.439,Not significant,Not significant
0900700012371,Iztapalapa,Not significant,-0.15701226939038584,0.667,Not significant,Not significant
0900700012386,Iztapalapa,Not significant,0.0005214354350847164,0.925,High-High,Not significant
0900700012390,Iztapalapa,Not significant,-0.19371778483757396,0.779,Not significant,Not significant
0900700012437,Iztapalapa,Not significant,0.1598415026567884,0.449,Not significant,Not significant
0900700012441,Iztapalapa,Not significant,0.03699841779364679,0.153,Not significant,Not significant
0900700012456,Iztapalapa,Not significant,0.10988303603331309,0.359,Not significant,Not significant
0900700012460,Iztapalapa,Not significant,0.18658399602747144,0.401,Not significant,Not significant
0900700012494,Iztapalapa,Not significant,-0.03227971833953481,0.167,Not significant,Not significant
0900700012507,Iztapalapa,Not significant,-0.032934383513869084,0.911,Not significant,Not significant
0900700012511,Iztapalapa,Not significant,-0.07285621141478237,0.591,Not significant,Not significant
0900700012526,Iztapalapa,Not significant,-0.057669406500655176,0.657,Not significant,Not significant
0900700012530,Iztapalapa,Not significant,-0.10971662159262888,0.611,Not significant,Not significant
0900700012545,Iztapalapa,Not significant,0.002480245039498766,0.909,Not significant,Not significant
090070001255A,Iztapalapa,Not significant,-0.3430927341682395,0.147,Not significant,Not significant
0900700012564,Iztapalapa,Not significant,0.1900609530056802,0.317,Not significant,Not significant
0900700012579,Iztapalapa,Not significant,0.09433734782174968,0.363,Not significant,Not significant
0900700012600,Iztapalapa,Not significant,-0.02541929998248804,0.903,Not significant,Not significant
0900700012615,Iztapalapa,Not significant,0.7083469407412336,0.159,Not significant,Not significant
090070001262A,Iztapalapa,Low-Low,0.43425921620844643,0.033,Not significant,High-Low
0900700012634,Iztapalapa,Not significant,1.282465178508788,0.055,Not significant,Not significant
0900700012649,Iztapalapa,Low-Low,1.8120486056341454,0.049,High-High,High-Low
0900700012653,Iztapalapa,Low-Low,1.6286924786599066,0.019,Not significant,High-Low
0900700012668,Iztapalapa,Not significant,1.0931677140744893,0.051,Not significant,Not significant
0900700012672,Iztapalapa,Low-Low,0.36932755232506087,0.007,Not significant,Low-Low
0900700012687,Iztapalapa,Not significant,0.6823787803588068,0.095,Not significant,Not significant
0900700012691,Iztapalapa,Not significant,0.07472949219168183,0.173,Not significant,Not significant
0900700012704,Iztapalapa,Not significant,0.5496741328326215,0.073,High-High,Not significant
0900700012719,Iztapalapa,Low-Low,0.9885733605809862,0.003,High-High,High-Low
0900700012723,Iztapalapa,Low-Low,0.6108190873444392,0.031,Not significant,Low-Low
0900700012738,Iztapalapa,Low-Low,0.4198579480923461,0.007,High-High,High-Low
0900700012757,Iztapalapa,Low-Low,0.016523147635868644,0.029,High-High,High-Low
0900700012776,Iztapalapa,Not significant,0.2253451193807775,0.113,High-High,Not significant
0900700012780,Iztapalapa,Low-Low,0.9857784717299876,0.011,Not significant,High-Low
0900700012795,Iztapalapa,High-Low,-0.5316886359524903,0.037,High-High,High-Low
0900700012808,Iztapalapa,Not significant,0.41513426777778084,0.207,Not significant,Not significant
0900700012812,Iztapalapa,Not significant,0.024531861746053693,0.983,Not significant,Not significant
0900700012831,Iztapalapa,Not significant,-0.20610694569107896,0.067,Not significant,Not significant
0900700012846,Iztapalapa,Not significant,0.32797386588029687,0.457,Not significant,Not significant
0900700012850,Iztapalapa,High-Low,-0.22026887133365403,0.027,Not significant,High-Low
090070001287A,Iztapalapa,Not significant,0.29206082321434457,0.059,High-High,Not significant
0900700012884,Iztapalapa,Not significant,0.5066626958735382,0.145,Not significant,Not significant
0900700012899,Iztapalapa,Not significant,0.16014083693379602,0.651,Not significant,Not significant
0900700012901,Iztapalapa,Not significant,0.3942225161445827,0.169,Not significant,Not significant
0900700012920,Iztapalapa,Low-Low,0.3566120093928371,0.035,High-High,High-Low
0900700012935,Iztapalapa,Low-Low,1.3806507880990506,0.011,High-High,High-Low
090070001294A,Iztapalapa,Low-Low,0.8014586963989752,0.005,Not significant,High-Low
0900700012954,Iztapalapa,Low-Low,0.5888159351230252,0.011,Not significant,High-Low
0900700012969,Iztapalapa,Not significant,0.8343696672931544,0.127,Not significant,Not significant
0900700012973,Iztapalapa,Low-Low,1.3445970898874446,0.011,Not significant,High-Low
0900700012988,Iztapalapa,Low-Low,0.4984669882860971,0.031,Not significant,High-Low
0900700013026,Iztapalapa,Not significant,0.1451732526621912,0.295,High-High,Not significant
0900700013030,Iztapalapa,Low-Low,0.7206395961875138,0.023,High-High,High-Low
0900700013045,Iztapalapa,Not significant,0.3047869747970656,0.311,High-High,Not significant
090070001305A,Iztapalapa,Not significant,0.123357445702254,0.085,High-High,Not significant
0900700013064,Iztapalapa,Not significant,0.19137195512838584,0.071,High-High,Not significant
0900700013079,Iztapalapa,High-Low,-0.13886224840223993,0.017,High-High,High-Low
0900700013083,Iztapalapa,Low-Low,1.2869021594345678,0.011,Not significant,High-Low
0900700013100,Iztapalapa,Low-Low,0.8084516341725522,0.003,Not significant,High-Low
0900700013115,Iztapalapa,Low-Low,1.017290246527722,0.019,High-High,High-Low
0900700013134,Iztapalapa,Low-Low,0.13905708669227865,0.023,Not significant,Low-Low
0900700013149,Iztapalapa,Low-Low,0.9122631331991249,0.013,Not significant,High-Low
0900700013153,Iztapalapa,Low-Low,0.9620883255045838,0.003,Not significant,High-Low
0900700013204,Iztapalapa,Not significant,0.5754561830547172,0.219,High-High,Not significant
0900700013219,Iztapalapa,Not significant,0.6294523874780461,0.057,High-High,Not significant
0900700013223,Iztapalapa,Not significant,0.46892920411470257,0.057,High-High,Not significant
0900700013238,Iztapalapa,Low-Low,1.0129918547244867,0.009,High-High,High-Low
0900700013242,Iztapalapa,Low-Low,1.271814794848549,0.019,Not significant,High-Low
0900700013257,Iztapalapa,Low-Low,1.072282360205313,0.019,Not significant,High-Low
0900700013276,Iztapalapa,Low-Low,0.8695181904775198,0.003,Not significant,High-Low
0900700013295,Iztapalapa,Low-Low,0.4026551667795009,0.019,High-High,High-Low
0900700013327,Iztapalapa,Not significant,0.19980204897252274,0.175,Not significant,Not significant
0900700013346,Iztapalapa,Low-Low,0.8116938232125612,0.003,Not significant,Low-Low
0900700013365,Iztapalapa,Low-Low,1.3241543863303957,0.033,Not significant,High-Low
090070001337A,Iztapalapa,Low-Low,0.5695297540706844,0.025,Not significant,High-Low
0900700013401,Iztapalapa,Low-Low,0.7770998809880245,0.003,Not significant,High-Low
0900700013420,Iztapalapa,Low-Low,1.2325025040963322,0.007,Not significant,Low-Low
0900700013488,Iztapalapa,Not significant,0.2910337000986104,0.219,Not significant,Not significant
0900700013492,Iztapalapa,Low-Low,0.026950640290704306,0.021,Not significant,High-Low
0900700013505,Iztapalapa,Not significant,0.250406461537848,0.117,High-High,Not significant
090070001351A,Iztapalapa,Not significant,0.3107585560409911,0.153,Not significant,Not significant
0900700013539,Iztapalapa,Not significant,0.4587520174286909,0.063,Not significant,Not significant
0900700013558,Iztapalapa,Not significant,0.25292210817861394,0.477,Not significant,Not significant
0900700013562,Iztapalapa,Not significant,-0.030811892389252336,0.289,Not significant,Not significant
0900700013577,Iztapalapa,Not significant,-0.09716038347357399,0.353,Not significant,Not significant
0900700013581,Iztapalapa,Not significant,-0.1526910209926879,0.591,Not significant,Not significant
0900700013596,Iztapalapa,Not significant,-0.21349408016301472,0.349,Not significant,Not significant
0900700013613,Iztapalapa,Not significant,-0.21213401848013663,0.445,Not significant,Not significant
0900700013628,Iztapalapa,Not significant,-1.4366253116158918,0.375,Not significant,Not significant
0900700013632,Iztapalapa,Not significant,0.22511010756394484,0.357,Not significant,Not significant
0900700013647,Iztapalapa,Not significant,0.5024349256993864,0.219,Not significant,Not significant
0900700013651,Iztapalapa,Not significant,-0.7079796548597534,0.167,Not significant,Not significant
0900700013666,Iztapalapa,Not significant,0.3004103076419774,0.243,Not significant,Not significant
0900700013670,Iztapalapa,Not significant,0.5539172786489485,0.173,Not significant,Not significant
090070001369A,Iztapalapa,Not significant,0.2694875780330771,0.185,Not significant,Not significant
0900700013702,Iztapalapa,Not significant,0.11761908210097742,0.519,Not significant,Not significant
0900700013717,Iztapalapa,Not significant,0.34815996871769817,0.203,Not significant,Not significant
0900700013721,Iztapalapa,Not significant,0.2148297188197147,0.123,Not significant,Not significant
0900700013740,Iztapalapa,Not significant,-0.03484073697154159,0.709,Not significant,Not significant
0900700013755,Iztapalapa,Not significant,0.17456237222785476,0.263,Not significant,Not significant
090070001376A,Iztapalapa,Not significant,0.0558277457713265,0.721,Not significant,Not significant
0900700013774,Iztapalapa,Not significant,-0.05953526700663162,0.507,Not significant,Not significant
0900700013789,Iztapalapa,Not significant,-0.23242068452772438,0.671,Not significant,Not significant
0900700013793,Iztapalapa,Not significant,0.3427687226657933,0.165,Not significant,Not significant
0900700013806,Iztapalapa,Not significant,-0.19856272049045565,0.249,Not significant,Not significant
0900700013810,Iztapalapa,Not significant,0.0995277920946729,0.851,Not significant,Not significant
0900700013825,Iztapalapa,Not significant,0.280421925493984,0.189,Not significant,Not significant
090070001383A,Iztapalapa,Not significant,-0.11522511900580117,0.647,Not significant,Not significant
0900700013844,Iztapalapa,Not significant,0.09570293991042741,0.913,Not significant,Not significant
0900700013859,Iztapalapa,Not significant,0.6607314213670569,0.153,Not significant,Not significant
0900700013863,Iztapalapa,Not significant,0.3222442571095252,0.311,High-High,Not significant
0900700013897,Iztapalapa,Not significant,0.11612580845988044,0.725,Not significant,Not significant
090070001390A,Iztapalapa,Not significant,0.0026676112815133624,0.763,Not significant,Not significant
0900700013914,Iztapalapa,Not significant,0.16121843275519504,0.321,Not significant,Not significant
0900700013967,Iztapalapa,Not significant,0.41152315158084907,0.223,Not significant,Not significant
0900700013971,Iztapalapa,Not significant,0.5048369667934995,0.493,Not significant,Not significant
0900700013986,Iztapalapa,Not significant,0.1812997035357779,0.341,Not significant,Not significant
0900700013990,Iztapalapa,Not significant,0.4790242026211026,0.239,Not significant,Not significant
090070001401A,Iztapalapa,Not significant,1.1465902807330075,0.193,Not significant,Not significant
0900700014024,Iztapalapa,Not significant,0.8623084321721066,0.059,Not significant,Not significant
0900700014039,Iztapalapa,Not significant,0.6821449773888587,0.167,Not significant,Not significant
0900700014043,Iztapalapa,Not significant,0.5307394262892818,0.059,High-High,Not significant
0900700014058,Iztapalapa,Not significant,0.337628132134804,0.135,High-High,Not significant
0900700014062,Iztapalapa,Not significant,0.5376862910195217,0.099,Not significant,Not significant
0900700014077,Iztapalapa,Low-Low,1.3662809221684669,0.015,Not significant,High-Low
0900700014081,Iztapalapa,Low-Low,1.7192964888387685,0.023,Not significant,High-Low
0900700014096,Iztapalapa,Low-Low,0.5431969570314159,0.037,Not significant,High-Low
0900700014109,Iztapalapa,Low-Low,0.9723438097036802,0.013,Not significant,High-Low
0900700014113,Iztapalapa,Low-Low,0.21379751136240405,0.037,Not significant,Low-Low
0900700014128,Iztapalapa,Not significant,0.5756479517017743,0.277,Not significant,Not significant
0900700014147,Iztapalapa,Not significant,0.42305703187262733,0.469,Not significant,Not significant
0900700014151,Iztapalapa,Not significant,0.5430443949090783,0.073,Not significant,Not significant
0900700014166,Iztapalapa,Not significant,0.2103098420512202,0.087,Not significant,Not significant
0900700014170,Iztapalapa,Not significant,0.4615357003436942,0.103,Not significant,Not significant
0900700014185,Iztapalapa,Not significant,0.740563389771114,0.153,Not significant,Not significant
090070001419A,Iztapalapa,Not significant,1.3219057470343223,0.119,Low-High,Not significant
0900700014202,Iztapalapa,Low-Low,0.6127732845968616,0.019,Not significant,High-Low
0900700014217,Iztapalapa,Not significant,0.3835230240517323,0.089,High-High,Not significant
0900700014236,Iztapalapa,Not significant,0.9190672611117662,0.071,High-High,Not significant
0900700014240,Iztapalapa,Low-Low,0.49134075108230646,0.027,Not significant,High-Low
090070001426A,Iztapalapa,Low-Low,0.8735217394525719,0.009,Not significant,High-Low
0900700014274,Iztapalapa,Low-Low,1.543346294437913,0.045,Not significant,High-Low
0900700014289,Iztapalapa,Low-Low,1.0043561619908856,0.037,Not significant,High-Low
0900700014293,Iztapalapa,Not significant,0.26232845731461113,0.573,Not significant,Not significant
0900700014306,Iztapalapa,Not significant,0.8504692504856833,0.221,Not significant,Not significant
0900700014310,Iztapalapa,Low-Low,0.34154292084195687,0.029,Not significant,High-Low
0900700014325,Iztapalapa,Not significant,0.8677232517991088,0.145,Not significant,Not significant
090070001433A,Iztapalapa,Not significant,0.37678277216876455,0.133,Not significant,Not significant
0900700014344,Iztapalapa,Not significant,0.4556143154329949,0.111,Not significant,Not significant
0900700014359,Iztapalapa,Not significant,0.5812061279690274,0.113,Not significant,Not significant
0900700014363,Iztapalapa,Not significant,0.5642691268233333,0.057,Not significant,Not significant
0900700014382,Iztapalapa,Low-Low,0.9279357912236952,0.013,Not significant,High-Low
0900700014397,Iztapalapa,Low-Low,0.39759518203812905,0.043,Low-High,Low-Low
090070001440A,Iztapalapa,Not significant,0.7133835031723976,0.075,Not significant,Not significant
0900700014414,Iztapalapa,Not significant,0.16309901806729202,0.369,Not significant,Not significant
0900700014429,Iztapalapa,Not significant,-0.027432954545489295,0.393,Not significant,Not significant
0900700014433,Iztapalapa,Low-Low,0.26996020011918925,0.007,Not significant,Low-Low
0900700014448,Iztapalapa,Low-Low,0.6222880254496469,0.027,Not significant,Low-Low
0900700014452,Iztapalapa,Low-Low,1.8856440638088314,0.005,Not significant,Low-Low
0900700014467,Iztapalapa,Not significant,2.410001140767977,0.053,Not significant,Not significant
0900700014471,Iztapalapa,Low-Low,1.2959784368800715,0.003,Low-Low,Low-Low
0900700014503,Iztapalapa,Low-Low,2.1027722326464637,0.035,Not significant,High-Low
0900700014522,Iztapalapa,Low-Low,1.1953437938769664,0.003,Not significant,Low-Low
0900700014537,Iztapalapa,Low-Low,3.576707365747649,0.021,Not significant,Low-Low
0900700014541,Iztapalapa,Low-Low,1.8738649064287223,0.003,Not significant,Low-Low
0900700014556,Iztapalapa,Low-Low,2.3119506008914827,0.003,Not significant,Low-Low
0900700014560,Iztapalapa,Not significant,0.37390152797350606,0.511,Not significant,Not significant
0900700014575,Iztapalapa,Low-Low,1.007556461302104,0.037,Not significant,High-Low
0900700014594,Iztapalapa,Not significant,1.7270005663630854,0.129,Not significant,Not significant
0900700014611,Iztapalapa,Not significant,1.3186462430812864,0.171,Not significant,Not significant
0900700014645,Iztapalapa,High-Low,-0.03017120298072633,0.005,Not significant,Low-Low
090070001465A,Iztapalapa,Not significant,0.2172955037453206,0.339,Not significant,Not significant
0900700014664,Iztapalapa,Not significant,0.25375425620344594,0.555,Not significant,Not significant
0900700014683,Iztapalapa,Not significant,0.831905283075558,0.383,Not significant,Not significant
0900700014698,Iztapalapa,Not significant,0.09463000711900614,0.329,Not significant,Not significant
090070001472A,Iztapalapa,Not significant,0.028573485121887867,0.719,Not significant,Not significant
0900700014734,Iztapalapa,Not significant,0.021676570174440097,0.917,Not significant,Not significant
0900700014749,Iztapalapa,Low-Low,0.29047755017059523,0.011,Not significant,High-Low
0900700014768,Iztapalapa,Low-Low,0.32387546903135944,0.007,High-High,High-Low
0900700014772,Iztapalapa,Low-Low,1.122402961469694,0.033,Not significant,High-Low
0900700014791,Iztapalapa,Not significant,0.24191336141055308,0.791,Not significant,Not significant
0900700014804,Iztapalapa,Not significant,0.7171224595623159,0.295,Not significant,Not significant
0900700014838,Iztapalapa,Not significant,0.3509348949959094,0.141,Not significant,Not significant
0900700014842,Iztapalapa,Low-Low,0.5082120792908569,0.029,Not significant,Low-Low
0900700014857,Iztapalapa,Low-Low,1.3220265308439738,0.009,Not significant,Low-Low
0900700014861,Iztapalapa,Not significant,1.3879441571803763,0.061,Not significant,Not significant
0900700014876,Iztapalapa,Low-Low,1.2348090139846255,0.017,Not significant,High-Low
0900700014880,Iztapalapa,Low-Low,1.1635077705108925,0.019,Not significant,High-Low
0900700014895,Iztapalapa,Not significant,-0.032542581398081465,0.401,Not significant,Not significant
0900700014908,Iztapalapa,Not significant,0.015118221737333725,0.473,Not significant,Not significant
0900700014912,Iztapalapa,Not significant,0.015903407132979747,0.479,Not significant,Not significant
0900700014927,Iztapalapa,Not significant,-0.10882508326965488,0.281,Not significant,Not significant
0900700014931,Iztapalapa,Not significant,0.2773278642383968,0.373,High-High,Not significant
0900700014946,Iztapalapa,Not significant,0.4586849439730631,0.313,High-High,Not significant
0900700014965,Iztapalapa,Not significant,0.3576277037746543,0.173,Not significant,Not significant
090070001497A,Iztapalapa,Not significant,-0.13558204574231486,0.729,Not significant,Not significant
0900700014984,Iztapalapa,Not significant,-0.2031301868631322,0.703,Not significant,Not significant
0900700014999,Iztapalapa,Not significant,-0.43447326321418006,0.223,Not significant,Not significant
0900700015003,Iztapalapa,Not significant,-0.015487654021407239,0.981,Not significant,Not significant
0900700015018,Iztapalapa,Not significant,0.041550783903478355,0.221,Not significant,Not significant
0900700015037,Iztapalapa,Not significant,0.43803059698373337,0.057,Not significant,Not significant
0900700015041,Iztapalapa,Not significant,1.128311309633832,0.059,Not significant,Not significant
0900700015056,Iztapalapa,Not significant,0.981118843324133,0.051,Not significant,Not significant
0900700015060,Iztapalapa,Not significant,0.12191260596553323,0.057,Not significant,Not significant
0900700015075,Iztapalapa,Low-Low,0.9831262975531047,0.013,Not significant,High-Low
090070001508A,Iztapalapa,Low-Low,1.319195252279554,0.023,Not significant,High-Low
0900700015094,Iztapalapa,Low-Low,1.8503518980095,0.013,Not significant,Low-Low
0900700015107,Iztapalapa,Not significant,0.05312681737897567,0.075,Not significant,Not significant
0900700015111,Iztapalapa,Not significant,0.8255459441702067,0.265,Not significant,Not significant
0900700015126,Iztapalapa,Not significant,0.7320679793849295,0.369,Not significant,Not significant
0900700015130,Iztapalapa,Not significant,0.4674346455046042,0.167,Not significant,Not significant
0900700015145,Iztapalapa,Not significant,0.3829651003025547,0.113,Not significant,Not significant
090070001515A,Iztapalapa,Low-Low,0.03359030440633543,0.017,Not significant,Low-Low
0900700015179,Iztapalapa,Low-Low,1.104744784781762,0.021,Not significant,High-Low
0900700015183,Iztapalapa,Low-Low,1.9142942579863118,0.017,Not significant,High-Low
0900700015198,Iztapalapa,High-Low,-0.08666537463072442,0.003,Not significant,Low-Low
0900700015200,Iztapalapa,Not significant,-0.007758962892080872,0.935,Not significant,Not significant
0900700015215,Iztapalapa,Low-Low,0.3569235710174994,0.007,Not significant,High-Low
090070001522A,Iztapalapa,High-Low,-0.00030996119387368396,0.005,Not significant,Low-Low
0900700015249,Iztapalapa,Low-Low,0.7880084497818434,0.043,Not significant,Low-Low
0900700015253,Iztapalapa,Not significant,0.22039859956747412,0.521,Not significant,Not significant
0900700015268,Iztapalapa,Not significant,0.13392467747892997,0.563,Not significant,Not significant
0900700015272,Iztapalapa,Not significant,0.06156613292260998,0.699,Not significant,Not significant
0900700015287,Iztapalapa,Not significant,-0.006617992268096376,0.863,Not significant,Not significant
0900700015291,Iztapalapa,Not significant,0.36296634287145146,0.101,High-High,Not significant
0900700015304,Iztapalapa,Not significant,0.6839009353065191,0.131,High-High,Not significant
0900700015319,Iztapalapa,Low-Low,1.558539642676376,0.005,Not significant,High-Low
0900700015323,Iztapalapa,Low-Low,0.9215445616742077,0.025,Not significant,Low-Low
0900700015338,Iztapalapa,Low-Low,1.2648809549915498,0.003,Not significant,Low-Low
0900700015342,Iztapalapa,Not significant,0.9105477208315854,0.077,Not significant,Not significant
0900700015357,Iztapalapa,Low-Low,0.2163722166003132,0.039,Not significant,High-Low
0900700015361,Iztapalapa,Low-Low,0.5420046966267122,0.013,Not significant,Low-Low
0900700015376,Iztapalapa,Not significant,2.16499903641849,0.161,Low-Low,Not significant
0900700015380,Iztapalapa,Low-Low,0.5078731907033639,0.005,Not significant,High-Low
0900700015395,Iztapalapa,Not significant,0.6788711479396281,0.401,Not significant,Not significant
0900700015408,Iztapalapa,Not significant,0.18309835998422405,0.683,Not significant,Not significant
0900700015412,Iztapalapa,Not significant,1.5898471005637727,0.061,High-High,Not significant
0900700015427,Iztapalapa,Not significant,0.5669676859644945,0.253,Not significant,Not significant
0900700015431,Iztapalapa,Not significant,0.0050655192304712654,0.919,Not significant,Not significant
0900700015446,Iztapalapa,Not significant,0.028329154495755512,0.587,Not significant,Not significant
0900700015450,Iztapalapa,Not significant,0.35665101648097347,0.067,Not significant,Not significant
0900700015465,Iztapalapa,Not significant,1.2162377483992088,0.145,Not significant,Not significant
090070001547A,Iztapalapa,Not significant,-0.2081413041870133,0.329,Not significant,Not significant
0900700015484,Iztapalapa,Low-Low,0.8492590802423378,0.003,Not significant,High-Low
0900700015499,Iztapalapa,Low-Low,0.7246779911933297,0.021,High-High,High-Low
0900700015501,Iztapalapa,Not significant,0.9888959282164406,0.163,High-High,Not significant
0900700015516,Iztapalapa,Low-Low,0.3194572089893993,0.025,High-High,High-Low
0900700015520,Iztapalapa,Not significant,0.7612628786480958,0.073,High-High,Not significant
0900700015535,Iztapalapa,Not significant,0.34126569623459,0.331,Not significant,Not significant
090070001554A,Iztapalapa,Not significant,0.22546432834964034,0.509,Not significant,Not significant
0900700015554,Iztapalapa,Low-Low,0.631868470275246,0.041,High-High,High-Low
0900700015569,Iztapalapa,Not significant,1.2035980880050403,0.091,High-High,Not significant
0900700015573,Iztapalapa,Not significant,0.7846496072309844,0.051,High-High,Not significant
0900700015588,Iztapalapa,Low-Low,0.9591150329395041,0.035,High-High,High-Low
0900700015592,Iztapalapa,Not significant,-0.06385353753734174,0.377,Not significant,Not significant
0900700015605,Iztapalapa,Not significant,0.12714912642475087,0.411,Not significant,Not significant
090070001561A,Iztapalapa,Low-Low,3.4493747196432967,0.009,Not significant,Low-Low
0900700015624,Iztapalapa,Low-Low,1.166000718356502,0.003,Low-Low,Low-Low
0900700015639,Iztapalapa,Not significant,-0.05682741845852746,0.925,Not significant,Not significant
0900700015643,Iztapalapa,Not significant,0.7330702450611689,0.061,Not significant,Not significant
0900700015658,Iztapalapa,Not significant,0.6191047598377488,0.083,Not significant,Not significant
0900700015662,Iztapalapa,Not significant,-0.41690878163614387,0.205,Not significant,Not significant
0900700015677,Iztapalapa,Not significant,0.160004581477332,0.093,Not significant,Not significant
0900700015681,Iztapalapa,Not significant,0.29213393776412727,0.537,Not significant,Not significant
0900700015696,Iztapalapa,Not significant,-0.3265786762485045,0.255,Not significant,Not significant
0900700015709,Iztapalapa,Not significant,0.056194491370349646,0.433,Not significant,Not significant
0900700015713,Iztapalapa,Not significant,0.2794647758334169,0.143,Not significant,Not significant
0900700015728,Iztapalapa,Not significant,0.9514870789261932,0.055,Not significant,Not significant
0900700015732,Iztapalapa,Not significant,1.0179399694437121,0.127,High-High,Not significant
0900700015747,Iztapalapa,Not significant,0.9505619382656256,0.191,Not significant,Not significant
0900700015751,Iztapalapa,Low-Low,1.7203707114536224,0.023,Not significant,Low-Low
0900700015766,Iztapalapa,Low-Low,0.4152705245623461,0.003,Not significant,High-Low
0900700015770,Iztapalapa,Low-Low,1.5911247153560364,0.023,Not significant,Low-Low
0900700015785,Iztapalapa,High-Low,-0.2016461840275308,0.009,Not significant,Low-Low
0900700015817,Iztapalapa,Low-Low,2.27492570542732,0.009,Not significant,Low-Low
0900700015840,Iztapalapa,Low-Low,0.8612088529841727,0.029,Not significant,Low-Low
0900700015855,Iztapalapa,Not significant,0.8914352104070852,0.481,Not significant,Not significant
090070001586A,Iztapalapa,Low-Low,3.0442710115503098,0.009,Low-Low,Low-Low
0900700015874,Iztapalapa,Low-Low,2.3211408776126023,0.003,Low-Low,Low-Low
0900700015889,Iztapalapa,Not significant,0.6399350068946201,0.345,Not significant,Not significant
0900700015893,Iztapalapa,Not significant,0.5924609075778955,0.071,Not significant,Not significant
0900700015906,Iztapalapa,Not significant,0.20672140625462299,0.361,Not significant,Not significant
0900700015910,Iztapalapa,Not significant,0.3152615760626114,0.271,Not significant,Not significant
0900700015925,Iztapalapa,Not significant,1.2360187399691904,0.075,Not significant,Not significant
090070001593A,Iztapalapa,Not significant,1.0651776063404315,0.121,Not significant,Not significant
0900800010014,La Magdalena Contreras,Not significant,-0.0001350530901921628,0.907,Low-Low,Not significant
0900800010029,La Magdalena Contreras,Not significant,0.027167445982035587,0.169,Not significant,Not significant
0900800010033,La Magdalena Contreras,Not significant,0.4368740784255537,0.341,Not significant,Not significant
0900800010048,La Magdalena Contreras,Not significant,-0.1260471111471551,0.361,Not significant,Not significant
0900800010052,La Magdalena Contreras,Not significant,-0.00176614258200714,0.907,Low-Low,Not significant
0900800010067,La Magdalena Contreras,Not significant,-0.02978157863468559,0.861,Not significant,Not significant
0900800010071,La Magdalena Contreras,Not significant,-0.49475236532874983,0.445,Low-Low,Not significant
0900800010086,La Magdalena Contreras,Not significant,0.6356809934393685,0.203,Low-Low,Not significant
0900800010090,La Magdalena Contreras,Not significant,0.18940886635106677,0.147,Not significant,Not significant
0900800010103,La Magdalena Contreras,Not significant,0.15534253982777518,0.723,Not significant,Not significant
0900800010118,La Magdalena Contreras,Not significant,0.05405394203085333,0.887,Low-Low,Not significant
0900800010122,La Magdalena Contreras,Not significant,0.130262621662181,0.583,Low-Low,Not significant
0900800010137,La Magdalena Contreras,Not significant,0.06976689895676191,0.701,Not significant,Not significant
0900800010141,La Magdalena Contreras,Not significant,-0.014690856920709499,0.359,Not significant,Not significant
0900800010156,La Magdalena Contreras,Not significant,0.016161859772404596,0.427,Not significant,Not significant
0900800010160,La Magdalena Contreras,Not significant,0.010161887025273705,0.711,Not significant,Not significant
0900800010175,La Magdalena Contreras,Not significant,-0.004864658274973056,0.913,Not significant,Not significant
090080001018A,La Magdalena Contreras,Not significant,0.012257616509574605,0.601,Not significant,Not significant
0900800010194,La Magdalena Contreras,Not significant,0.4368022206974472,0.097,Not significant,Not significant
0900800010207,La Magdalena Contreras,Not significant,-0.00104111405392007,0.975,Not significant,Not significant
0900800010211,La Magdalena Contreras,Not significant,-0.021324474549749464,0.691,Not significant,Not significant
0900800010226,La Magdalena Contreras,Not significant,0.00605890965836173,0.965,Not significant,Not significant
0900800010230,La Magdalena Contreras,Not significant,-0.008200488833369459,0.825,Not significant,Not significant
0900800010245,La Magdalena Contreras,Not significant,-0.0003045544826678669,0.941,Not significant,Not significant
090080001025A,La Magdalena Contreras,Not significant,-0.015739979098422077,0.667,Not significant,Not significant
0900800010264,La Magdalena Contreras,Not significant,-0.01730254454951341,0.577,Not significant,Not significant
0900800010283,La Magdalena Contreras,Not significant,0.2815766432461239,0.287,Not significant,Not significant
0900800010298,La Magdalena Contreras,Not significant,0.0024399658634920787,0.979,Not significant,Not significant
0900800010300,La Magdalena Contreras,Not significant,0.00732403709945026,0.747,Not significant,Not significant
0900800010315,La Magdalena Contreras,Not significant,0.051360247929826554,0.839,Not significant,Not significant
090080001032A,La Magdalena Contreras,Not significant,0.05708047669854798,0.543,Not significant,Not significant
0900800010334,La Magdalena Contreras,Not significant,-0.08179577759757141,0.693,Not significant,Not significant
0900800010349,La Magdalena Contreras,Not significant,-0.014495829514571845,0.777,Not significant,Not significant
0900800010353,La Magdalena Contreras,Not significant,0.006506335678043749,0.893,Not significant,Not significant
0900800010387,La Magdalena Contreras,Not significant,0.01706367214296299,0.643,Not significant,Not significant
0900800010404,La Magdalena Contreras,Not significant,0.027964888572347753,0.571,Not significant,Not significant
0900800010423,La Magdalena Contreras,Not significant,-0.0004360934556099989,0.867,Not significant,Not significant
0900800010438,La Magdalena Contreras,Not significant,0.25583220430836917,0.087,Not significant,Not significant
0900800010457,La Magdalena Contreras,Not significant,-0.0014372130658178912,0.897,Not significant,Not significant
0900800010461,La Magdalena Contreras,Not significant,0.04674288888994207,0.623,Not significant,Not significant
0900800010476,La Magdalena Contreras,Not significant,0.5457611476021901,0.161,Not significant,Not significant
0900800010495,La Magdalena Contreras,Not significant,-0.003628675272435714,0.961,Not significant,Not significant
0900800010508,La Magdalena Contreras,Not significant,-0.044096936409512746,0.927,Not significant,Not significant
0900800010512,La Magdalena Contreras,Not significant,0.18158633383406053,0.315,Not significant,Not significant
0900800010527,La Magdalena Contreras,Not significant,0.22273974895685056,0.315,Not significant,Not significant
0900800010531,La Magdalena Contreras,Not significant,0.002060492345344419,0.999,Not significant,Not significant
0900800010546,La Magdalena Contreras,Not significant,-0.0454116062365008,0.431,Not significant,Not significant
0900800010550,La Magdalena Contreras,Not significant,-0.010485161620466688,0.741,Not significant,Not significant
0900800010565,La Magdalena Contreras,Not significant,0.0054468043970954064,0.857,Not significant,Not significant
090080001057A,La Magdalena Contreras,Not significant,0.030531878755707745,0.675,Not significant,Not significant
0900800010584,La Magdalena Contreras,Not significant,0.449989448925289,0.123,Not significant,Not significant
0900800010599,La Magdalena Contreras,Not significant,0.18498112509208425,0.555,Not significant,Not significant
0900900010026,Milpa Alta,Not significant,-0.07074350844970759,0.909,Not significant,Not significant
0900900010308,Milpa Alta,Not significant,-0.0608041104823679,0.447,Not significant,Not significant
0900900010312,Milpa Alta,Not significant,-0.007602857699304569,0.595,Not significant,Not significant
0900900010327,Milpa Alta,Not significant,0.020791767031894455,0.931,Not significant,Not significant
0900900010331,Milpa Alta,Not significant,0.1484892065653004,0.313,Not significant,Not significant
0900900010505,Milpa Alta,Not significant,-1.156311267400152,0.155,Not significant,Not significant
0900900010562,Milpa Alta,Not significant,0.013079188886375843,0.905,Not significant,Not significant
0900900110401,Milpa Alta,Not significant,0.11049212370308269,0.475,Not significant,Not significant
0900900110416,Milpa Alta,Not significant,-0.14689739130962093,0.403,Not significant,Not significant
0900900110420,Milpa Alta,Not significant,-3.8198493435142636e-05,0.963,Not significant,Not significant
0900900110435,Milpa Alta,Not significant,0.005283752741580072,0.761,Not significant,Not significant
090090011051A,Milpa Alta,Not significant,0.024552585899802526,0.987,Not significant,Not significant
090090015012A,Milpa Alta,Not significant,-0.0,1.999,Not significant,Not significant
0900900170365,Milpa Alta,Not significant,-0.07959212330606406,0.545,Not significant,Not significant
090090017037A,Milpa Alta,Not significant,0.0014365006557742455,0.971,Not significant,Not significant
0900900170384,Milpa Alta,Not significant,-0.21041276409989856,0.443,Not significant,Not significant
0900900170399,Milpa Alta,Not significant,-0.06066316991999384,0.697,Not significant,Not significant
0900900240191,Milpa Alta,Not significant,0.30066023437522216,0.073,Not significant,Not significant
0900900240204,Milpa Alta,Not significant,0.6263495052817779,0.071,Low-Low,Not significant
0900900240219,Milpa Alta,Not significant,0.4306469478714285,0.213,Not significant,Not significant
0900900240577,Milpa Alta,Not significant,0.5415432970780815,0.241,Not significant,Not significant
0900900240596,Milpa Alta,Not significant,0.753275924719541,0.269,Not significant,Not significant
090090029044A,Milpa Alta,Not significant,-0.1569958224783146,0.713,Not significant,Not significant
0900900290454,Milpa Alta,Not significant,0.006663851428256878,0.973,Not significant,Not significant
0900900290469,Milpa Alta,Not significant,-0.0040007153700232665,0.975,Not significant,Not significant
0900900290473,Milpa Alta,Not significant,-0.3051349440104359,0.517,Not significant,Not significant
0900900330346,Milpa Alta,Not significant,0.2630445521842768,0.083,Low-Low,Not significant
0900900330350,Milpa Alta,Not significant,0.47338923325409477,0.071,Low-Low,Not significant
0900900330488,Milpa Alta,Not significant,0.24855517305501212,0.471,Not significant,Not significant
0900900360223,Milpa Alta,Not significant,-0.03339855609662264,0.709,Not significant,Not significant
0900900360238,Milpa Alta,Not significant,0.057416613307186254,0.767,Not significant,Not significant
0900900360242,Milpa Alta,Not significant,0.03834261494340218,0.915,Not significant,Not significant
0900901520613,Milpa Alta,Not significant,0.033586298490263795,0.709,Not significant,Not significant
0900901520628,Milpa Alta,Not significant,0.06275769740037193,0.871,Not significant,Not significant
0900903000632,Milpa Alta,Not significant,0.05955408729567554,0.693,Not significant,Not significant
0900903000647,Milpa Alta,Not significant,0.539007369412007,0.661,Not significant,Not significant
0901000010012,Álvaro Obregón,Not significant,0.04748518854624543,0.583,Not significant,Not significant
0901000010027,Álvaro Obregón,Not significant,0.024687081814253733,0.401,Not significant,Not significant
0901000010031,Álvaro Obregón,Not significant,0.16782694494061287,0.513,Not significant,Not significant
0901000010046,Álvaro Obregón,Not significant,0.00615378508153448,0.777,Not significant,Not significant
0901000010050,Álvaro Obregón,Not significant,-0.03862401383621683,0.623,Not significant,Not significant
0901000010065,Álvaro Obregón,Not significant,0.05176830519742387,0.551,Not significant,Not significant
0901000010084,Álvaro Obregón,Not significant,0.026160137620895824,0.757,Not significant,Not significant
0901000010099,Álvaro Obregón,Not significant,-0.006732843265312405,0.815,Not significant,Not significant
0901000010101,Álvaro Obregón,Not significant,0.030797999277404682,0.823,Not significant,Not significant
0901000010116,Álvaro Obregón,Not significant,-0.004380851018900014,0.939,Not significant,Not significant
0901000010135,Álvaro Obregón,Not significant,-0.12678549966088765,0.211,Not significant,Not significant
090100001014A,Álvaro Obregón,Not significant,-0.061273302100255354,0.667,Not significant,Not significant
0901000010169,Álvaro Obregón,Not significant,-0.06609040323925866,0.753,Not significant,Not significant
0901000010173,Álvaro Obregón,Not significant,-0.1734691591552996,0.213,Not significant,Not significant
0901000010188,Álvaro Obregón,Low-Low,0.6945130732931282,0.005,High-Low,High-Low
0901000010192,Álvaro Obregón,Not significant,-0.3119777643874601,0.161,Not significant,Not significant
0901000010205,Álvaro Obregón,Low-Low,6.222328200396081,0.003,Low-Low,Low-Low
090100001021A,Álvaro Obregón,Not significant,1.7647389626591539,0.055,Low-Low,Not significant
0901000010239,Álvaro Obregón,Not significant,-0.22791877252114645,0.529,Not significant,Not significant
0901000010243,Álvaro Obregón,Not significant,-0.1398549381398154,0.065,Not significant,Not significant
0901000010258,Álvaro Obregón,Low-Low,4.530480083796,0.037,Low-Low,Low-Low
0901000010296,Álvaro Obregón,Not significant,-0.29351605492713584,0.261,Not significant,Not significant
0901000010309,Álvaro Obregón,Not significant,-0.29188074310769935,0.221,Not significant,Not significant
0901000010313,Álvaro Obregón,Not significant,0.2851076397736618,0.333,Not significant,Not significant
0901000010328,Álvaro Obregón,Not significant,0.17654875705959774,0.131,Not significant,Not significant
0901000010332,Álvaro Obregón,Not significant,0.2786867697298585,0.145,Not significant,Not significant
0901000010347,Álvaro Obregón,Not significant,0.2861139992623758,0.099,Not significant,Not significant
0901000010351,Álvaro Obregón,Low-Low,0.6616988557673762,0.029,Not significant,High-Low
0901000010370,Álvaro Obregón,Not significant,0.4547394092215973,0.121,Not significant,Not significant
0901000010385,Álvaro Obregón,Not significant,0.08453035406499963,0.649,Not significant,Not significant
0901000010417,Álvaro Obregón,Not significant,-0.030446112854818717,0.559,Not significant,Not significant
0901000010421,Álvaro Obregón,Not significant,-0.18739237890082805,0.377,Not significant,Not significant
0901000010440,Álvaro Obregón,Not significant,0.3551499410905922,0.105,Not significant,Not significant
0901000010455,Álvaro Obregón,Not significant,0.2792553801025592,0.261,Not significant,Not significant
0901000010474,Álvaro Obregón,Not significant,0.006855214095299091,0.933,Not significant,Not significant
0901000010489,Álvaro Obregón,Not significant,0.03841235496531127,0.469,Not significant,Not significant
0901000010493,Álvaro Obregón,Not significant,-0.00034683923869840386,0.697,Not significant,Not significant
0901000010506,Álvaro Obregón,Not significant,-0.12682513576441437,0.651,Not significant,Not significant
0901000010510,Álvaro Obregón,Not significant,0.07504943587187075,0.489,Not significant,Not significant
0901000010525,Álvaro Obregón,Not significant,0.04983720230532695,0.265,Not significant,Not significant
090100001053A,Álvaro Obregón,Not significant,0.24326746790319925,0.161,Not significant,Not significant
0901000010544,Álvaro Obregón,Not significant,0.18583386421240897,0.115,Not significant,Not significant
0901000010559,Álvaro Obregón,Not significant,0.061748874335687376,0.125,Not significant,Not significant
0901000010563,Álvaro Obregón,Not significant,0.26992487391826353,0.189,Not significant,Not significant
0901000010578,Álvaro Obregón,Low-Low,0.6641256844187671,0.007,Not significant,High-Low
0901000010597,Álvaro Obregón,Not significant,-0.02791152033730144,0.865,Not significant,Not significant
090100001060A,Álvaro Obregón,Not significant,-0.005047212505962592,0.991,Not significant,Not significant
0901000010614,Álvaro Obregón,Not significant,-0.0010167869107672203,0.955,Not significant,Not significant
0901000010629,Álvaro Obregón,Not significant,0.12462203656016412,0.537,Not significant,Not significant
0901000010633,Álvaro Obregón,Not significant,0.18820176834606295,0.643,Low-Low,Not significant
0901000010648,Álvaro Obregón,Not significant,-0.33866617659952003,0.343,Not significant,Not significant
0901000010667,Álvaro Obregón,Not significant,-0.06228525983764974,0.057,Not significant,Not significant
0901000010671,Álvaro Obregón,Not significant,0.4601021037352527,0.185,Not significant,Not significant
0901000010686,Álvaro Obregón,Not significant,-0.0013390526816204592,0.281,Not significant,Not significant
0901000010690,Álvaro Obregón,Not significant,-0.49715352580154354,0.225,High-Low,Not significant
0901000010703,Álvaro Obregón,Not significant,0.3624292253015814,0.337,Low-Low,Not significant
0901000010718,Álvaro Obregón,Not significant,0.20957724815317907,0.827,Low-Low,Not significant
0901000010722,Álvaro Obregón,Not significant,0.0407740176586289,0.315,Low-Low,Not significant
0901000010737,Álvaro Obregón,Not significant,-0.06341351063042679,0.757,Not significant,Not significant
0901000010741,Álvaro Obregón,Low-Low,0.23221707337785763,0.019,Low-Low,Low-Low
0901000010756,Álvaro Obregón,Not significant,6.738609830944563e-06,0.905,Not significant,Not significant
0901000010760,Álvaro Obregón,Not significant,0.372334713221425,0.075,Not significant,Not significant
0901000010775,Álvaro Obregón,Low-Low,2.1308940565382493,0.011,Low-Low,Low-Low
090100001078A,Álvaro Obregón,Not significant,2.5978529108610138,0.087,Low-Low,Not significant
0901000010794,Álvaro Obregón,Not significant,0.34462850931330874,0.067,Low-Low,Not significant
0901000010807,Álvaro Obregón,Low-Low,0.5199465933990316,0.013,Low-Low,Low-Low
0901000010811,Álvaro Obregón,Not significant,-0.5973107787674058,0.189,Low-Low,Not significant
0901000010826,Álvaro Obregón,Not significant,-0.19429527049762624,0.615,Not significant,Not significant
0901000010830,Álvaro Obregón,Not significant,0.3390652547131247,0.273,Not significant,Not significant
0901000010845,Álvaro Obregón,Not significant,0.5226143721873638,0.061,Not significant,Not significant
0901000010864,Álvaro Obregón,Not significant,0.28616802896885496,0.099,Not significant,Not significant
0901000010898,Álvaro Obregón,Not significant,-0.3407375894097989,0.095,Not significant,Not significant
0901000010900,Álvaro Obregón,Not significant,0.12937306454021016,0.367,Not significant,Not significant
0901000010915,Álvaro Obregón,Not significant,-0.07454056569903368,0.631,Not significant,Not significant
090100001092A,Álvaro Obregón,Not significant,-0.14483675693270326,0.475,Not significant,Not significant
0901000010949,Álvaro Obregón,Not significant,-0.2522750559933067,0.657,Low-Low,Not significant
0901000010953,Álvaro Obregón,Not significant,0.14263939218029179,0.109,Low-Low,Not significant
0901000010968,Álvaro Obregón,Not significant,0.06006283833491085,0.639,Low-Low,Not significant
0901000010972,Álvaro Obregón,Not significant,0.38500179697200443,0.077,Not significant,Not significant
0901000010987,Álvaro Obregón,High-High,3.6577241948351493,0.003,Not significant,High-High
0901000010991,Álvaro Obregón,High-High,2.7570857409767835,0.003,Not significant,Low-High
0901000011006,Álvaro Obregón,High-High,1.7265250673318424,0.003,Not significant,Low-High
0901000011010,Álvaro Obregón,Not significant,-0.0027305108626794706,0.991,Low-Low,Not significant
0901000011025,Álvaro Obregón,Not significant,-0.8583996012872472,0.243,Not significant,Not significant
090100001103A,Álvaro Obregón,Low-High,-0.09405777667999599,0.033,Low-Low,Low-High
0901000011044,Álvaro Obregón,High-High,1.2792709595838498,0.015,Not significant,Low-High
0901000011059,Álvaro Obregón,High-High,3.346351615678145,0.003,Not significant,High-High
0901000011063,Álvaro Obregón,High-High,0.04172041238737902,0.015,Not significant,Low-High
0901000011078,Álvaro Obregón,Not significant,0.5364918791631416,0.079,Not significant,Not significant
090100001110A,Álvaro Obregón,High-High,0.585680824343765,0.035,Not significant,Low-High
0901000011114,Álvaro Obregón,High-High,1.6319253887286616,0.019,Not significant,Low-High
0901000011129,Álvaro Obregón,High-High,3.7647837343934007,0.005,Not significant,High-High
0901000011133,Álvaro Obregón,High-High,3.457942132580731,0.003,Not significant,Low-High
0901000011148,Álvaro Obregón,Not significant,0.8729148076750892,0.065,Low-Low,Not significant
0901000011152,Álvaro Obregón,Not significant,0.5155639402166944,0.199,Not significant,Not significant
0901000011171,Álvaro Obregón,Not significant,-0.08017293139490701,0.665,Low-Low,Not significant
0901000011186,Álvaro Obregón,Not significant,0.01755890024823511,0.919,Not significant,Not significant
0901000011190,Álvaro Obregón,High-High,1.5052119654134768,0.019,Not significant,High-High
0901000011218,Álvaro Obregón,Not significant,0.03474752350960603,0.847,Not significant,Not significant
0901000011222,Álvaro Obregón,Not significant,0.33228766612064076,0.179,Not significant,Not significant
0901000011237,Álvaro Obregón,High-High,0.7583578934495326,0.019,Not significant,Low-High
0901000011241,Álvaro Obregón,High-High,1.3034618841318093,0.009,Not significant,Low-High
0901000011260,Álvaro Obregón,High-High,1.2445359273470649,0.049,Low-Low,Low-High
0901000011275,Álvaro Obregón,Low-High,-0.0649867733373714,0.011,Low-Low,Low-High
090100001128A,Álvaro Obregón,High-High,1.3570609743548088,0.025,Low-Low,Low-High
0901000011294,Álvaro Obregón,Not significant,0.21105747842287848,0.057,Low-Low,Not significant
0901000011307,Álvaro Obregón,High-High,1.081540375410518,0.031,Low-Low,Low-High
0901000011330,Álvaro Obregón,Not significant,0.29335296129378696,0.093,Not significant,Not significant
0901000011345,Álvaro Obregón,Not significant,0.23003302563115904,0.117,High-Low,Not significant
090100001135A,Álvaro Obregón,Not significant,0.40376837473865246,0.147,High-Low,Not significant
0901000011364,Álvaro Obregón,Not significant,-0.056005700871612295,0.173,Not significant,Not significant
0901000011379,Álvaro Obregón,Not significant,0.7810273424070208,0.373,Not significant,Not significant
0901000011434,Álvaro Obregón,Not significant,-0.07931553537307087,0.779,Not significant,Not significant
0901000011453,Álvaro Obregón,Not significant,0.02562257221738976,0.895,Not significant,Not significant
0901000011468,Álvaro Obregón,Low-Low,1.3345646994931482,0.037,Not significant,Low-Low
0901000011472,Álvaro Obregón,Not significant,0.01580614316785508,0.917,Low-Low,Not significant
0901000011487,Álvaro Obregón,Low-Low,0.8192684251901041,0.049,Not significant,High-Low
0901000011519,Álvaro Obregón,Not significant,0.062191910236484384,0.055,Not significant,Not significant
0901000011523,Álvaro Obregón,Not significant,0.09221479706416218,0.513,Not significant,Not significant
0901000011542,Álvaro Obregón,Not significant,1.3822477407919107,0.233,Not significant,Not significant
0901000011557,Álvaro Obregón,Not significant,0.41423157416023654,0.065,Not significant,Not significant
0901000011561,Álvaro Obregón,Not significant,0.41936639777648577,0.127,Not significant,Not significant
0901000011580,Álvaro Obregón,Not significant,0.49217983859025133,0.101,Not significant,Not significant
0901000011595,Álvaro Obregón,Not significant,0.46940045681124515,0.131,Not significant,Not significant
0901000011627,Álvaro Obregón,Not significant,0.2024782094550675,0.147,Not significant,Not significant
0901000011631,Álvaro Obregón,Not significant,0.054899107160182065,0.225,Not significant,Not significant
0901000011646,Álvaro Obregón,Not significant,0.29936906318158935,0.183,Not significant,Not significant
0901000011650,Álvaro Obregón,Not significant,0.3374018526135885,0.531,Not significant,Not significant
0901000011665,Álvaro Obregón,Not significant,-0.39206308554440567,0.215,Not significant,Not significant
090100001167A,Álvaro Obregón,Not significant,0.21504917092700443,0.171,Not significant,Not significant
0901000011684,Álvaro Obregón,Not significant,0.28218034368037626,0.215,Not significant,Not significant
0901000011699,Álvaro Obregón,Not significant,0.006766483627343202,0.117,Not significant,Not significant
0901000011716,Álvaro Obregón,Not significant,0.2126262978326016,0.389,Not significant,Not significant
0901000011720,Álvaro Obregón,Not significant,0.3642939164899797,0.111,Not significant,Not significant
0901000011735,Álvaro Obregón,Not significant,0.28121916262460683,0.261,Not significant,Not significant
090100001174A,Álvaro Obregón,Not significant,0.7957338333978143,0.099,Not significant,Not significant
0901000011754,Álvaro Obregón,Not significant,1.4740880429096281,0.193,Not significant,Not significant
0901000011769,Álvaro Obregón,Low-Low,0.8071757920307786,0.011,Low-Low,Low-Low
0901000011773,Álvaro Obregón,Not significant,-0.07281366792307624,0.763,Not significant,Not significant
0901000011788,Álvaro Obregón,Not significant,0.008130925764246606,0.873,Not significant,Not significant
0901000011792,Álvaro Obregón,Not significant,0.00540134678146402,0.941,Not significant,Not significant
0901000011805,Álvaro Obregón,Not significant,-0.027575082257004228,0.721,Not significant,Not significant
090100001181A,Álvaro Obregón,Not significant,0.5865533149501208,0.185,Not significant,Not significant
0901000011824,Álvaro Obregón,Not significant,0.6823410901783931,0.175,Not significant,Not significant
0901000011839,Álvaro Obregón,Not significant,0.06137745534040107,0.721,Not significant,Not significant
0901000011843,Álvaro Obregón,Low-Low,0.19096494677608009,0.023,Low-Low,Low-Low
0901000011858,Álvaro Obregón,Not significant,0.24373734598503446,0.263,Low-Low,Not significant
0901000011881,Álvaro Obregón,Not significant,0.6126514769314254,0.227,Low-Low,Not significant
0901000011913,Álvaro Obregón,Low-Low,1.118858937096443,0.013,Not significant,Low-Low
0901000011928,Álvaro Obregón,Not significant,0.893608873150089,0.279,Not significant,Not significant
0901000011932,Álvaro Obregón,Not significant,0.6386407090521716,0.051,Not significant,Not significant
0901000011947,Álvaro Obregón,Not significant,0.3345515053203556,0.165,Not significant,Not significant
0901000011951,Álvaro Obregón,Low-Low,0.5169797171297047,0.043,Not significant,High-Low
0901000011966,Álvaro Obregón,Not significant,0.08420083949927125,0.059,Not significant,Not significant
0901000011970,Álvaro Obregón,Not significant,0.5271579254342145,0.179,Not significant,Not significant
0901000011985,Álvaro Obregón,Not significant,0.5151504186995987,0.159,Not significant,Not significant
090100001199A,Álvaro Obregón,Not significant,0.188910428344532,0.437,Not significant,Not significant
0901000012019,Álvaro Obregón,Low-Low,0.007254948063903866,0.047,High-Low,High-Low
0901000012023,Álvaro Obregón,Not significant,0.46436934274304,0.259,Not significant,Not significant
0901000012038,Álvaro Obregón,Not significant,0.3987908707126331,0.397,Not significant,Not significant
0901000012042,Álvaro Obregón,Not significant,0.43109593754082004,0.171,Not significant,Not significant
0901000012057,Álvaro Obregón,Not significant,0.2136497938194889,0.129,Not significant,Not significant
0901000012061,Álvaro Obregón,Not significant,0.15240728569715817,0.339,Not significant,Not significant
0901000012076,Álvaro Obregón,Not significant,-0.024373695909050263,0.887,Not significant,Not significant
0901000012080,Álvaro Obregón,Not significant,0.9324496779484927,0.217,Not significant,Not significant
0901000012095,Álvaro Obregón,Not significant,0.3884214715560864,0.051,Not significant,Not significant
0901000012108,Álvaro Obregón,Not significant,-0.005938827275781382,0.961,Not significant,Not significant
0901000012112,Álvaro Obregón,Not significant,0.0003475737684127793,0.947,Not significant,Not significant
0901000012131,Álvaro Obregón,Not significant,-0.26289724989533575,0.093,Not significant,Not significant
0901000012146,Álvaro Obregón,Not significant,-0.06664316394367162,0.947,Not significant,Not significant
0901000012150,Álvaro Obregón,Not significant,0.03945603398014268,0.719,Not significant,Not significant
0901000012165,Álvaro Obregón,Not significant,-0.03145689878509876,0.391,Not significant,Not significant
0901000012184,Álvaro Obregón,Not significant,-0.003894710945101686,0.907,Not significant,Not significant
0901000012199,Álvaro Obregón,Not significant,0.0006456114331500267,0.993,High-Low,Not significant
0901000012201,Álvaro Obregón,Not significant,0.47764628562214156,0.377,Not significant,Not significant
0901000012216,Álvaro Obregón,Low-Low,0.5684319989090266,0.005,Low-Low,Low-Low
0901000012220,Álvaro Obregón,Not significant,0.49507806981530117,0.089,Not significant,Not significant
0901000012235,Álvaro Obregón,High-Low,-0.05227986448298756,0.035,Not significant,Low-Low
090100001224A,Álvaro Obregón,Not significant,0.15032599529535984,0.253,Not significant,Not significant
0901000012254,Álvaro Obregón,Not significant,0.34490004770040233,0.325,Low-Low,Not significant
0901000012269,Álvaro Obregón,Low-Low,0.5347066918257731,0.017,Low-Low,Low-Low
0901000012288,Álvaro Obregón,Not significant,0.2521421770162845,0.147,Not significant,Not significant
0901000012292,Álvaro Obregón,Not significant,0.09311990840791351,0.449,Low-Low,Not significant
0901000012305,Álvaro Obregón,Not significant,0.4150590219963716,0.115,Not significant,Not significant
090100001231A,Álvaro Obregón,Not significant,0.47676409181109686,0.201,Not significant,Not significant
0901000012324,Álvaro Obregón,Not significant,-0.10692905674318016,0.155,Not significant,Not significant
0901000012339,Álvaro Obregón,Not significant,0.7612041640310672,0.251,Not significant,Not significant
0901000012343,Álvaro Obregón,Low-Low,0.3313543819972818,0.039,Not significant,Low-Low
0901000012358,Álvaro Obregón,Not significant,-0.47126545863314007,0.395,Not significant,Not significant
0901000012362,Álvaro Obregón,Not significant,0.4272202114952801,0.133,Not significant,Not significant
0901000012377,Álvaro Obregón,Not significant,1.3964550748087985,0.327,Not significant,Not significant
090110001001A,Tláhuac,Not significant,0.009873577132588624,0.909,Not significant,Not significant
0901100010039,Tláhuac,Not significant,-0.10370009170264491,0.363,Not significant,Not significant
0901100010043,Tláhuac,Not significant,0.03701430839777667,0.775,Not significant,Not significant
0901100010058,Tláhuac,Not significant,-0.2923789717881715,0.179,Not significant,Not significant
0901100010077,Tláhuac,Not significant,0.0045982977636791185,0.977,Not significant,Not significant
0901100010096,Tláhuac,Not significant,-0.04319814150515793,0.847,Not significant,Not significant
0901100010113,Tláhuac,Not significant,-0.00035617964131642453,0.341,Not significant,Not significant
0901100010128,Tláhuac,Not significant,0.12644872642295762,0.681,Not significant,Not significant
0901100010132,Tláhuac,Not significant,-0.0659546391116688,0.687,Not significant,Not significant
0901100010147,Tláhuac,Not significant,-0.0005731901329985605,0.995,Not significant,Not significant
0901100010151,Tláhuac,Not significant,-0.021072775413161486,0.819,Not significant,Not significant
0901100010166,Tláhuac,Not significant,-0.02166709088489278,0.795,Not significant,Not significant
0901100010170,Tláhuac,Not significant,-0.022814464393278715,0.747,Not significant,Not significant
0901100010185,Tláhuac,Not significant,-0.0465301848931218,0.759,Not significant,Not significant
0901100010202,Tláhuac,Not significant,0.06802274121612684,0.569,Not significant,Not significant
0901100010217,Tláhuac,Not significant,-0.0010420040847101113,0.993,Not significant,Not significant
0901100010240,Tláhuac,Not significant,0.002833926056176352,0.797,Not significant,Not significant
0901100010255,Tláhuac,Not significant,-0.011084118323455829,0.735,Not significant,Not significant
090110001026A,Tláhuac,Not significant,0.008201293056383976,0.555,Not significant,Not significant
0901100010274,Tláhuac,Not significant,-0.048436436498597205,0.639,Not significant,Not significant
0901100010289,Tláhuac,Not significant,0.027056392707914424,0.909,Not significant,Not significant
0901100010306,Tláhuac,Not significant,-0.10395559872878159,0.597,Not significant,Not significant
0901100010310,Tláhuac,Not significant,0.04502398742393732,0.415,Not significant,Not significant
0901100010325,Tláhuac,Not significant,0.017860219013706706,0.861,Not significant,Not significant
0901100010344,Tláhuac,Not significant,0.30582963191736,0.297,Not significant,Not significant
0901100010359,Tláhuac,Not significant,0.12752820311754545,0.535,Not significant,Not significant
0901100010363,Tláhuac,Not significant,-0.013437182059112157,0.871,Not significant,Not significant
0901100010378,Tláhuac,Not significant,-0.007942965710819842,0.967,Not significant,Not significant
0901100010382,Tláhuac,Not significant,-0.08010388719285433,0.809,Not significant,Not significant
0901100010397,Tláhuac,Not significant,0.015906438173605552,0.795,Not significant,Not significant
090110001040A,Tláhuac,Not significant,0.010384453548583184,0.907,Not significant,Not significant
0901100010414,Tláhuac,Not significant,-0.03978638508196061,0.477,Not significant,Not significant
0901100010433,Tláhuac,Not significant,0.5153535326865015,0.323,Not significant,Not significant
0901100010448,Tláhuac,Not significant,-0.0268981675829191,0.183,Not significant,Not significant
0901100010452,Tláhuac,Not significant,0.062014794772929115,0.293,Not significant,Not significant
0901100010575,Tláhuac,Not significant,0.019954807020420576,0.959,Not significant,Not significant
0901100010594,Tláhuac,Not significant,-0.05757476714903507,0.077,Not significant,Not significant
0901100010607,Tláhuac,Not significant,-0.08751399460968676,0.831,Not significant,Not significant
0901100010626,Tláhuac,Not significant,-0.022736132181047995,0.433,Not significant,Not significant
0901100010630,Tláhuac,Not significant,-0.001616031325553262,0.997,High-High,Not significant
0901100010645,Tláhuac,Not significant,-0.043264674249631124,0.637,Not significant,Not significant
090110001065A,Tláhuac,Not significant,0.1436563461268413,0.679,Not significant,Not significant
0901100010664,Tláhuac,Not significant,0.00338568009900269,0.323,Not significant,Not significant
0901100010679,Tláhuac,Not significant,0.02784457352164805,0.863,Not significant,Not significant
0901100010753,Tláhuac,Not significant,-0.04513184724986281,0.711,Not significant,Not significant
0901100010772,Tláhuac,Not significant,0.058262782124792314,0.251,Not significant,Not significant
0901100010819,Tláhuac,Not significant,0.7153249544541883,0.151,Not significant,Not significant
0901100010927,Tláhuac,Not significant,0.05982737168475671,0.489,Not significant,Not significant
0901100010931,Tláhuac,Not significant,-0.12557923421298872,0.439,Not significant,Not significant
0901100010946,Tláhuac,Not significant,0.18242217838034794,0.555,Not significant,Not significant
0901100010950,Tláhuac,Not significant,-0.06272471179472482,0.753,Not significant,Not significant
0901100010984,Tláhuac,Not significant,0.252370329339695,0.243,Not significant,Not significant
0901100010999,Tláhuac,Not significant,0.11389713602014148,0.749,Not significant,Not significant
0901100011056,Tláhuac,Not significant,-0.006789258669398486,0.979,Not significant,Not significant
0901100011075,Tláhuac,Not significant,-0.4306074596920666,0.253,Not significant,Not significant
090110001108A,Tláhuac,Not significant,0.3171681623238152,0.207,Not significant,Not significant
0901100011094,Tláhuac,Not significant,-2.1138100023684685,0.069,Not significant,Not significant
0901100011111,Tláhuac,Not significant,-0.08905625914350089,0.133,Not significant,Not significant
0901100011145,Tláhuac,Not significant,-0.10021928042409425,0.745,Not significant,Not significant
090110001122A,Tláhuac,Not significant,0.16596326422116722,0.251,Not significant,Not significant
0901100011234,Tláhuac,Not significant,0.26041553495923137,0.521,Not significant,Not significant
0901100011249,Tláhuac,Not significant,-0.0017605006363353344,0.403,Not significant,Not significant
0901100011253,Tláhuac,Not significant,0.02928659984062687,0.757,High-High,Not significant
0901100011268,Tláhuac,Not significant,0.012030362500526613,0.781,Not significant,Not significant
0901100011272,Tláhuac,Not significant,0.0396247200750135,0.845,Not significant,Not significant
0901100011287,Tláhuac,Not significant,0.07239219956930029,0.831,Not significant,Not significant
0901100011291,Tláhuac,Not significant,0.04831470241428714,0.769,Not significant,Not significant
0901100011304,Tláhuac,Not significant,-0.20059104018713853,0.405,Not significant,Not significant
0901100011319,Tláhuac,Not significant,0.0752547645371252,0.827,High-Low,Not significant
0901100011323,Tláhuac,Not significant,0.842736899106081,0.285,Not significant,Not significant
0901100011338,Tláhuac,Not significant,-0.09567676655525223,0.173,Not significant,Not significant
0901100011342,Tláhuac,Not significant,-0.13329303441856846,0.783,Not significant,Not significant
0901100011357,Tláhuac,Low-Low,0.08666383125738387,0.039,Not significant,Low-Low
0901100011361,Tláhuac,Not significant,0.24617869841169035,0.517,Not significant,Not significant
0901100011376,Tláhuac,Not significant,0.022483164049978542,0.605,Not significant,Not significant
0901100011380,Tláhuac,Not significant,0.09773264388661908,0.135,Not significant,Not significant
0901100011395,Tláhuac,Low-Low,0.2877344177410734,0.027,Not significant,Low-Low
0901100011412,Tláhuac,Not significant,0.22385241012727627,0.605,Not significant,Not significant
0901100011427,Tláhuac,Not significant,0.05521652146943937,0.729,Not significant,Not significant
0901100011431,Tláhuac,Not significant,-0.08304997532802913,0.635,Not significant,Not significant
0901100011446,Tláhuac,Not significant,0.003739628736743415,0.949,Not significant,Not significant
0901100011450,Tláhuac,Not significant,0.24707982431012837,0.165,Not significant,Not significant
0901100011465,Tláhuac,Not significant,0.4504299483539374,0.277,Not significant,Not significant
090110001147A,Tláhuac,Not significant,0.3899719469605581,0.365,Not significant,Not significant
0901100011484,Tláhuac,Not significant,-0.027545525065397095,0.873,Not significant,Not significant
0901100011499,Tláhuac,Not significant,0.4343088897460216,0.393,Not significant,Not significant
0901100011535,Tláhuac,Not significant,0.7379948938350189,0.541,Not significant,Not significant
090110001154A,Tláhuac,Not significant,0.45880435917248985,0.073,Not significant,Not significant
090110011072A,Tláhuac,Low-Low,0.31597735011717015,0.037,Not significant,High-Low
0901100111037,Tláhuac,Not significant,0.2997486278289212,0.317,Not significant,Not significant
0901100111041,Tláhuac,Not significant,0.37218305569108756,0.523,Not significant,Not significant
0901100210787,Tláhuac,Not significant,0.42086753595300536,0.389,Not significant,Not significant
0901100211003,Tláhuac,Not significant,0.4670535323419567,0.113,Not significant,Not significant
0901100211018,Tláhuac,Not significant,-0.11110522797680848,0.119,Not significant,Not significant
0901100211022,Tláhuac,Not significant,0.5943685252448233,0.213,Not significant,Not significant
090110021115A,Tláhuac,Not significant,0.5556317253742548,0.079,Not significant,Not significant
0901100240734,Tláhuac,Not significant,-0.24078437548710735,0.149,Not significant,Not significant
0901100241183,Tláhuac,Not significant,-0.022875618643429095,0.985,Not significant,Not significant
0901100241408,Tláhuac,Not significant,-0.013960082229516266,0.807,Not significant,Not significant
0901100260965,Tláhuac,Not significant,-0.0723635698019405,0.547,Not significant,Not significant
090110026097A,Tláhuac,Not significant,-0.007977186656414923,0.847,Not significant,Not significant
0901100261164,Tláhuac,Not significant,-0.4535655675934851,0.373,Not significant,Not significant
0901200010017,Tlalpan,Not significant,0.02163122522657411,0.773,Low-Low,Not significant
0901200010021,Tlalpan,Not significant,0.15946939684539715,0.511,Not significant,Not significant
0901200010040,Tlalpan,Not significant,0.09598024768585485,0.533,Not significant,Not significant
0901200010074,Tlalpan,High-High,1.2944434678896448,0.017,Low-Low,Low-High
0901200010093,Tlalpan,Not significant,0.5072994352305337,0.097,Not significant,Not significant
0901200010125,Tlalpan,Not significant,-0.0537310953912437,0.833,Not significant,Not significant
090120001013A,Tlalpan,Not significant,-0.052447100251807106,0.375,Not significant,Not significant
0901200010144,Tlalpan,Low-High,-0.3994152349016737,0.029,Not significant,Low-High
0901200010159,Tlalpan,Not significant,0.11017386024418127,0.503,Not significant,Not significant
0901200010163,Tlalpan,Not significant,0.05990736775701014,0.597,Not significant,Not significant
0901200010178,Tlalpan,Not significant,-0.043365466272133626,0.605,Not significant,Not significant
0901200010182,Tlalpan,Low-High,-0.1554527980290488,0.007,Not significant,High-High
0901200010197,Tlalpan,Not significant,0.17238812309709994,0.055,Not significant,Not significant
090120001020A,Tlalpan,Not significant,0.32952063695187594,0.097,Not significant,Not significant
0901200010214,Tlalpan,Not significant,1.0321777916837622,0.241,Not significant,Not significant
0901200010229,Tlalpan,High-High,1.4911146622714604,0.009,Not significant,Low-High
0901200010233,Tlalpan,High-High,0.46410565473974535,0.015,Not significant,Low-High
0901200010248,Tlalpan,Not significant,0.1093631149910464,0.683,Not significant,Not significant
0901200010267,Tlalpan,Not significant,-0.019881105115123185,0.769,Not significant,Not significant
0901200010303,Tlalpan,Not significant,0.006926628245694424,0.805,Not significant,Not significant
0901200010318,Tlalpan,Not significant,0.05015724505719801,0.589,Not significant,Not significant
0901200010322,Tlalpan,Not significant,0.20262924929440806,0.513,Not significant,Not significant
0901200010337,Tlalpan,Not significant,0.02796346513164083,0.837,Not significant,Not significant
0901200010341,Tlalpan,Not significant,0.24273330838849513,0.361,Low-Low,Not significant
0901200010360,Tlalpan,Not significant,0.007173419679004579,0.155,Not significant,Not significant
0901200010375,Tlalpan,Not significant,1.1781466982343785,0.071,Not significant,Not significant
090120001038A,Tlalpan,High-High,4.089726400430985,0.003,Not significant,Low-High
0901200010394,Tlalpan,Not significant,0.7648803365790029,0.067,Not significant,Not significant
0901200010407,Tlalpan,High-High,3.4134079527647616,0.015,Not significant,Low-High
0901200010411,Tlalpan,High-High,4.576318557040058,0.003,Not significant,High-High
0901200010426,Tlalpan,High-High,3.759691188122819,0.003,Not significant,Low-High
0901200010430,Tlalpan,High-High,1.8409894006594145,0.015,Not significant,High-High
0901200010445,Tlalpan,Not significant,0.4152331283621293,0.329,Not significant,Not significant
090120001045A,Tlalpan,Not significant,-0.00811913409468496,0.055,Not significant,Not significant
0901200010464,Tlalpan,High-High,1.5986711020497446,0.015,Not significant,High-High
0901200010479,Tlalpan,Not significant,1.1708400602717677,0.335,Not significant,Not significant
0901200010483,Tlalpan,Not significant,0.27547765429604293,0.493,Not significant,Not significant
0901200010498,Tlalpan,Not significant,0.3260687068670549,0.443,Not significant,Not significant
0901200010500,Tlalpan,Not significant,-0.00029046891855131335,0.705,Not significant,Not significant
0901200010515,Tlalpan,Not significant,0.01052378830753598,0.715,Not significant,Not significant
090120001052A,Tlalpan,Not significant,-0.06332455627025615,0.707,Not significant,Not significant
0901200010534,Tlalpan,Low-High,-0.5291290270492707,0.015,Not significant,Low-High
0901200010549,Tlalpan,Not significant,0.0442102335548544,0.323,Not significant,Not significant
0901200010553,Tlalpan,Not significant,-0.016618135770796932,0.101,Not significant,Not significant
0901200010568,Tlalpan,Not significant,-0.044689318045430124,0.427,Not significant,Not significant
0901200010572,Tlalpan,Not significant,0.04607841595464471,0.059,Not significant,Not significant
0901200010587,Tlalpan,Not significant,-0.4506365198614478,0.189,Not significant,Not significant
0901200010591,Tlalpan,Not significant,0.5608700667520453,0.341,Not significant,Not significant
0901200010604,Tlalpan,Not significant,0.07227826871134808,0.405,Not significant,Not significant
0901200010619,Tlalpan,Not significant,0.08164125087455314,0.563,Not significant,Not significant
0901200010623,Tlalpan,Not significant,-0.003091531104130678,0.679,Not significant,Not significant
0901200010638,Tlalpan,Not significant,0.006224810732113796,0.613,Not significant,Not significant
0901200010642,Tlalpan,Not significant,0.11262961968891923,0.501,Not significant,Not significant
0901200010657,Tlalpan,Not significant,0.021524836449675233,0.957,High-Low,Not significant
0901200010661,Tlalpan,Not significant,-0.4213203685753958,0.201,Low-Low,Not significant
0901200010676,Tlalpan,Not significant,-0.06407179919286787,0.573,Not significant,Not significant
0901200010680,Tlalpan,High-High,1.1350836407160443,0.021,Not significant,Low-High
0901200010708,Tlalpan,High-High,0.07195777289614366,0.049,Not significant,High-High
0901200010712,Tlalpan,Not significant,-0.02139817919165109,0.187,Not significant,Not significant
0901200010727,Tlalpan,Not significant,-0.2846210881631612,0.063,Not significant,Not significant
0901200010731,Tlalpan,Not significant,0.0013575870434756083,0.991,Not significant,Not significant
0901200010746,Tlalpan,Not significant,-0.2885025580239517,0.267,Not significant,Not significant
0901200010750,Tlalpan,Not significant,-0.2358415600740291,0.467,Not significant,Not significant
0901200010765,Tlalpan,Not significant,0.0003701715455009843,0.997,Not significant,Not significant
090120001077A,Tlalpan,Not significant,0.2244363346092629,0.227,Not significant,Not significant
0901200010784,Tlalpan,Not significant,0.05616200538231299,0.401,Not significant,Not significant
0901200010799,Tlalpan,Not significant,0.17102526021340278,0.419,Not significant,Not significant
0901200010801,Tlalpan,Not significant,0.2936089780694728,0.355,Not significant,Not significant
0901200010816,Tlalpan,Not significant,0.14928602328364154,0.365,Not significant,Not significant
0901200010820,Tlalpan,Not significant,0.030373057622306607,0.725,Not significant,Not significant
0901200010835,Tlalpan,Not significant,-0.047610513158200786,0.683,Not significant,Not significant
090120001084A,Tlalpan,Not significant,0.013964521246970533,0.785,Not significant,Not significant
0901200010854,Tlalpan,Not significant,-0.05197207207518141,0.553,Not significant,Not significant
0901200010869,Tlalpan,Not significant,0.0110140924642406,0.367,Low-Low,Not significant
0901200010888,Tlalpan,Not significant,-0.0004141151803455675,0.993,Not significant,Not significant
0901200010892,Tlalpan,Not significant,-0.03553357867973575,0.385,Not significant,Not significant
0901200010905,Tlalpan,Not significant,0.11874988648806852,0.399,Not significant,Not significant
090120001091A,Tlalpan,Not significant,-0.0031343886557334928,0.985,Not significant,Not significant
0901200010924,Tlalpan,Not significant,-0.005420538114572517,0.063,Not significant,Not significant
0901200010939,Tlalpan,Not significant,1.4389310019555535,0.059,Not significant,Not significant
0901200010943,Tlalpan,High-High,1.4696939369764588,0.005,Not significant,Low-High
0901200010958,Tlalpan,High-High,3.0143930958186886,0.003,Not significant,High-High
0901200010962,Tlalpan,High-High,2.3490375963932113,0.003,Not significant,High-High
0901200010981,Tlalpan,Not significant,0.7573028999446665,0.061,Not significant,Not significant
0901200010996,Tlalpan,Not significant,1.482944085669667,0.257,Not significant,Not significant
0901200011000,Tlalpan,Not significant,0.8831750842628986,0.111,Not significant,Not significant
0901200011015,Tlalpan,Not significant,0.9543894950721822,0.085,Not significant,Not significant
090120001102A,Tlalpan,Not significant,1.0789349212540174,0.051,Not significant,Not significant
0901200011034,Tlalpan,High-High,0.33969199602570094,0.041,Not significant,Low-High
0901200011053,Tlalpan,Not significant,0.5904053337799778,0.351,Not significant,Not significant
0901200011068,Tlalpan,Not significant,0.1506495202848076,0.771,Not significant,Not significant
0901200011072,Tlalpan,Not significant,0.04351331277121864,0.505,Not significant,Not significant
0901200011087,Tlalpan,Not significant,-0.12175137684543062,0.923,Not significant,Not significant
0901200011091,Tlalpan,Not significant,0.06163102943238513,0.331,Not significant,Not significant
0901200011104,Tlalpan,Not significant,-0.031510807618497956,0.885,Not significant,Not significant
0901200011119,Tlalpan,Not significant,-0.005091370217213306,0.819,Not significant,Not significant
0901200011123,Tlalpan,Not significant,0.19211533581460724,0.209,Not significant,Not significant
0901200011142,Tlalpan,Not significant,-0.041147646175770554,0.707,Not significant,Not significant
0901200011157,Tlalpan,Not significant,-0.00011213184811377765,0.189,Not significant,Not significant
0901200011161,Tlalpan,Not significant,-0.03042459621199444,0.623,Not significant,Not significant
0901200011176,Tlalpan,Not significant,0.13437897702882054,0.769,Not significant,Not significant
0901200011195,Tlalpan,Not significant,-0.0014655243668796603,0.817,Low-Low,Not significant
0901200011212,Tlalpan,Not significant,-0.25359942277104064,0.111,High-Low,Not significant
0901200011299,Tlalpan,Low-Low,0.22081000768917186,0.021,Not significant,Low-Low
0901200011316,Tlalpan,Not significant,0.2528385207547147,0.453,Not significant,Not significant
0901200011369,Tlalpan,Not significant,-0.019773841719338034,0.343,Not significant,Not significant
0901200011388,Tlalpan,Not significant,0.07124322909719957,0.781,Not significant,Not significant
0901200011424,Tlalpan,Not significant,0.4371795391480574,0.161,Not significant,Not significant
0901200011439,Tlalpan,Not significant,0.06284614958912074,0.805,Not significant,Not significant
0901200011443,Tlalpan,Not significant,0.1761951079064017,0.303,Not significant,Not significant
0901200011458,Tlalpan,Not significant,0.12527774902092734,0.643,Not significant,Not significant
0901200011462,Tlalpan,Not significant,-0.04908618786700823,0.257,Not significant,Not significant
0901200011477,Tlalpan,Not significant,0.2710111330253085,0.363,Not significant,Not significant
0901200011481,Tlalpan,Not significant,-0.05873573470989656,0.257,Not significant,Not significant
0901200011496,Tlalpan,Not significant,0.6510915871059398,0.203,Not significant,Not significant
0901200011509,Tlalpan,Low-Low,0.01197365210800151,0.035,Not significant,High-Low
0901200011513,Tlalpan,Not significant,0.23007595093224406,0.135,Not significant,Not significant
0901200011547,Tlalpan,Not significant,0.4148153886796673,0.127,Not significant,Not significant
0901200011570,Tlalpan,Not significant,0.14787826471375476,0.557,Low-Low,Not significant
0901200011585,Tlalpan,Not significant,-0.0813838805922061,0.775,Low-Low,Not significant
090120001159A,Tlalpan,Not significant,-0.10575543899935815,0.609,Low-Low,Not significant
0901200011602,Tlalpan,Not significant,0.03771974675974616,0.693,Low-Low,Not significant
0901200011617,Tlalpan,Not significant,0.1797094551342817,0.563,Low-Low,Not significant
0901200011621,Tlalpan,Not significant,0.11403584766718924,0.477,Low-Low,Not significant
0901200011636,Tlalpan,Not significant,0.433297509160606,0.389,Not significant,Not significant
0901200011640,Tlalpan,Not significant,0.4770467761913934,0.175,Low-Low,Not significant
0901200011655,Tlalpan,Not significant,0.0800003183804392,0.305,Low-Low,Not significant
090120001173A,Tlalpan,Not significant,0.4002965577965605,0.701,Not significant,Not significant
0901200011744,Tlalpan,Not significant,0.015475121012017676,0.549,Low-Low,Not significant
0901200011903,Tlalpan,Not significant,0.08439056979083608,0.533,Not significant,Not significant
0901200011918,Tlalpan,Not significant,0.012525033583433176,0.967,Not significant,Not significant
0901200011922,Tlalpan,Low-High,-1.026537870078834,0.025,Not significant,Low-High
0901200011937,Tlalpan,Not significant,-0.029140363021702673,0.929,High-Low,Not significant
0901200011941,Tlalpan,Not significant,-0.3889289109801111,0.495,Not significant,Not significant
0901200011956,Tlalpan,High-High,1.1963104541822016,0.007,Low-Low,Low-High
0901200011960,Tlalpan,Not significant,0.11077078408687417,0.533,Not significant,Not significant
0901200011975,Tlalpan,Not significant,-0.22181107025178737,0.461,Not significant,Not significant
090120001198A,Tlalpan,Not significant,0.03822461897602817,0.971,Not significant,Not significant
0901200011994,Tlalpan,Not significant,0.5700993754108036,0.135,Not significant,Not significant
0901200012009,Tlalpan,Not significant,-0.09612924569092923,0.461,Not significant,Not significant
0901200012013,Tlalpan,Not significant,-0.04440261441931573,0.511,Low-Low,Not significant
0901200012047,Tlalpan,Not significant,0.695165703647282,0.129,Not significant,Not significant
0901200012051,Tlalpan,Not significant,0.6046068552944117,0.179,Not significant,Not significant
0901200012066,Tlalpan,Not significant,-0.5691912898537984,0.127,Not significant,Not significant
0901200012070,Tlalpan,Not significant,0.7497824395970708,0.243,Low-Low,Not significant
0901200012085,Tlalpan,Not significant,0.3678968843275241,0.313,Not significant,Not significant
0901200012102,Tlalpan,Not significant,-0.17335155563878496,0.349,Not significant,Not significant
0901200012121,Tlalpan,Not significant,0.30651643523462885,0.121,Low-Low,Not significant
0901200012136,Tlalpan,Low-Low,0.444697975611949,0.017,High-Low,High-Low
0901200012140,Tlalpan,Low-Low,0.7591445953636423,0.027,Low-Low,Low-Low
0901200012155,Tlalpan,Not significant,0.968606007419063,0.165,Low-Low,Not significant
090120001216A,Tlalpan,Not significant,0.003054801000628202,0.953,Not significant,Not significant
0901200012174,Tlalpan,Not significant,-0.13947449044778862,0.749,Not significant,Not significant
0901200012189,Tlalpan,Not significant,0.03806852222798496,0.877,Not significant,Not significant
0901200012193,Tlalpan,Not significant,0.11076659837202171,0.345,Not significant,Not significant
0901200012206,Tlalpan,Not significant,0.4075011708561571,0.389,Not significant,Not significant
0901200012210,Tlalpan,Not significant,0.3761591473292971,0.197,Not significant,Not significant
0901200012225,Tlalpan,Not significant,0.1986103173644366,0.093,Not significant,Not significant
090120001223A,Tlalpan,Not significant,0.21003749505777186,0.137,Not significant,Not significant
0901200012244,Tlalpan,Not significant,0.03981225517221497,0.727,Not significant,Not significant
0901200012259,Tlalpan,Not significant,0.17623185118550896,0.301,Low-Low,Not significant
0901200012263,Tlalpan,Not significant,0.07688672436815458,0.599,High-Low,Not significant
0901200012278,Tlalpan,Not significant,0.7186236524155911,0.067,Not significant,Not significant
0901200012282,Tlalpan,Not significant,0.6375803951197723,0.107,Not significant,Not significant
0901200012348,Tlalpan,Not significant,0.1219541320068273,0.795,Not significant,Not significant
0901200012352,Tlalpan,Not significant,0.2883480882901634,0.559,Low-Low,Not significant
0901200012441,Tlalpan,Low-Low,0.45157668119210836,0.007,Low-Low,Low-Low
0901200012456,Tlalpan,Low-Low,0.32915122329478325,0.027,Low-Low,Low-Low
0901200192460,Tlalpan,Not significant,0.37659250355233065,0.512,Not significant,Not significant
0901200192475,Tlalpan,Not significant,0.37659250355233065,0.383,Not significant,Not significant
0901200261528,Tlalpan,Not significant,0.12571053918541397,0.539,Low-Low,Not significant
0901200261532,Tlalpan,Not significant,0.04694235484983152,0.855,Low-Low,Not significant
090120026166A,Tlalpan,Not significant,-0.13964280180260857,0.485,Not significant,Not significant
0901200261674,Tlalpan,Not significant,0.04069689592278494,0.787,Low-Low,Not significant
0901200261689,Tlalpan,Not significant,0.00410348610534413,0.909,Not significant,Not significant
0901200261706,Tlalpan,Not significant,0.27502250928411176,0.431,Not significant,Not significant
0901200261710,Tlalpan,Not significant,0.048277006058887434,0.373,Low-Low,Not significant
0901200262297,Tlalpan,Not significant,-0.45914245428886846,0.479,Not significant,Not significant
0901200262403,Tlalpan,Not significant,-0.1332427398486081,0.243,Low-Low,Not significant
0901200262418,Tlalpan,Not significant,-0.03943515202581193,0.957,Not significant,Not significant
0901200262437,Tlalpan,Not significant,0.47244087539551294,0.6,Not significant,Not significant
0901200271763,Tlalpan,Not significant,-0.15211254276757766,0.715,Low-Low,Not significant
0901200271778,Tlalpan,Not significant,-0.6002299872543345,0.193,Not significant,Not significant
0901200271782,Tlalpan,Not significant,0.44179467388444665,0.093,Low-Low,Not significant
0901200271797,Tlalpan,Not significant,-0.33100841380018603,0.119,Not significant,Not significant
090120027180A,Tlalpan,Not significant,1.0652859846147233,0.241,Not significant,Not significant
0901200272028,Tlalpan,Not significant,0.5997981425947474,0.355,High-Low,Not significant
0901200272032,Tlalpan,Not significant,-0.07564842136818963,0.829,Not significant,Not significant
090120027230A,Tlalpan,Not significant,0.16080372297747558,0.893,Not significant,Not significant
0901200272422,Tlalpan,Not significant,0.4484157600884847,0.533,Not significant,Not significant
0901300010014,Xochimilco,High-High,0.04271066867662023,0.041,Low-Low,Low-High
0901300010029,Xochimilco,Not significant,0.7380212351337263,0.081,Not significant,Not significant
0901300010033,Xochimilco,Not significant,-0.07475807650245826,0.225,Not significant,Not significant
0901300010067,Xochimilco,Not significant,0.055920464111647666,0.347,Low-Low,Not significant
0901300010086,Xochimilco,Not significant,0.42232675898490096,0.229,Not significant,Not significant
0901300010090,Xochimilco,Not significant,0.057330587683514914,0.889,Not significant,Not significant
0901300010122,Xochimilco,Not significant,0.21521322718025251,0.297,Not significant,Not significant
0901300010137,Xochimilco,Not significant,0.0765236238615751,0.613,Not significant,Not significant
0901300010160,Xochimilco,Not significant,0.16224910827404912,0.441,Not significant,Not significant
0901300010175,Xochimilco,High-Low,-0.7153256304277714,0.027,Low-Low,Low-Low
090130001018A,Xochimilco,Low-Low,1.056659064476836,0.031,Not significant,Low-Low
0901300010194,Xochimilco,Not significant,0.4129659921927837,0.823,Low-Low,Not significant
0901300010207,Xochimilco,Not significant,-0.035655242532739724,0.065,High-Low,Not significant
0901300010211,Xochimilco,Not significant,0.12181161922287884,0.057,High-High,Not significant
0901300010226,Xochimilco,Not significant,0.9752640587663581,0.147,High-High,Not significant
0901300010230,Xochimilco,Not significant,1.3453155716123564,0.083,High-High,Not significant
0901300010245,Xochimilco,Not significant,0.8714589087146265,0.107,High-High,Not significant
090130001025A,Xochimilco,Not significant,0.1430023564986037,0.081,Not significant,Not significant
0901300010279,Xochimilco,Not significant,-0.02013032084256859,0.421,Low-Low,Not significant
0901300010283,Xochimilco,Not significant,0.16070749387509747,0.245,Not significant,Not significant
0901300010298,Xochimilco,Not significant,0.06968164897258851,0.757,Not significant,Not significant
0901300010300,Xochimilco,Not significant,0.1860855860740187,0.053,Low-Low,Not significant
0901300010315,Xochimilco,Not significant,0.11410858063050844,0.069,Not significant,Not significant
0901300010334,Xochimilco,Not significant,0.16555044114531325,0.547,Not significant,Not significant
0901300010353,Xochimilco,Not significant,0.02665789320365973,0.239,Not significant,Not significant
0901300010368,Xochimilco,Not significant,0.1527313224037766,0.443,Not significant,Not significant
0901300010372,Xochimilco,Not significant,-0.03627969552882825,0.065,Low-Low,Not significant
0901300010387,Xochimilco,Not significant,0.061379752076716504,0.565,Not significant,Not significant
0901300010391,Xochimilco,Not significant,0.03752337207448129,0.303,Not significant,Not significant
0901300010404,Xochimilco,Not significant,0.02336569762225658,0.853,Not significant,Not significant
0901300010419,Xochimilco,Not significant,-0.05008922766769596,0.801,Not significant,Not significant
0901300010423,Xochimilco,Not significant,-0.15938390388352308,0.641,Not significant,Not significant
0901300010438,Xochimilco,Not significant,-0.03026036588158904,0.157,Not significant,Not significant
0901300010442,Xochimilco,Not significant,0.1340126192911683,0.457,Not significant,Not significant
0901300010461,Xochimilco,Low-Low,0.47370232630296977,0.015,Low-Low,Low-Low
0901300010480,Xochimilco,Not significant,0.06739890669120224,0.785,Not significant,Not significant
0901300010495,Xochimilco,Not significant,-0.12249826359220492,0.345,Not significant,Not significant
0901300010508,Xochimilco,Not significant,0.10111527858899788,0.383,Not significant,Not significant
0901300010527,Xochimilco,Not significant,-0.049632467423333916,0.409,Low-Low,Not significant
0901300010550,Xochimilco,Not significant,-0.09557480906511592,0.429,Not significant,Not significant
0901300010565,Xochimilco,Not significant,-0.541689004991293,0.149,Not significant,Not significant
0901300010599,Xochimilco,Not significant,-0.5654942064485823,0.195,Not significant,Not significant
0901300010601,Xochimilco,Not significant,0.47192088477154676,0.093,Low-Low,Not significant
090130001064A,Xochimilco,Not significant,0.6567130535056788,0.223,Not significant,Not significant
0901300010654,Xochimilco,Low-Low,0.16893179049058996,0.035,Low-Low,Low-Low
0901300010669,Xochimilco,Not significant,0.27108934902653975,0.063,Low-Low,Not significant
0901300010688,Xochimilco,Not significant,-0.05853276478271329,0.469,Not significant,Not significant
0901300010692,Xochimilco,Not significant,0.30756436160632544,0.111,Not significant,Not significant
0901300010705,Xochimilco,Not significant,0.9130872858274784,0.335,Not significant,Not significant
090130001071A,Xochimilco,Not significant,0.16688536432875184,0.541,Not significant,Not significant
0901300010724,Xochimilco,Not significant,0.0867351148789951,0.793,Not significant,Not significant
0901300010739,Xochimilco,Not significant,1.610025157210295,0.061,Not significant,Not significant
0901300010743,Xochimilco,Low-Low,0.7748182441826826,0.007,Low-Low,Low-Low
0901300010758,Xochimilco,Not significant,0.32627493411854647,0.101,Low-Low,Not significant
0901300010762,Xochimilco,Low-Low,0.8609074131202685,0.043,Low-Low,Low-Low
0901300010777,Xochimilco,Not significant,0.7540616640070323,0.087,Low-Low,Not significant
0901300010809,Xochimilco,Not significant,1.0956870860780479,0.427,Not significant,Not significant
0901300010813,Xochimilco,Not significant,0.4985272389206927,0.055,Low-Low,Not significant
0901300010828,Xochimilco,Not significant,0.1136094373536661,0.763,Not significant,Not significant
0901300010832,Xochimilco,Not significant,0.12137367783418902,0.555,Low-Low,Not significant
0901300010847,Xochimilco,Not significant,0.4096481307785003,0.073,Low-Low,Not significant
0901300010851,Xochimilco,Not significant,0.9601249542865391,0.063,Low-Low,Not significant
0901300010866,Xochimilco,Low-Low,1.695915640191072,0.043,Not significant,Low-Low
0901300010870,Xochimilco,Low-Low,1.8920429347268133,0.019,Not significant,Low-Low
0901300010885,Xochimilco,Not significant,0.31804443276949557,0.756,Not significant,Not significant
090130001089A,Xochimilco,Low-Low,0.9813436512201287,0.009,Low-Low,Low-Low
0901300010917,Xochimilco,Not significant,0.3281345777087068,0.061,Not significant,Not significant
0901300011027,Xochimilco,Not significant,0.05945317641464273,0.415,Not significant,Not significant
0901300011031,Xochimilco,Not significant,0.8178970182683037,0.061,Not significant,Not significant
0901300011046,Xochimilco,Not significant,0.0743684957065762,0.623,Not significant,Not significant
0901300011050,Xochimilco,Not significant,0.03702973404280965,0.673,Not significant,Not significant
0901300011065,Xochimilco,Not significant,0.342684528843504,0.215,Not significant,Not significant
090130001107A,Xochimilco,Not significant,0.30809107931536134,0.405,Not significant,Not significant
0901300011084,Xochimilco,Not significant,0.0008323582801373005,0.867,Not significant,Not significant
0901300011099,Xochimilco,Not significant,0.07280376342118808,0.707,Not significant,Not significant
0901300011101,Xochimilco,Not significant,0.5128744079459139,0.273,Not significant,Not significant
0901300011116,Xochimilco,Not significant,0.13253071032791863,0.121,Not significant,Not significant
0901300011120,Xochimilco,Not significant,-0.051118059433579645,0.709,Not significant,Not significant
0901300011135,Xochimilco,Low-Low,0.19184066618414178,0.023,Low-Low,Low-Low
090130001114A,Xochimilco,Not significant,0.022468319213158765,0.899,Not significant,Not significant
0901300011154,Xochimilco,Not significant,0.2537198092627415,0.223,Low-Low,Not significant
0901300011169,Xochimilco,Not significant,0.4601554090291214,0.407,Not significant,Not significant
0901300011173,Xochimilco,Not significant,0.01463407697037956,0.371,Not significant,Not significant
0901300011188,Xochimilco,Not significant,0.044885337679221114,0.113,Low-Low,Not significant
0901300011192,Xochimilco,Not significant,0.6386575284691997,0.065,Not significant,Not significant
0901300011205,Xochimilco,Not significant,0.23527494544761204,0.455,Not significant,Not significant
090130001121A,Xochimilco,Not significant,0.08101741969945726,0.907,Not significant,Not significant
0901300011224,Xochimilco,Not significant,-0.0354579635557055,0.303,Not significant,Not significant
0901300011239,Xochimilco,Not significant,0.058670348014629434,0.353,Not significant,Not significant
0901300011262,Xochimilco,Not significant,0.3229244639051957,0.401,Not significant,Not significant
0901300011296,Xochimilco,Low-Low,1.4285187471606633,0.003,Not significant,Low-Low
0901300011309,Xochimilco,Not significant,0.1434197765023262,0.559,Not significant,Not significant
0901300011313,Xochimilco,Not significant,0.09813744791445614,0.503,Not significant,Not significant
0901300011328,Xochimilco,Low-Low,0.8898840991447082,0.005,Low-Low,Low-Low
0901300011332,Xochimilco,Not significant,0.12652109262747252,0.343,Not significant,Not significant
0901300011347,Xochimilco,Not significant,0.00011102943555955275,0.993,Not significant,Not significant
0901300011366,Xochimilco,Not significant,0.2471879140737777,0.133,Low-Low,Not significant
0901300011370,Xochimilco,Not significant,-0.058107027877523504,0.061,Not significant,Not significant
0901300011385,Xochimilco,Not significant,0.002496829826784395,0.761,Not significant,Not significant
090130001139A,Xochimilco,Not significant,0.09882379872601506,0.335,Not significant,Not significant
0901300011402,Xochimilco,Not significant,0.5714235776162074,0.089,Not significant,Not significant
0901300011417,Xochimilco,Not significant,0.6819325048888362,0.325,Not significant,Not significant
0901300011421,Xochimilco,Not significant,0.1528042153474404,0.801,Not significant,Not significant
0901300011436,Xochimilco,Low-Low,1.9039578498466114,0.009,Low-Low,Low-Low
0901300011440,Xochimilco,Low-Low,2.5756962095431626,0.037,Low-Low,Low-Low
0901300011455,Xochimilco,Not significant,-0.092428546693969,0.881,Not significant,Not significant
090130001146A,Xochimilco,Not significant,0.864185873499966,0.199,Low-Low,Not significant
0901300011474,Xochimilco,Not significant,0.4754385535131288,0.477,Not significant,Not significant
0901300011489,Xochimilco,Not significant,0.09396915033644601,0.639,Low-Low,Not significant
0901300011493,Xochimilco,Low-Low,2.8026021701233246,0.007,Not significant,Low-Low
0901300011506,Xochimilco,Not significant,0.08002423585889556,0.373,Low-Low,Not significant
0901300011525,Xochimilco,Not significant,0.02160094343582926,0.411,Low-Low,Not significant
0901300011559,Xochimilco,Low-Low,2.7208240335129625,0.021,Not significant,Low-Low
0901400010011,Benito Juárez,High-High,2.2165192372758913,0.003,Not significant,High-High
0901400010026,Benito Juárez,High-High,3.3049087349966166,0.003,Not significant,High-High
0901400010030,Benito Juárez,High-High,1.2477577917224094,0.011,High-High,High-High
0901400010045,Benito Juárez,High-High,1.6456231817940847,0.011,High-High,High-High
090140001005A,Benito Juárez,High-High,0.627858691486355,0.017,High-High,High-High
0901400010064,Benito Juárez,High-High,1.5689812066704159,0.013,Not significant,High-High
0901400010079,Benito Juárez,High-High,1.5579733493544525,0.003,Not significant,High-High
0901400010083,Benito Juárez,High-High,0.4881132152566911,0.043,Not significant,High-High
0901400010098,Benito Juárez,High-High,0.5278229637686308,0.015,Not significant,High-High
0901400010100,Benito Juárez,Not significant,0.30513276972318193,0.109,Not significant,Not significant
0901400010115,Benito Juárez,Not significant,0.5741847554444469,0.075,Not significant,Not significant
090140001012A,Benito Juárez,Not significant,0.34302331582180834,0.095,Not significant,Not significant
0901400010134,Benito Juárez,Not significant,0.5556181748577868,0.069,High-High,Not significant
0901400010149,Benito Juárez,Not significant,0.5959340289670649,0.145,Not significant,Not significant
0901400010153,Benito Juárez,Not significant,0.09849735823268635,0.167,High-High,Not significant
0901400010168,Benito Juárez,Not significant,0.6007056356817926,0.229,Not significant,Not significant
0901400010172,Benito Juárez,Not significant,0.24422131040581443,0.255,Not significant,Not significant
0901400010187,Benito Juárez,Not significant,0.5431803744046102,0.283,Not significant,Not significant
0901400010191,Benito Juárez,High-High,0.09723734361437171,0.019,Low-High,Low-High
0901400010204,Benito Juárez,Not significant,0.5857456494374708,0.065,Not significant,Not significant
0901400010219,Benito Juárez,High-High,2.747169988456661,0.013,High-High,High-High
0901400010223,Benito Juárez,High-High,4.885985697561262,0.003,High-High,High-High
0901400010238,Benito Juárez,High-High,0.701923159111132,0.003,Not significant,High-High
0901400010242,Benito Juárez,Not significant,0.4849978187221038,0.145,Not significant,Not significant
0901400010257,Benito Juárez,High-High,0.41432430073366616,0.035,Not significant,High-High
0901400010261,Benito Juárez,High-High,0.4809070686042495,0.043,Not significant,High-High
0901400010276,Benito Juárez,Not significant,0.5564153779641868,0.111,Not significant,Not significant
0901400010280,Benito Juárez,Not significant,0.3850612013744666,0.131,Not significant,Not significant
0901400010295,Benito Juárez,Not significant,0.3274143510460744,0.241,Not significant,Not significant
0901400010308,Benito Juárez,Not significant,0.3365108976968029,0.077,Not significant,Not significant
0901400010312,Benito Juárez,Not significant,0.17933086450492133,0.359,Not significant,Not significant
0901400010327,Benito Juárez,Not significant,0.2403959563568857,0.581,Not significant,Not significant
0901400010331,Benito Juárez,Not significant,0.1835251345326851,0.335,Not significant,Not significant
0901400010346,Benito Juárez,Not significant,0.24702380185597383,0.301,Not significant,Not significant
0901400010350,Benito Juárez,Not significant,0.26932492313960354,0.197,Not significant,Not significant
0901400010365,Benito Juárez,Not significant,0.3400305890299071,0.127,Not significant,Not significant
090140001037A,Benito Juárez,Not significant,0.5067475961424033,0.055,Not significant,Not significant
0901400010384,Benito Juárez,High-High,1.7881906441135518,0.013,Not significant,High-High
0901400010399,Benito Juárez,High-High,3.4651528558063824,0.005,Not significant,High-High
0901400010401,Benito Juárez,High-High,0.516235157304231,0.017,Not significant,High-High
0901400010416,Benito Juárez,Not significant,0.46745750876270764,0.069,Not significant,Not significant
0901400010420,Benito Juárez,Not significant,0.45630856318043417,0.081,Not significant,Not significant
0901400010435,Benito Juárez,Not significant,0.2003203055964192,0.065,Not significant,Not significant
090140001044A,Benito Juárez,Not significant,0.2785349873586105,0.191,Not significant,Not significant
0901400010454,Benito Juárez,Not significant,0.33945124347000916,0.205,Not significant,Not significant
0901400010469,Benito Juárez,Not significant,0.2526531680421186,0.083,Not significant,Not significant
0901400010473,Benito Juárez,Not significant,0.6355539361144673,0.105,Not significant,Not significant
0901400010488,Benito Juárez,Not significant,-0.3064762404903747,0.057,Not significant,Not significant
0901400010492,Benito Juárez,Not significant,0.374260426708702,0.123,Not significant,Not significant
0901400010505,Benito Juárez,Not significant,0.7556250394668365,0.185,Not significant,Not significant
090140001051A,Benito Juárez,Not significant,0.07527826852053873,0.285,Not significant,Not significant
0901400010524,Benito Juárez,Not significant,0.5303371487751037,0.185,Not significant,Not significant
0901400010539,Benito Juárez,Not significant,0.27399821610087377,0.263,Not significant,Not significant
0901400010543,Benito Juárez,Not significant,-0.3405605172931931,0.069,Not significant,Not significant
0901400010558,Benito Juárez,Not significant,1.1456519695365248,0.059,Not significant,Not significant
0901400010562,Benito Juárez,High-High,0.7895888771557176,0.015,Not significant,High-High
0901400010577,Benito Juárez,High-High,1.796910206496998,0.003,Not significant,High-High
0901400010581,Benito Juárez,High-High,5.336338556404405,0.003,Not significant,Low-High
0901400010596,Benito Juárez,High-High,1.041845912226204,0.003,Not significant,High-High
0901400010609,Benito Juárez,High-High,0.9002986724918295,0.015,Not significant,High-High
0901400010613,Benito Juárez,High-High,1.120202253075335,0.049,Not significant,High-High
0901400010628,Benito Juárez,High-High,0.50377932120765,0.043,Not significant,High-High
0901400010632,Benito Juárez,Not significant,0.18818115970046456,0.213,Not significant,Not significant
0901400010647,Benito Juárez,Not significant,0.04995098036580634,0.099,High-High,Not significant
0901400010651,Benito Juárez,Not significant,0.40158143859547335,0.165,Not significant,Not significant
0901400010666,Benito Juárez,Not significant,0.028109275404312937,0.265,Not significant,Not significant
0901400010670,Benito Juárez,Not significant,0.1142122733927441,0.439,Not significant,Not significant
0901400010685,Benito Juárez,Not significant,0.21587043278852297,0.267,Not significant,Not significant
090140001069A,Benito Juárez,High-High,2.1622156009424236,0.045,Not significant,High-High
0901400010702,Benito Juárez,High-High,0.9530178628760331,0.003,Not significant,High-High
0901400010717,Benito Juárez,High-High,4.244485330072309,0.003,Not significant,High-High
0901400010721,Benito Juárez,High-High,0.23571074987984889,0.015,Not significant,High-High
0901400010736,Benito Juárez,High-High,0.8534225376550988,0.021,Not significant,High-High
0901400010740,Benito Juárez,Not significant,0.549148977931553,0.135,Not significant,Not significant
0901400010755,Benito Juárez,High-High,0.7883010923583837,0.035,Not significant,High-High
090140001076A,Benito Juárez,High-High,1.3069185597819852,0.047,Not significant,High-High
0901400010774,Benito Juárez,Not significant,0.3337734202004143,0.095,Not significant,Not significant
0901400010789,Benito Juárez,Not significant,0.2554699153937371,0.299,Not significant,Not significant
0901400010793,Benito Juárez,High-High,2.8882560051888313,0.003,High-High,High-High
0901400010806,Benito Juárez,High-High,1.0415982312490917,0.027,Not significant,High-High
0901400010810,Benito Juárez,Not significant,0.30447216483736167,0.063,Not significant,Not significant
090140001083A,Benito Juárez,High-High,1.0100841183671563,0.027,Not significant,High-High
0901400010844,Benito Juárez,Not significant,0.8018465921714095,0.055,Not significant,Not significant
0901400010859,Benito Juárez,Not significant,0.31748393483446863,0.075,Not significant,Not significant
0901400010863,Benito Juárez,Not significant,0.054123592999493576,0.131,Not significant,Not significant
0901400010878,Benito Juárez,Not significant,0.10925313824634146,0.329,Not significant,Not significant
0901400010882,Benito Juárez,High-High,1.0522318408320437,0.003,Not significant,High-High
0901400010897,Benito Juárez,High-High,1.4732818235062606,0.011,Not significant,High-High
090140001090A,Benito Juárez,Not significant,0.913862942426241,0.065,Not significant,Not significant
0901400010914,Benito Juárez,High-High,2.8182785618595023,0.003,Not significant,High-High
0901400010929,Benito Juárez,High-High,0.3161931190048539,0.003,Not significant,High-High
0901400010933,Benito Juárez,High-High,0.8070136896118474,0.003,Not significant,Low-High
0901400010948,Benito Juárez,Low-High,-0.01141767027626348,0.009,Not significant,High-High
0901400010952,Benito Juárez,High-High,1.950841453531225,0.013,Not significant,High-High
0901400010967,Benito Juárez,High-High,6.047431376054537,0.003,Not significant,High-High
0901400010971,Benito Juárez,High-High,1.7497794273798817,0.003,Not significant,Low-High
0901400010986,Benito Juárez,Not significant,0.1594553108264504,0.071,Not significant,Not significant
0901400010990,Benito Juárez,Not significant,0.4215848338741703,0.129,Not significant,Not significant
0901400011005,Benito Juárez,Not significant,0.3196454214877176,0.183,Not significant,Not significant
090140001101A,Benito Juárez,High-High,0.5813878426290844,0.041,Not significant,Low-High
0901400011024,Benito Juárez,Not significant,0.41966648764387227,0.295,Not significant,Not significant
0901500010019,Cuauhtémoc,Not significant,0.11073858836424816,0.485,Not significant,Not significant
0901500010023,Cuauhtémoc,Not significant,-0.02255457189208148,0.433,High-High,Not significant
0901500010038,Cuauhtémoc,Not significant,0.10978229960563661,0.443,High-High,Not significant
0901500010042,Cuauhtémoc,Not significant,0.07509477278356043,0.829,Not significant,Not significant
0901500010061,Cuauhtémoc,Not significant,0.7692761342882053,0.233,Not significant,Not significant
0901500010076,Cuauhtémoc,Not significant,0.34666742327793515,0.207,Not significant,Not significant
0901500010080,Cuauhtémoc,High-High,1.0522929815772066,0.005,Not significant,High-High
0901500010095,Cuauhtémoc,Not significant,0.29166195974224457,0.253,Not significant,Not significant
0901500010108,Cuauhtémoc,Not significant,-0.16050891205518494,0.221,High-High,Not significant
0901500010112,Cuauhtémoc,Not significant,0.15105060254123237,0.307,High-High,Not significant
0901500010127,Cuauhtémoc,Not significant,0.1143365009734658,0.429,Not significant,Not significant
0901500010131,Cuauhtémoc,High-High,1.0603181838651503,0.013,Not significant,High-High
0901500010146,Cuauhtémoc,Not significant,0.40141695991615667,0.227,High-High,Not significant
0901500010150,Cuauhtémoc,Not significant,0.6769058928604692,0.101,High-High,Not significant
0901500010165,Cuauhtémoc,Not significant,0.40767722421969815,0.051,High-High,Not significant
090150001017A,Cuauhtémoc,Not significant,0.039587577371623,0.483,Not significant,Not significant
0901500010184,Cuauhtémoc,Low-High,-0.2004105146442997,0.019,Not significant,Low-High
0901500010201,Cuauhtémoc,Not significant,-0.35801611976625675,0.327,Not significant,Not significant
0901500010216,Cuauhtémoc,Not significant,0.05045388142993201,0.107,Not significant,Not significant
0901500010220,Cuauhtémoc,Not significant,0.13165004594853047,0.615,Not significant,Not significant
0901500010235,Cuauhtémoc,Not significant,-0.05618455025189015,0.861,Not significant,Not significant
090150001024A,Cuauhtémoc,Not significant,0.6098943663227622,0.117,Not significant,Not significant
0901500010269,Cuauhtémoc,High-High,1.897523956865907,0.021,Not significant,High-High
0901500010273,Cuauhtémoc,Not significant,1.9666184857181233,0.093,Not significant,Not significant
0901500010292,Cuauhtémoc,Not significant,0.2013374883247304,0.529,Not significant,Not significant
0901500010305,Cuauhtémoc,Not significant,-0.08263897999493801,0.515,High-Low,Not significant
090150001031A,Cuauhtémoc,Not significant,-0.4859121596571197,0.155,Not significant,Not significant
0901500010324,Cuauhtémoc,Not significant,0.9425290359800628,0.227,Not significant,Not significant
0901500010339,Cuauhtémoc,High-High,1.278686511979322,0.025,Not significant,High-High
0901500010343,Cuauhtémoc,Not significant,0.6139864738487852,0.063,High-High,Not significant
0901500010358,Cuauhtémoc,Not significant,0.14427547116530992,0.225,High-High,Not significant
0901500010362,Cuauhtémoc,Not significant,-1.8409292656130907,0.087,Not significant,Not significant
0901500010377,Cuauhtémoc,Not significant,0.46359514303451427,0.073,Not significant,Not significant
0901500010381,Cuauhtémoc,High-High,0.7758257245029907,0.009,Not significant,High-High
0901500010409,Cuauhtémoc,Not significant,0.8561616490643226,0.349,Not significant,Not significant
0901500010428,Cuauhtémoc,Not significant,0.18758657313044966,0.137,Not significant,Not significant
0901500010447,Cuauhtémoc,Not significant,-0.23762753594775302,0.733,High-Low,Not significant
0901500010451,Cuauhtémoc,Not significant,0.3493914002562983,0.599,Not significant,Not significant
0901500010466,Cuauhtémoc,Not significant,0.03723394304129441,0.315,Not significant,Not significant
0901500010470,Cuauhtémoc,High-High,0.011445167163570844,0.021,Not significant,High-High
0901500010485,Cuauhtémoc,High-High,0.7035195302812005,0.015,Not significant,High-High
090150001049A,Cuauhtémoc,Not significant,2.215608540941705,0.085,Not significant,Not significant
0901500010502,Cuauhtémoc,High-High,0.8048437983692059,0.011,High-High,High-High
0901500010517,Cuauhtémoc,High-High,0.375555552079472,0.007,High-High,High-High
0901500010521,Cuauhtémoc,High-High,0.2195493424204162,0.023,Not significant,High-High
0901500010536,Cuauhtémoc,High-High,1.8741222544521021,0.005,High-High,High-High
0901500010540,Cuauhtémoc,High-High,1.696515613192577,0.011,High-High,High-High
0901500010555,Cuauhtémoc,Not significant,0.27722923432224744,0.185,Not significant,Not significant
090150001056A,Cuauhtémoc,Not significant,0.502607927738213,0.389,Not significant,Not significant
0901500010574,Cuauhtémoc,High-High,0.27774119773395256,0.009,High-High,High-High
0901500010589,Cuauhtémoc,High-High,0.7365891595243329,0.017,High-High,High-High
0901500010593,Cuauhtémoc,Not significant,0.39448959204058254,0.079,High-High,Not significant
0901500010606,Cuauhtémoc,High-High,1.8394835657590434,0.003,Not significant,High-High
0901500010610,Cuauhtémoc,High-High,1.2159709409422461,0.003,High-High,High-High
0901500010625,Cuauhtémoc,Not significant,2.154124091033342,0.127,Not significant,Not significant
090150001063A,Cuauhtémoc,High-High,4.010051573455738,0.003,High-High,High-High
0901500010644,Cuauhtémoc,High-High,2.651245792680974,0.003,High-High,High-High
0901500010659,Cuauhtémoc,High-High,2.5854161766760524,0.007,High-High,High-High
0901500010663,Cuauhtémoc,High-High,2.5778320231143796,0.003,High-High,High-High
0901500010678,Cuauhtémoc,High-High,0.31379864371947236,0.045,High-High,High-High
0901500010682,Cuauhtémoc,Not significant,0.5812943986215795,0.065,Not significant,Not significant
0901500010697,Cuauhtémoc,High-High,2.4016831045550733,0.003,High-High,High-High
090150001070A,Cuauhtémoc,High-High,6.496976820656763,0.003,Not significant,High-High
0901500010714,Cuauhtémoc,High-High,4.548225734696736,0.003,Not significant,High-High
0901500010748,Cuauhtémoc,High-High,8.032913413259427,0.003,High-High,High-High
0901500010752,Cuauhtémoc,High-High,6.103471997120165,0.003,High-High,High-High
0901500010771,Cuauhtémoc,High-High,7.96950782174366,0.005,High-High,High-High
0901500010786,Cuauhtémoc,High-High,2.4348147078700118,0.003,High-High,High-High
0901500010790,Cuauhtémoc,High-High,3.0244320142201007,0.003,High-High,High-High
0901500010803,Cuauhtémoc,High-High,17.287814269209825,0.003,High-High,High-High
0901500010822,Cuauhtémoc,High-High,3.36499922827453,0.003,High-High,High-High
0901500010837,Cuauhtémoc,High-High,10.78477642567041,0.003,High-High,High-High
0901500010841,Cuauhtémoc,High-High,8.443175454496334,0.003,High-High,High-High
0901500010856,Cuauhtémoc,High-High,5.140085768422014,0.003,High-High,High-High
0901500010860,Cuauhtémoc,High-High,9.35868439299973,0.003,High-High,High-High
0901500010875,Cuauhtémoc,High-High,5.144597687802194,0.003,High-High,High-High
090150001088A,Cuauhtémoc,High-High,5.342679689544547,0.003,High-High,High-High
0901500010894,Cuauhtémoc,High-High,3.688996592478512,0.003,High-High,High-High
0901500010907,Cuauhtémoc,High-High,4.085299103854318,0.003,High-High,High-High
0901500010911,Cuauhtémoc,High-High,1.4236487580190302,0.003,High-High,High-High
0901500010926,Cuauhtémoc,High-High,4.753996467196536,0.003,High-High,High-High
0901500010930,Cuauhtémoc,High-High,12.476126283874263,0.003,High-High,High-High
0901500010945,Cuauhtémoc,High-High,18.24400586378304,0.003,High-High,High-High
090150001095A,Cuauhtémoc,High-High,17.699970264056624,0.003,High-High,High-High
0901500010964,Cuauhtémoc,High-High,3.4959231244518234,0.003,High-High,High-High
0901500010979,Cuauhtémoc,High-High,2.6632272302356856,0.003,High-High,High-High
0901500010983,Cuauhtémoc,High-High,7.723072453210499,0.003,High-High,High-High
0901500010998,Cuauhtémoc,High-High,7.761598086011841,0.003,High-High,High-High
0901500011002,Cuauhtémoc,High-High,7.850814783197361,0.003,High-High,High-High
0901500011017,Cuauhtémoc,High-High,4.077571411891266,0.003,High-High,High-High
0901500011036,Cuauhtémoc,High-High,3.8604941511298634,0.003,High-High,High-High
0901500011040,Cuauhtémoc,High-High,2.1185371515959956,0.003,High-High,High-High
0901500011055,Cuauhtémoc,High-High,2.36378125723193,0.005,High-High,High-High
090150001106A,Cuauhtémoc,High-High,1.196139191063608,0.007,High-High,High-High
0901500011074,Cuauhtémoc,Not significant,0.11770792035687154,0.063,High-High,Not significant
0901500011089,Cuauhtémoc,High-High,3.776408196182998,0.003,High-High,High-High
0901500011093,Cuauhtémoc,High-High,9.441632780820447,0.003,High-High,High-High
0901500011106,Cuauhtémoc,High-High,5.133513934818743,0.003,High-High,High-High
0901500011110,Cuauhtémoc,High-High,3.336047400515582,0.003,Not significant,High-High
0901500011125,Cuauhtémoc,High-High,1.3047346216619247,0.003,High-High,High-High
090150001113A,Cuauhtémoc,High-High,1.579373980983614,0.003,High-High,High-High
0901500011144,Cuauhtémoc,High-High,0.4416802899657048,0.009,High-High,High-High
0901500011159,Cuauhtémoc,High-High,0.7350112509564297,0.005,High-High,High-High
0901500011163,Cuauhtémoc,High-High,1.2478211377283541,0.025,High-High,High-High
0901500011178,Cuauhtémoc,High-High,1.948176037933466,0.003,Not significant,High-High
0901500011182,Cuauhtémoc,High-High,3.3198918485305637,0.003,High-High,High-High
0901500011197,Cuauhtémoc,High-High,6.995147525853084,0.003,High-High,High-High
090150001120A,Cuauhtémoc,High-High,6.338363771506172,0.003,High-High,High-High
0901500011214,Cuauhtémoc,High-High,3.976565328827282,0.003,High-High,High-High
0901500011229,Cuauhtémoc,High-High,4.426394831783055,0.003,Low-High,Low-High
0901500011233,Cuauhtémoc,High-High,0.4247303880042202,0.019,High-High,High-High
0901500011248,Cuauhtémoc,Not significant,0.15055653883020037,0.189,High-High,Not significant
0901500011252,Cuauhtémoc,Not significant,0.21369712321507411,0.111,High-High,Not significant
0901500011267,Cuauhtémoc,High-High,0.6137825444099697,0.043,High-High,High-High
0901500011271,Cuauhtémoc,High-High,2.1118201750674492,0.021,High-High,High-High
0901500011286,Cuauhtémoc,Not significant,1.4466249251704046,0.071,Not significant,Not significant
0901500011290,Cuauhtémoc,High-High,0.004203392730862266,0.039,Not significant,High-High
0901500011303,Cuauhtémoc,High-High,2.125038958530269,0.003,Not significant,High-High
0901500011318,Cuauhtémoc,High-High,3.3523013417922862,0.005,Not significant,High-High
0901500011322,Cuauhtémoc,High-High,3.6907923940846383,0.003,High-High,High-High
0901500011337,Cuauhtémoc,High-High,4.164618808439246,0.003,Not significant,High-High
0901500011341,Cuauhtémoc,High-High,3.6945654134575387,0.003,High-High,High-High
0901500011356,Cuauhtémoc,High-High,3.195084329612582,0.003,High-High,High-High
0901500011360,Cuauhtémoc,High-High,2.297483876484376,0.013,High-High,High-High
0901500011375,Cuauhtémoc,High-High,1.784847205741096,0.005,High-High,High-High
090150001138A,Cuauhtémoc,High-High,5.51531404319229,0.003,Not significant,Low-High
0901500011394,Cuauhtémoc,High-High,0.5928945025040958,0.047,High-High,High-High
0901500011407,Cuauhtémoc,High-High,1.1626008103288217,0.033,High-High,High-High
0901500011411,Cuauhtémoc,High-High,3.2722032718593907,0.003,High-High,High-High
0901500011426,Cuauhtémoc,High-High,2.3269805098657415,0.005,High-High,High-High
0901500011430,Cuauhtémoc,High-High,2.680539239286366,0.009,High-High,High-High
0901500011445,Cuauhtémoc,High-High,2.6567467847690946,0.003,High-High,High-High
090150001145A,Cuauhtémoc,High-High,1.3671767700503437,0.003,High-High,High-High
0901500011464,Cuauhtémoc,High-High,0.9128754345893497,0.003,High-High,High-High
0901500011479,Cuauhtémoc,High-High,3.1958761702926504,0.003,Not significant,High-High
0901500011483,Cuauhtémoc,Low-High,-0.12597378517330435,0.005,Not significant,High-High
0901500011498,Cuauhtémoc,High-High,0.7467754781862364,0.017,High-High,High-High
0901500011500,Cuauhtémoc,High-High,1.74980950519138,0.011,High-High,High-High
0901500011515,Cuauhtémoc,Not significant,0.44150071283493386,0.071,Not significant,Not significant
090150001152A,Cuauhtémoc,Not significant,0.11106997774233847,0.299,Not significant,Not significant
0901500011534,Cuauhtémoc,High-High,6.3759591142253065,0.003,High-High,High-High
0901500011549,Cuauhtémoc,High-High,2.061221084015064,0.007,Not significant,High-High
0901600010020,Miguel Hidalgo,Not significant,0.09511531779275612,0.435,Not significant,Not significant
090160001004A,Miguel Hidalgo,Not significant,0.3691419275801379,0.227,Not significant,Not significant
0901600010054,Miguel Hidalgo,Not significant,0.48396465513426185,0.333,Not significant,Not significant
0901600010069,Miguel Hidalgo,Not significant,-0.37971659501417077,0.103,Not significant,Not significant
0901600010073,Miguel Hidalgo,Not significant,0.013494150309264668,0.951,Not significant,Not significant
0901600010092,Miguel Hidalgo,Not significant,-0.0035541031226735713,0.989,Not significant,Not significant
0901600010105,Miguel Hidalgo,Not significant,0.039063198444516174,0.561,Not significant,Not significant
090160001011A,Miguel Hidalgo,Not significant,0.00701256518360443,0.891,Not significant,Not significant
0901600010124,Miguel Hidalgo,Not significant,0.07305167290202483,0.633,Not significant,Not significant
0901600010139,Miguel Hidalgo,Not significant,0.14304525103813034,0.099,Not significant,Not significant
0901600010143,Miguel Hidalgo,Not significant,0.03697998822569846,0.371,Not significant,Not significant
0901600010158,Miguel Hidalgo,Not significant,0.6905489119966665,0.281,Not significant,Not significant
0901600010162,Miguel Hidalgo,Not significant,0.3032218075612952,0.081,High-High,Not significant
0901600010177,Miguel Hidalgo,Not significant,0.2490440853027266,0.327,Not significant,Not significant
0901600010181,Miguel Hidalgo,Not significant,-0.03603814747962871,0.151,Not significant,Not significant
0901600010209,Miguel Hidalgo,Not significant,-0.22289292060287585,0.759,Not significant,Not significant
0901600010213,Miguel Hidalgo,Not significant,0.19060484191302385,0.385,Not significant,Not significant
0901600010247,Miguel Hidalgo,Not significant,0.004627569040610344,0.815,Not significant,Not significant
0901600010251,Miguel Hidalgo,Not significant,-0.02644092087751765,0.445,Not significant,Not significant
0901600010270,Miguel Hidalgo,Not significant,0.027115856746098326,0.659,Not significant,Not significant
0901600010285,Miguel Hidalgo,Not significant,0.07909676727461681,0.223,Not significant,Not significant
090160001029A,Miguel Hidalgo,Not significant,0.029990373880547556,0.315,Not significant,Not significant
0901600010317,Miguel Hidalgo,Not significant,0.20571419427885243,0.829,Not significant,Not significant
0901600010321,Miguel Hidalgo,Not significant,0.01374226769871465,0.513,Not significant,Not significant
0901600010336,Miguel Hidalgo,Not significant,0.016092029438931166,0.905,Not significant,Not significant
0901600010340,Miguel Hidalgo,Not significant,0.0293821402092349,0.959,Not significant,Not significant
090160001036A,Miguel Hidalgo,Not significant,-0.03230944710304548,0.463,Not significant,Not significant
0901600010374,Miguel Hidalgo,Not significant,0.3067751982377678,0.243,Not significant,Not significant
0901600010389,Miguel Hidalgo,Not significant,0.21120262999728376,0.235,Not significant,Not significant
0901600010393,Miguel Hidalgo,Not significant,-0.012369113903916222,0.749,Not significant,Not significant
0901600010410,Miguel Hidalgo,Not significant,0.026830660105574982,0.953,Not significant,Not significant
0901600010425,Miguel Hidalgo,Not significant,0.04434004690684857,0.217,Not significant,Not significant
090160001043A,Miguel Hidalgo,Not significant,-0.7228606420245185,0.073,Not significant,Not significant
0901600010444,Miguel Hidalgo,High-High,0.5530997679332089,0.009,Not significant,High-High
0901600010459,Miguel Hidalgo,Not significant,0.48490471513591704,0.099,Not significant,Not significant
0901600010463,Miguel Hidalgo,Not significant,0.0025474154317511838,0.921,Not significant,Not significant
0901600010478,Miguel Hidalgo,Not significant,0.1514429771434362,0.511,Not significant,Not significant
0901600010482,Miguel Hidalgo,Not significant,0.31732238312073174,0.063,Not significant,Not significant
0901600010497,Miguel Hidalgo,Not significant,0.15452988568280304,0.065,High-High,Not significant
090160001050A,Miguel Hidalgo,Not significant,0.4531978898423694,0.063,Not significant,Not significant
0901600010548,Miguel Hidalgo,Not significant,0.5014110534477808,0.101,Not significant,Not significant
0901600010552,Miguel Hidalgo,Not significant,2.2679514302589587,0.069,Not significant,Not significant
0901600010571,Miguel Hidalgo,High-High,1.0700454939541095,0.005,Not significant,High-High
0901600010590,Miguel Hidalgo,Not significant,1.3057667500387053,0.221,Not significant,Not significant
0901600010603,Miguel Hidalgo,High-High,1.9567070894678191,0.003,High-High,High-High
0901600010618,Miguel Hidalgo,Not significant,-0.00439730955118455,0.815,Not significant,Not significant
0901600010622,Miguel Hidalgo,Not significant,0.4649148641988555,0.171,Not significant,Not significant
0901600010637,Miguel Hidalgo,High-High,1.845430264383638,0.005,High-High,High-High
0901600010641,Miguel Hidalgo,High-High,1.919091881672226,0.009,Not significant,High-High
0901600010656,Miguel Hidalgo,High-High,1.7482558155601666,0.003,Not significant,High-High
0901600010660,Miguel Hidalgo,High-High,1.8723724059623081,0.003,Not significant,High-High
0901600010675,Miguel Hidalgo,High-High,3.1614884548952986,0.007,Not significant,High-High
090160001068A,Miguel Hidalgo,High-High,4.921063448170799,0.003,High-High,High-High
0901600010694,Miguel Hidalgo,High-High,3.3968644887801736,0.011,Not significant,High-High
0901600010707,Miguel Hidalgo,High-High,1.669759255264608,0.005,Not significant,High-High
0901600010711,Miguel Hidalgo,High-High,4.258266594453621,0.003,High-High,High-High
0901600010730,Miguel Hidalgo,Not significant,0.3321486900249646,0.055,Not significant,Not significant
0901600010745,Miguel Hidalgo,Low-High,-0.5191764304584813,0.003,Not significant,High-High
090160001075A,Miguel Hidalgo,High-High,3.5429344512696925,0.037,Not significant,High-High
0901600010779,Miguel Hidalgo,High-High,3.65800168338462,0.009,Not significant,High-High
0901600010783,Miguel Hidalgo,High-High,1.1434273776179933,0.003,Low-High,Low-High
0901600010800,Miguel Hidalgo,Not significant,3.1559998569607273,0.051,Not significant,Not significant
0901600010815,Miguel Hidalgo,Not significant,-0.2028176337646582,0.551,Not significant,Not significant
090160001082A,Miguel Hidalgo,Low-Low,0.05795648896653046,0.003,Not significant,High-Low
0901600010834,Miguel Hidalgo,Not significant,2.019346457918974,0.063,Not significant,Not significant
0901600010849,Miguel Hidalgo,High-High,3.5825091749404265,0.013,Not significant,High-High
0901600010853,Miguel Hidalgo,Not significant,-1.1174483391515573,0.297,Low-Low,Not significant
0901600010868,Miguel Hidalgo,Not significant,0.3141049406399516,0.323,Not significant,Not significant
0901600010872,Miguel Hidalgo,High-High,1.3036644867280796,0.003,Not significant,Low-High
0901600010891,Miguel Hidalgo,Not significant,2.1415054982365427,0.053,Not significant,Not significant
0901600010904,Miguel Hidalgo,Not significant,-0.021870818844786224,0.887,Low-Low,Not significant
0901600010919,Miguel Hidalgo,Not significant,0.0829374726070116,0.871,Low-Low,Not significant
0901600010923,Miguel Hidalgo,Not significant,0.07369289154006313,0.159,Low-Low,Not significant
0901600010942,Miguel Hidalgo,Not significant,0.4972728559235225,0.065,Low-Low,Not significant
0901600010961,Miguel Hidalgo,High-High,1.2097599429657826,0.023,Not significant,Low-High
0901600010980,Miguel Hidalgo,Not significant,-0.3923318678754571,0.127,Not significant,Not significant
0901600010995,Miguel Hidalgo,High-High,1.9639794763993972,0.033,Not significant,High-High
0901600011029,Miguel Hidalgo,High-High,2.414052145015308,0.015,Not significant,High-High
0901600011033,Miguel Hidalgo,Not significant,-0.059838920003009326,0.689,Low-Low,Not significant
0901600011048,Miguel Hidalgo,Not significant,-0.00762212448862534,0.989,Low-Low,Not significant
0901600011052,Miguel Hidalgo,Not significant,0.2788923434211576,0.333,Low-Low,Not significant
0901600011067,Miguel Hidalgo,Not significant,0.2495797038507361,0.213,Low-Low,Not significant
0901600011090,Miguel Hidalgo,Not significant,0.19373710141651937,0.413,Not significant,Not significant
0901600011103,Miguel Hidalgo,Not significant,0.13059493039529887,0.411,Not significant,Not significant
0901600011118,Miguel Hidalgo,Not significant,0.1410186157974622,0.355,Not significant,Not significant
0901600011122,Miguel Hidalgo,Not significant,0.37603174252377664,0.439,Not significant,Not significant
0901600011137,Miguel Hidalgo,Not significant,0.24985948614465817,0.211,Not significant,Not significant
0901600011141,Miguel Hidalgo,Not significant,0.38368935566117335,0.121,Not significant,Not significant
0901600011156,Miguel Hidalgo,High-High,0.8217687215419901,0.025,Not significant,High-High
0901600011160,Miguel Hidalgo,High-High,1.1001526494804716,0.009,Not significant,High-High
0901600011175,Miguel Hidalgo,High-High,2.586589432107891,0.019,High-High,High-High
090160001118A,Miguel Hidalgo,High-High,0.5915542071953375,0.013,High-High,High-High
0901600011194,Miguel Hidalgo,Not significant,2.0998807383913767,0.097,Not significant,Not significant
0901600011207,Miguel Hidalgo,High-High,0.050861000400530904,0.031,High-High,High-High
0901600011211,Miguel Hidalgo,High-High,0.1907450538999664,0.039,High-High,High-High
0901600011226,Miguel Hidalgo,High-High,0.5660042616321836,0.003,High-High,High-High
0901600011230,Miguel Hidalgo,Not significant,0.009199498883430593,0.975,Low-Low,Not significant
090160001125A,Miguel Hidalgo,Not significant,0.14864998523427078,0.393,Low-Low,Not significant
0901600011264,Miguel Hidalgo,Not significant,-0.548590274679315,0.067,Low-Low,Not significant
0901600011279,Miguel Hidalgo,Not significant,-0.16854886646066103,0.727,Low-Low,Not significant
0901600011283,Miguel Hidalgo,Not significant,-0.19357774102840536,0.529,Low-Low,Not significant
0901600011298,Miguel Hidalgo,Not significant,0.4443901145906873,0.333,Low-Low,Not significant
0901600011300,Miguel Hidalgo,Not significant,0.05309598254947773,0.721,Low-Low,Not significant
0901600011315,Miguel Hidalgo,Not significant,-0.18084407957238224,0.543,Not significant,Not significant
090160001132A,Miguel Hidalgo,Not significant,0.05855325486791677,0.833,Not significant,Not significant
0901600011334,Miguel Hidalgo,Not significant,0.03137743815215469,0.739,Not significant,Not significant
0901600011349,Miguel Hidalgo,Not significant,0.14432479836529086,0.687,Not significant,Not significant
0901600011353,Miguel Hidalgo,Low-Low,3.443534883471809,0.007,Not significant,Low-Low
0901600011368,Miguel Hidalgo,Not significant,0.6984757504247415,0.303,Not significant,Not significant
0901700010013,Venustiano Carranza,Not significant,-0.035918798593800906,0.711,Not significant,Not significant
0901700010028,Venustiano Carranza,Not significant,0.004936475952030918,0.981,Not significant,Not significant
0901700010032,Venustiano Carranza,Not significant,-0.009492423647634616,0.413,High-High,Not significant
0901700010047,Venustiano Carranza,Not significant,-0.042789258360903026,0.885,Not significant,Not significant
0901700010051,Venustiano Carranza,Not significant,0.011436790204069493,0.883,Not significant,Not significant
0901700010066,Venustiano Carranza,Not significant,-0.030175060116050374,0.407,Not significant,Not significant
0901700010070,Venustiano Carranza,Not significant,0.020312705943306995,0.929,Not significant,Not significant
0901700010085,Venustiano Carranza,Not significant,-0.02976054174724848,0.827,Not significant,Not significant
090170001009A,Venustiano Carranza,Not significant,0.0855947039578678,0.483,Not significant,Not significant
0901700010102,Venustiano Carranza,Not significant,0.04123637118519983,0.679,Not significant,Not significant
0901700010117,Venustiano Carranza,Not significant,0.00015747876133255672,0.423,Not significant,Not significant
0901700010121,Venustiano Carranza,High-High,0.2717854557204296,0.047,Not significant,High-High
0901700010155,Venustiano Carranza,Not significant,0.1810607159275765,0.341,High-High,Not significant
090170001016A,Venustiano Carranza,Not significant,0.06945204662568032,0.435,Not significant,Not significant
0901700010174,Venustiano Carranza,Not significant,0.1809537891971075,0.383,Not significant,Not significant
0901700010189,Venustiano Carranza,Not significant,0.057801704870765254,0.231,Low-High,Not significant
0901700010193,Venustiano Carranza,Not significant,-0.0050141551433164335,0.947,Not significant,Not significant
0901700010206,Venustiano Carranza,Not significant,-0.006039257452706806,0.929,Not significant,Not significant
0901700010210,Venustiano Carranza,Not significant,0.06304364959485081,0.321,High-High,Not significant
0901700010225,Venustiano Carranza,Not significant,0.027477266651176502,0.319,Not significant,Not significant
090170001023A,Venustiano Carranza,Not significant,0.32764068375212485,0.335,Not significant,Not significant
0901700010244,Venustiano Carranza,Not significant,0.13015134478907786,0.425,Low-High,Not significant
0901700010259,Venustiano Carranza,Not significant,0.1928133834767126,0.565,Not significant,Not significant
0901700010263,Venustiano Carranza,Not significant,0.04150476772530006,0.705,Not significant,Not significant
0901700010278,Venustiano Carranza,Not significant,-0.013357804991842108,0.825,Not significant,Not significant
0901700010282,Venustiano Carranza,Not significant,0.006532740652233253,0.981,Not significant,Not significant
0901700010297,Venustiano Carranza,Not significant,0.002853078996651173,0.885,Not significant,Not significant
090170001030A,Venustiano Carranza,Not significant,0.06498062510525868,0.521,Not significant,Not significant
0901700010314,Venustiano Carranza,Not significant,0.10558730344204162,0.331,Not significant,Not significant
0901700010329,Venustiano Carranza,Not significant,0.18195655614193926,0.395,Not significant,Not significant
0901700010333,Venustiano Carranza,Not significant,0.1822146160328938,0.081,Not significant,Not significant
0901700010348,Venustiano Carranza,Not significant,0.9639463283773745,0.071,Not significant,Not significant
0901700010352,Venustiano Carranza,Not significant,1.8275543496383206,0.115,Not significant,Not significant
0901700010367,Venustiano Carranza,Not significant,0.19508869773766727,0.255,High-High,Not significant
0901700010371,Venustiano Carranza,Not significant,0.02624337466259854,0.543,Not significant,Not significant
0901700010386,Venustiano Carranza,Not significant,-0.12406725066763202,0.433,Not significant,Not significant
0901700010390,Venustiano Carranza,Not significant,0.07423951150974387,0.675,Not significant,Not significant
0901700010403,Venustiano Carranza,Not significant,-0.02230522516042906,0.947,Not significant,Not significant
0901700010418,Venustiano Carranza,Not significant,0.01837038169433845,0.805,Not significant,Not significant
0901700010422,Venustiano Carranza,Not significant,-0.02988559769699814,0.429,Not significant,Not significant
0901700010437,Venustiano Carranza,Not significant,0.1682409538509263,0.377,Not significant,Not significant
0901700010441,Venustiano Carranza,Not significant,0.17811382084204846,0.509,Not significant,Not significant
0901700010456,Venustiano Carranza,Not significant,0.025264456259194327,0.327,Not significant,Not significant
0901700010460,Venustiano Carranza,Not significant,0.3439576584776939,0.087,Not significant,Not significant
0901700010475,Venustiano Carranza,Not significant,1.3703187340114629,0.103,Not significant,Not significant
090170001048A,Venustiano Carranza,Not significant,0.2528034957255427,0.061,High-High,Not significant
0901700010494,Venustiano Carranza,Not significant,0.016477800669127424,0.525,Not significant,Not significant
0901700010507,Venustiano Carranza,Not significant,0.007444861829489217,0.749,Not significant,Not significant
0901700010526,Venustiano Carranza,Not significant,-0.08528123997624296,0.215,Not significant,Not significant
0901700010530,Venustiano Carranza,Not significant,0.17221040030997284,0.617,Not significant,Not significant
0901700010545,Venustiano Carranza,Not significant,0.08582195656048151,0.439,Not significant,Not significant
090170001055A,Venustiano Carranza,Not significant,0.03946941534511991,0.225,Not significant,Not significant
0901700010564,Venustiano Carranza,Not significant,0.19976341504984801,0.231,Not significant,Not significant
0901700010579,Venustiano Carranza,Not significant,1.5147800287465172,0.097,High-High,Not significant
0901700010583,Venustiano Carranza,Not significant,0.3194670021378547,0.137,High-High,Not significant
0901700010600,Venustiano Carranza,Not significant,-0.7189653163072298,0.105,Not significant,Not significant
0901700010615,Venustiano Carranza,Not significant,0.6257550653409873,0.109,Not significant,Not significant
090170001062A,Venustiano Carranza,Not significant,0.1093203210570947,0.265,Not significant,Not significant
0901700010634,Venustiano Carranza,Not significant,0.26677303366274674,0.111,Not significant,Not significant
0901700010649,Venustiano Carranza,Not significant,0.07285236570341111,0.337,Not significant,Not significant
0901700010653,Venustiano Carranza,Not significant,0.12211041520303663,0.369,Not significant,Not significant
0901700010668,Venustiano Carranza,Not significant,0.25651909427898456,0.625,Not significant,Not significant
0901700010672,Venustiano Carranza,Not significant,0.1271509749136488,0.361,Not significant,Not significant
0901700010691,Venustiano Carranza,Not significant,0.6494648470007114,0.133,High-High,Not significant
0901700010719,Venustiano Carranza,High-High,1.2607354901646537,0.033,Not significant,High-High
0901700010723,Venustiano Carranza,Not significant,1.0129618275080017,0.263,Not significant,Not significant
0901700010738,Venustiano Carranza,Not significant,0.49813622492233367,0.265,Not significant,Not significant
0901700010742,Venustiano Carranza,Not significant,0.05161661924686567,0.259,Not significant,Not significant
0901700010757,Venustiano Carranza,Not significant,0.18083507189406953,0.775,Not significant,Not significant
0901700010761,Venustiano Carranza,Not significant,0.6299442206205217,0.063,Not significant,Not significant
0901700010776,Venustiano Carranza,Not significant,0.22030182411652383,0.267,Not significant,Not significant
0901700010780,Venustiano Carranza,Not significant,0.12015361065469028,0.183,Not significant,Not significant
0901700010808,Venustiano Carranza,Not significant,0.08532490988325828,0.767,Not significant,Not significant
0901700010812,Venustiano Carranza,Not significant,0.043033046220616655,0.273,Not significant,Not significant
0901700010827,Venustiano Carranza,High-Low,-0.06325222334462206,0.003,Not significant,Low-Low
0901700010831,Venustiano Carranza,Not significant,0.040267672147281657,0.919,Not significant,Not significant
0901700010846,Venustiano Carranza,Not significant,0.048708963759075845,0.717,Not significant,Not significant
0901700010865,Venustiano Carranza,Low-Low,0.1214923546452739,0.037,Not significant,High-Low
090170001087A,Venustiano Carranza,Not significant,0.07550568101799254,0.527,Not significant,Not significant
0901700010884,Venustiano Carranza,Not significant,-0.09556163472657897,0.459,High-High,Not significant
0901700010899,Venustiano Carranza,Not significant,1.2084443797730782,0.059,High-High,Not significant
0901700010901,Venustiano Carranza,Not significant,1.0223106781033888,0.093,High-High,Not significant
0901700010916,Venustiano Carranza,Not significant,0.9687599765352187,0.085,Not significant,Not significant
0901700010935,Venustiano Carranza,Not significant,-0.3289807243350611,0.303,Not significant,Not significant
090170001094A,Venustiano Carranza,Not significant,-0.36707004289877776,0.409,Not significant,Not significant
0901700010954,Venustiano Carranza,Not significant,0.3918214188498526,0.361,Not significant,Not significant
0901700010973,Venustiano Carranza,Not significant,0.33961556334945225,0.303,Not significant,Not significant
0901700010988,Venustiano Carranza,Not significant,-0.18137836923312475,0.305,Not significant,Not significant
0901700010992,Venustiano Carranza,Not significant,0.2768893088266557,0.259,Not significant,Not significant
0901700011007,Venustiano Carranza,Not significant,0.6658632077405517,0.129,Not significant,Not significant
0901700011011,Venustiano Carranza,Not significant,0.04190473457246876,0.657,Not significant,Not significant
0901700011026,Venustiano Carranza,Not significant,0.07755377452581977,0.665,Not significant,Not significant
0901700011030,Venustiano Carranza,Not significant,0.5552236473671978,0.411,Not significant,Not significant
0901700011045,Venustiano Carranza,Not significant,0.12970412453415048,0.603,Not significant,Not significant
090170001105A,Venustiano Carranza,High-High,0.2525400014392581,0.049,Not significant,High-High
0901700011064,Venustiano Carranza,Not significant,0.8690377773082577,0.091,Not significant,Not significant
0901700011079,Venustiano Carranza,Not significant,0.21277896893181691,0.223,Not significant,Not significant
0901700011083,Venustiano Carranza,Not significant,-0.15275972858652412,0.159,Not significant,Not significant
0901700011098,Venustiano Carranza,Not significant,0.10158536196845544,0.805,Not significant,Not significant
0901700011100,Venustiano Carranza,Not significant,-0.00022246427798664525,0.987,Not significant,Not significant
0901700011115,Venustiano Carranza,Not significant,0.6616151490143076,0.375,Not significant,Not significant
0901700011134,Venustiano Carranza,High-High,0.30803393561302034,0.039,Not significant,High-High
0901700011149,Venustiano Carranza,Not significant,0.4204293419069957,0.073,Not significant,Not significant
0901700011153,Venustiano Carranza,Not significant,0.7723740593366534,0.113,Not significant,Not significant
0901700011168,Venustiano Carranza,Not significant,0.5898620272831528,0.139,Not significant,Not significant
0901700011172,Venustiano Carranza,Not significant,0.3006196328463831,0.273,Not significant,Not significant
0901700011187,Venustiano Carranza,Not significant,0.2844690218063846,0.173,Not significant,Not significant
0901700011191,Venustiano Carranza,Not significant,0.38475199987854203,0.171,Not significant,Not significant
0901700011204,Venustiano Carranza,Not significant,0.029744654010453748,0.463,Not significant,Not significant
0901700011219,Venustiano Carranza,Not significant,0.4208589694440487,0.417,Not significant,Not significant
0901700011223,Venustiano Carranza,Not significant,0.2401237309354975,0.245,Not significant,Not significant
0901700011238,Venustiano Carranza,Not significant,0.1109643247628482,0.407,Not significant,Not significant
0901700011242,Venustiano Carranza,Not significant,0.3204511833273878,0.461,Not significant,Not significant
0901700011257,Venustiano Carranza,Not significant,-0.05624724519435755,0.197,Not significant,Not significant
0901700011261,Venustiano Carranza,Not significant,0.19836622237692825,0.293,Not significant,Not significant
0901700011276,Venustiano Carranza,Not significant,0.4479961344142922,0.393,Not significant,Not significant
0901700011280,Venustiano Carranza,Not significant,0.46505729303369037,0.257,Not significant,Not significant
0901700011295,Venustiano Carranza,Not significant,0.6616109434369786,0.079,Not significant,Not significant
0901700011308,Venustiano Carranza,Not significant,0.3845170518501859,0.141,Not significant,Not significant
0901700011312,Venustiano Carranza,Not significant,-0.3907463690231811,0.257,Not significant,Not significant
0901700011327,Venustiano Carranza,Not significant,0.4181345371186957,0.349,High-High,Not significant
0901700011331,Venustiano Carranza,Not significant,0.2691613035445958,0.079,Not significant,Not significant
0901700011346,Venustiano Carranza,Not significant,0.16131517341389257,0.371,Not significant,Not significant
0901700011350,Venustiano Carranza,Not significant,-0.06239282024127518,0.561,Not significant,Not significant
0901700011365,Venustiano Carranza,Not significant,-0.04599444707469539,0.937,Not significant,Not significant
090170001137A,Venustiano Carranza,Not significant,-0.1487618507194017,0.141,Not significant,Not significant
0901700011384,Venustiano Carranza,Not significant,0.15028834079039283,0.529,Not significant,Not significant
0901700011399,Venustiano Carranza,Not significant,0.22034655132528932,0.311,Not significant,Not significant
0901700011401,Venustiano Carranza,Not significant,0.43590268642900315,0.185,High-High,Not significant
0901700011416,Venustiano Carranza,Not significant,0.3605889595070683,0.077,Not significant,Not significant
0901700011420,Venustiano Carranza,Not significant,0.40168564931830514,0.547,Not significant,Not significant
090170001144A,Venustiano Carranza,Not significant,-0.2559666509366408,0.069,Not significant,Not significant
0901700011454,Venustiano Carranza,Not significant,-0.08629367909433695,0.267,Not significant,Not significant
0901700011469,Venustiano Carranza,Low-Low,2.469422366944973,0.005,Not significant,High-Low
0901700011473,Venustiano Carranza,Low-Low,3.6012138603603128,0.003,Not significant,Low-Low
0901700011488,Venustiano Carranza,Low-Low,2.085752061882605,0.003,Not significant,Low-Low
0901700011492,Venustiano Carranza,Low-Low,1.102980352160871,0.023,Not significant,High-Low
0901700011505,Venustiano Carranza,Low-Low,3.7445134282996975,0.009,Not significant,Low-Low
090170001151A,Venustiano Carranza,Low-Low,1.7873611520950428,0.037,Not significant,Low-Low
0901700011524,Venustiano Carranza,High-Low,-0.5951811487250667,0.003,Not significant,High-Low
